"name,size"
"data/africa_full_predictor_data/africa_full_predictor_data_2005-01-01.parquet",278517046
"data/africa_full_predictor_data/africa_full_predictor_data_2005-01-02.parquet",277900381
"data/africa_full_predictor_data/africa_full_predictor_data_2005-01-03.parquet",277914784
"data/africa_full_predictor_data/africa_full_predictor_data_2005-01-04.parquet",277944912
"data/africa_full_predictor_data/africa_full_predictor_data_2005-01-05.parquet",278287441
"data/africa_full_predictor_data/africa_full_predictor_data_2005-01-06.parquet",278442238
"data/africa_full_predictor_data/africa_full_predictor_data_2005-01-07.parquet",278227279
"data/africa_full_predictor_data/africa_full_predictor_data_2005-01-08.parquet",278774277
"data/africa_full_predictor_data/africa_full_predictor_data_2005-01-09.parquet",277971874
"data/africa_full_predictor_data/africa_full_predictor_data_2005-01-10.parquet",278211321
"data/africa_full_predictor_data/africa_full_predictor_data_2005-01-11.parquet",278234026
"data/africa_full_predictor_data/africa_full_predictor_data_2005-01-12.parquet",277951648
"data/africa_full_predictor_data/africa_full_predictor_data_2005-01-13.parquet",277542814
"data/africa_full_predictor_data/africa_full_predictor_data_2005-01-14.parquet",278113830
"data/africa_full_predictor_data/africa_full_predictor_data_2005-01-15.parquet",277780173
"data/africa_full_predictor_data/africa_full_predictor_data_2005-01-16.parquet",278174495
"data/africa_full_predictor_data/africa_full_predictor_data_2005-01-17.parquet",278721675
"data/africa_full_predictor_data/africa_full_predictor_data_2005-01-18.parquet",279138182
"data/africa_full_predictor_data/africa_full_predictor_data_2005-01-19.parquet",279131327
"data/africa_full_predictor_data/africa_full_predictor_data_2005-01-20.parquet",278909515
"data/africa_full_predictor_data/africa_full_predictor_data_2005-01-21.parquet",279000430
"data/africa_full_predictor_data/africa_full_predictor_data_2005-01-22.parquet",278761283
"data/africa_full_predictor_data/africa_full_predictor_data_2005-01-23.parquet",278236485
"data/africa_full_predictor_data/africa_full_predictor_data_2005-01-24.parquet",278309872
"data/africa_full_predictor_data/africa_full_predictor_data_2005-01-25.parquet",278558162
"data/africa_full_predictor_data/africa_full_predictor_data_2005-01-26.parquet",278886944
"data/africa_full_predictor_data/africa_full_predictor_data_2005-01-27.parquet",279187571
"data/africa_full_predictor_data/africa_full_predictor_data_2005-01-28.parquet",279170845
"data/africa_full_predictor_data/africa_full_predictor_data_2005-01-29.parquet",279100728
"data/africa_full_predictor_data/africa_full_predictor_data_2005-01-30.parquet",278881746
"data/africa_full_predictor_data/africa_full_predictor_data_2005-01-31.parquet",278745889
"data/africa_full_predictor_data/africa_full_predictor_data_2005-02-01.parquet",278779363
"data/africa_full_predictor_data/africa_full_predictor_data_2005-02-02.parquet",278894862
"data/africa_full_predictor_data/africa_full_predictor_data_2005-02-03.parquet",279025246
"data/africa_full_predictor_data/africa_full_predictor_data_2005-02-04.parquet",278241366
"data/africa_full_predictor_data/africa_full_predictor_data_2005-02-05.parquet",278573441
"data/africa_full_predictor_data/africa_full_predictor_data_2005-02-06.parquet",279016041
"data/africa_full_predictor_data/africa_full_predictor_data_2005-02-07.parquet",279139918
"data/africa_full_predictor_data/africa_full_predictor_data_2005-02-08.parquet",279050260
"data/africa_full_predictor_data/africa_full_predictor_data_2005-02-09.parquet",278893737
"data/africa_full_predictor_data/africa_full_predictor_data_2005-02-10.parquet",278859444
"data/africa_full_predictor_data/africa_full_predictor_data_2005-02-11.parquet",278840030
"data/africa_full_predictor_data/africa_full_predictor_data_2005-02-12.parquet",279102090
"data/africa_full_predictor_data/africa_full_predictor_data_2005-02-13.parquet",279412000
"data/africa_full_predictor_data/africa_full_predictor_data_2005-02-14.parquet",278957353
"data/africa_full_predictor_data/africa_full_predictor_data_2005-02-15.parquet",279426384
"data/africa_full_predictor_data/africa_full_predictor_data_2005-02-16.parquet",279726903
"data/africa_full_predictor_data/africa_full_predictor_data_2005-02-17.parquet",279429369
"data/africa_full_predictor_data/africa_full_predictor_data_2005-02-18.parquet",279155529
"data/africa_full_predictor_data/africa_full_predictor_data_2005-02-19.parquet",279965096
"data/africa_full_predictor_data/africa_full_predictor_data_2005-02-20.parquet",279058229
"data/africa_full_predictor_data/africa_full_predictor_data_2005-02-21.parquet",279419017
"data/africa_full_predictor_data/africa_full_predictor_data_2005-02-22.parquet",279304441
"data/africa_full_predictor_data/africa_full_predictor_data_2005-02-23.parquet",279297166
"data/africa_full_predictor_data/africa_full_predictor_data_2005-02-24.parquet",279665774
"data/africa_full_predictor_data/africa_full_predictor_data_2005-02-25.parquet",279445355
"data/africa_full_predictor_data/africa_full_predictor_data_2005-02-26.parquet",278986122
"data/africa_full_predictor_data/africa_full_predictor_data_2005-02-27.parquet",278600434
"data/africa_full_predictor_data/africa_full_predictor_data_2005-02-28.parquet",279183672
"data/africa_full_predictor_data/africa_full_predictor_data_2005-03-01.parquet",280156978
"data/africa_full_predictor_data/africa_full_predictor_data_2005-03-02.parquet",279438863
"data/africa_full_predictor_data/africa_full_predictor_data_2005-03-03.parquet",279184317
"data/africa_full_predictor_data/africa_full_predictor_data_2005-03-04.parquet",279032721
"data/africa_full_predictor_data/africa_full_predictor_data_2005-03-05.parquet",279419784
"data/africa_full_predictor_data/africa_full_predictor_data_2005-03-06.parquet",279391896
"data/africa_full_predictor_data/africa_full_predictor_data_2005-03-07.parquet",279315910
"data/africa_full_predictor_data/africa_full_predictor_data_2005-03-08.parquet",279434486
"data/africa_full_predictor_data/africa_full_predictor_data_2005-03-09.parquet",279570210
"data/africa_full_predictor_data/africa_full_predictor_data_2005-03-10.parquet",279773497
"data/africa_full_predictor_data/africa_full_predictor_data_2005-03-11.parquet",279882930
"data/africa_full_predictor_data/africa_full_predictor_data_2005-03-12.parquet",279756274
"data/africa_full_predictor_data/africa_full_predictor_data_2005-03-13.parquet",279451401
"data/africa_full_predictor_data/africa_full_predictor_data_2005-03-14.parquet",279624708
"data/africa_full_predictor_data/africa_full_predictor_data_2005-03-15.parquet",279694136
"data/africa_full_predictor_data/africa_full_predictor_data_2005-03-16.parquet",279723853
"data/africa_full_predictor_data/africa_full_predictor_data_2005-03-17.parquet",279350571
"data/africa_full_predictor_data/africa_full_predictor_data_2005-03-18.parquet",279536942
"data/africa_full_predictor_data/africa_full_predictor_data_2005-03-19.parquet",279858775
"data/africa_full_predictor_data/africa_full_predictor_data_2005-03-20.parquet",279927458
"data/africa_full_predictor_data/africa_full_predictor_data_2005-03-21.parquet",279817016
"data/africa_full_predictor_data/africa_full_predictor_data_2005-03-22.parquet",279886316
"data/africa_full_predictor_data/africa_full_predictor_data_2005-03-23.parquet",279688717
"data/africa_full_predictor_data/africa_full_predictor_data_2005-03-24.parquet",279907872
"data/africa_full_predictor_data/africa_full_predictor_data_2005-03-25.parquet",279918300
"data/africa_full_predictor_data/africa_full_predictor_data_2005-03-26.parquet",279860641
"data/africa_full_predictor_data/africa_full_predictor_data_2005-03-27.parquet",279445017
"data/africa_full_predictor_data/africa_full_predictor_data_2005-03-28.parquet",279773593
"data/africa_full_predictor_data/africa_full_predictor_data_2005-03-29.parquet",280205702
"data/africa_full_predictor_data/africa_full_predictor_data_2005-03-30.parquet",280140397
"data/africa_full_predictor_data/africa_full_predictor_data_2005-03-31.parquet",279921740
"data/africa_full_predictor_data/africa_full_predictor_data_2005-04-01.parquet",279577818
"data/africa_full_predictor_data/africa_full_predictor_data_2005-04-02.parquet",279123691
"data/africa_full_predictor_data/africa_full_predictor_data_2005-04-03.parquet",279447841
"data/africa_full_predictor_data/africa_full_predictor_data_2005-04-04.parquet",279664517
"data/africa_full_predictor_data/africa_full_predictor_data_2005-04-05.parquet",280040151
"data/africa_full_predictor_data/africa_full_predictor_data_2005-04-06.parquet",280130914
"data/africa_full_predictor_data/africa_full_predictor_data_2005-04-07.parquet",280462479
"data/africa_full_predictor_data/africa_full_predictor_data_2005-04-08.parquet",280048203
"data/africa_full_predictor_data/africa_full_predictor_data_2005-04-09.parquet",280232135
"data/africa_full_predictor_data/africa_full_predictor_data_2005-04-10.parquet",280585272
"data/africa_full_predictor_data/africa_full_predictor_data_2005-04-11.parquet",280185098
"data/africa_full_predictor_data/africa_full_predictor_data_2005-04-12.parquet",280440579
"data/africa_full_predictor_data/africa_full_predictor_data_2005-04-13.parquet",280479205
"data/africa_full_predictor_data/africa_full_predictor_data_2005-04-14.parquet",280239282
"data/africa_full_predictor_data/africa_full_predictor_data_2005-04-15.parquet",280399067
"data/africa_full_predictor_data/africa_full_predictor_data_2005-04-16.parquet",280124113
"data/africa_full_predictor_data/africa_full_predictor_data_2005-04-17.parquet",280638563
"data/africa_full_predictor_data/africa_full_predictor_data_2005-04-18.parquet",280392557
"data/africa_full_predictor_data/africa_full_predictor_data_2005-04-19.parquet",280405012
"data/africa_full_predictor_data/africa_full_predictor_data_2005-04-20.parquet",280196265
"data/africa_full_predictor_data/africa_full_predictor_data_2005-04-21.parquet",280541457
"data/africa_full_predictor_data/africa_full_predictor_data_2005-04-22.parquet",280502964
"data/africa_full_predictor_data/africa_full_predictor_data_2005-04-23.parquet",280896794
"data/africa_full_predictor_data/africa_full_predictor_data_2005-04-24.parquet",280671560
"data/africa_full_predictor_data/africa_full_predictor_data_2005-04-25.parquet",280918290
"data/africa_full_predictor_data/africa_full_predictor_data_2005-04-26.parquet",281104733
"data/africa_full_predictor_data/africa_full_predictor_data_2005-04-27.parquet",280747150
"data/africa_full_predictor_data/africa_full_predictor_data_2005-04-28.parquet",280773031
"data/africa_full_predictor_data/africa_full_predictor_data_2005-04-29.parquet",280812313
"data/africa_full_predictor_data/africa_full_predictor_data_2005-04-30.parquet",280481146
"data/africa_full_predictor_data/africa_full_predictor_data_2005-05-01.parquet",280886676
"data/africa_full_predictor_data/africa_full_predictor_data_2005-05-02.parquet",280518588
"data/africa_full_predictor_data/africa_full_predictor_data_2005-05-03.parquet",280771898
"data/africa_full_predictor_data/africa_full_predictor_data_2005-05-04.parquet",281138259
"data/africa_full_predictor_data/africa_full_predictor_data_2005-05-05.parquet",280504518
"data/africa_full_predictor_data/africa_full_predictor_data_2005-05-06.parquet",280859584
"data/africa_full_predictor_data/africa_full_predictor_data_2005-05-07.parquet",280955367
"data/africa_full_predictor_data/africa_full_predictor_data_2005-05-08.parquet",280816449
"data/africa_full_predictor_data/africa_full_predictor_data_2005-05-09.parquet",280719137
"data/africa_full_predictor_data/africa_full_predictor_data_2005-05-10.parquet",280499300
"data/africa_full_predictor_data/africa_full_predictor_data_2005-05-11.parquet",279543879
"data/africa_full_predictor_data/africa_full_predictor_data_2005-05-12.parquet",280157385
"data/africa_full_predictor_data/africa_full_predictor_data_2005-05-13.parquet",280190599
"data/africa_full_predictor_data/africa_full_predictor_data_2005-05-14.parquet",280355020
"data/africa_full_predictor_data/africa_full_predictor_data_2005-05-15.parquet",280152734
"data/africa_full_predictor_data/africa_full_predictor_data_2005-05-16.parquet",280201448
"data/africa_full_predictor_data/africa_full_predictor_data_2005-05-17.parquet",280038872
"data/africa_full_predictor_data/africa_full_predictor_data_2005-05-18.parquet",280096592
"data/africa_full_predictor_data/africa_full_predictor_data_2005-05-19.parquet",280013044
"data/africa_full_predictor_data/africa_full_predictor_data_2005-05-20.parquet",280419714
"data/africa_full_predictor_data/africa_full_predictor_data_2005-05-21.parquet",279946246
"data/africa_full_predictor_data/africa_full_predictor_data_2005-05-22.parquet",279991742
"data/africa_full_predictor_data/africa_full_predictor_data_2005-05-23.parquet",279574860
"data/africa_full_predictor_data/africa_full_predictor_data_2005-05-24.parquet",279907714
"data/africa_full_predictor_data/africa_full_predictor_data_2005-05-25.parquet",280074968
"data/africa_full_predictor_data/africa_full_predictor_data_2005-05-26.parquet",279908393
"data/africa_full_predictor_data/africa_full_predictor_data_2005-05-27.parquet",280369633
"data/africa_full_predictor_data/africa_full_predictor_data_2005-05-28.parquet",280530688
"data/africa_full_predictor_data/africa_full_predictor_data_2005-05-29.parquet",280426081
"data/africa_full_predictor_data/africa_full_predictor_data_2005-05-30.parquet",280072370
"data/africa_full_predictor_data/africa_full_predictor_data_2005-05-31.parquet",279493006
"data/africa_full_predictor_data/africa_full_predictor_data_2005-06-01.parquet",279376431
"data/africa_full_predictor_data/africa_full_predictor_data_2005-06-02.parquet",279082276
"data/africa_full_predictor_data/africa_full_predictor_data_2005-06-03.parquet",279314807
"data/africa_full_predictor_data/africa_full_predictor_data_2005-06-04.parquet",279028938
"data/africa_full_predictor_data/africa_full_predictor_data_2005-06-05.parquet",279195006
"data/africa_full_predictor_data/africa_full_predictor_data_2005-06-06.parquet",279353806
"data/africa_full_predictor_data/africa_full_predictor_data_2005-06-07.parquet",279381697
"data/africa_full_predictor_data/africa_full_predictor_data_2005-06-08.parquet",279289274
"data/africa_full_predictor_data/africa_full_predictor_data_2005-06-09.parquet",279222931
"data/africa_full_predictor_data/africa_full_predictor_data_2005-06-10.parquet",279150847
"data/africa_full_predictor_data/africa_full_predictor_data_2005-06-11.parquet",278582975
"data/africa_full_predictor_data/africa_full_predictor_data_2005-06-12.parquet",278592694
"data/africa_full_predictor_data/africa_full_predictor_data_2005-06-13.parquet",278557792
"data/africa_full_predictor_data/africa_full_predictor_data_2005-06-14.parquet",278623587
"data/africa_full_predictor_data/africa_full_predictor_data_2005-06-15.parquet",278008214
"data/africa_full_predictor_data/africa_full_predictor_data_2005-06-16.parquet",277844487
"data/africa_full_predictor_data/africa_full_predictor_data_2005-06-17.parquet",278383487
"data/africa_full_predictor_data/africa_full_predictor_data_2005-06-18.parquet",278541397
"data/africa_full_predictor_data/africa_full_predictor_data_2005-06-19.parquet",278182378
"data/africa_full_predictor_data/africa_full_predictor_data_2005-06-20.parquet",278264920
"data/africa_full_predictor_data/africa_full_predictor_data_2005-06-21.parquet",278618765
"data/africa_full_predictor_data/africa_full_predictor_data_2005-06-22.parquet",278409309
"data/africa_full_predictor_data/africa_full_predictor_data_2005-06-23.parquet",278287806
"data/africa_full_predictor_data/africa_full_predictor_data_2005-06-24.parquet",278758760
"data/africa_full_predictor_data/africa_full_predictor_data_2005-06-25.parquet",278103658
"data/africa_full_predictor_data/africa_full_predictor_data_2005-06-26.parquet",278330435
"data/africa_full_predictor_data/africa_full_predictor_data_2005-06-27.parquet",278141963
"data/africa_full_predictor_data/africa_full_predictor_data_2005-06-28.parquet",278088182
"data/africa_full_predictor_data/africa_full_predictor_data_2005-06-29.parquet",277927558
"data/africa_full_predictor_data/africa_full_predictor_data_2005-06-30.parquet",278424019
"data/africa_full_predictor_data/africa_full_predictor_data_2005-07-01.parquet",277522778
"data/africa_full_predictor_data/africa_full_predictor_data_2005-07-02.parquet",276768292
"data/africa_full_predictor_data/africa_full_predictor_data_2005-07-03.parquet",276747281
"data/africa_full_predictor_data/africa_full_predictor_data_2005-07-04.parquet",276666014
"data/africa_full_predictor_data/africa_full_predictor_data_2005-07-05.parquet",277101960
"data/africa_full_predictor_data/africa_full_predictor_data_2005-07-06.parquet",277176062
"data/africa_full_predictor_data/africa_full_predictor_data_2005-07-07.parquet",277663741
"data/africa_full_predictor_data/africa_full_predictor_data_2005-07-08.parquet",277682842
"data/africa_full_predictor_data/africa_full_predictor_data_2005-07-09.parquet",277355337
"data/africa_full_predictor_data/africa_full_predictor_data_2005-07-10.parquet",277750745
"data/africa_full_predictor_data/africa_full_predictor_data_2005-07-11.parquet",277892628
"data/africa_full_predictor_data/africa_full_predictor_data_2005-07-12.parquet",277101247
"data/africa_full_predictor_data/africa_full_predictor_data_2005-07-13.parquet",277338983
"data/africa_full_predictor_data/africa_full_predictor_data_2005-07-14.parquet",277337170
"data/africa_full_predictor_data/africa_full_predictor_data_2005-07-15.parquet",277270521
"data/africa_full_predictor_data/africa_full_predictor_data_2005-07-16.parquet",277342779
"data/africa_full_predictor_data/africa_full_predictor_data_2005-07-17.parquet",277386212
"data/africa_full_predictor_data/africa_full_predictor_data_2005-07-18.parquet",277545100
"data/africa_full_predictor_data/africa_full_predictor_data_2005-07-19.parquet",277369291
"data/africa_full_predictor_data/africa_full_predictor_data_2005-07-20.parquet",277867136
"data/africa_full_predictor_data/africa_full_predictor_data_2005-07-21.parquet",277648497
"data/africa_full_predictor_data/africa_full_predictor_data_2005-07-22.parquet",277706034
"data/africa_full_predictor_data/africa_full_predictor_data_2005-07-23.parquet",277568163
"data/africa_full_predictor_data/africa_full_predictor_data_2005-07-24.parquet",277662763
"data/africa_full_predictor_data/africa_full_predictor_data_2005-07-25.parquet",278112679
"data/africa_full_predictor_data/africa_full_predictor_data_2005-07-26.parquet",277867577
"data/africa_full_predictor_data/africa_full_predictor_data_2005-07-27.parquet",277684467
"data/africa_full_predictor_data/africa_full_predictor_data_2005-07-28.parquet",277849884
"data/africa_full_predictor_data/africa_full_predictor_data_2005-07-29.parquet",277885029
"data/africa_full_predictor_data/africa_full_predictor_data_2005-07-30.parquet",277652676
"data/africa_full_predictor_data/africa_full_predictor_data_2005-07-31.parquet",277990904
"data/africa_full_predictor_data/africa_full_predictor_data_2005-08-01.parquet",277927779
"data/africa_full_predictor_data/africa_full_predictor_data_2005-08-02.parquet",278124490
"data/africa_full_predictor_data/africa_full_predictor_data_2005-08-03.parquet",278571102
"data/africa_full_predictor_data/africa_full_predictor_data_2005-08-04.parquet",278236765
"data/africa_full_predictor_data/africa_full_predictor_data_2005-08-05.parquet",278425558
"data/africa_full_predictor_data/africa_full_predictor_data_2005-08-06.parquet",278113924
"data/africa_full_predictor_data/africa_full_predictor_data_2005-08-07.parquet",278070730
"data/africa_full_predictor_data/africa_full_predictor_data_2005-08-08.parquet",278610620
"data/africa_full_predictor_data/africa_full_predictor_data_2005-08-09.parquet",278243635
"data/africa_full_predictor_data/africa_full_predictor_data_2005-08-10.parquet",277660365
"data/africa_full_predictor_data/africa_full_predictor_data_2005-08-11.parquet",277616256
"data/africa_full_predictor_data/africa_full_predictor_data_2005-08-12.parquet",277393697
"data/africa_full_predictor_data/africa_full_predictor_data_2005-08-13.parquet",277219064
"data/africa_full_predictor_data/africa_full_predictor_data_2005-08-14.parquet",277382911
"data/africa_full_predictor_data/africa_full_predictor_data_2005-08-15.parquet",277730411
"data/africa_full_predictor_data/africa_full_predictor_data_2005-08-16.parquet",277537628
"data/africa_full_predictor_data/africa_full_predictor_data_2005-08-17.parquet",277583378
"data/africa_full_predictor_data/africa_full_predictor_data_2005-08-18.parquet",277481588
"data/africa_full_predictor_data/africa_full_predictor_data_2005-08-19.parquet",277326903
"data/africa_full_predictor_data/africa_full_predictor_data_2005-08-20.parquet",277405895
"data/africa_full_predictor_data/africa_full_predictor_data_2005-08-21.parquet",277887842
"data/africa_full_predictor_data/africa_full_predictor_data_2005-08-22.parquet",278450519
"data/africa_full_predictor_data/africa_full_predictor_data_2005-08-23.parquet",278103256
"data/africa_full_predictor_data/africa_full_predictor_data_2005-08-24.parquet",278208701
"data/africa_full_predictor_data/africa_full_predictor_data_2005-08-25.parquet",277967396
"data/africa_full_predictor_data/africa_full_predictor_data_2005-08-26.parquet",277770137
"data/africa_full_predictor_data/africa_full_predictor_data_2005-08-27.parquet",278107640
"data/africa_full_predictor_data/africa_full_predictor_data_2005-08-28.parquet",278286962
"data/africa_full_predictor_data/africa_full_predictor_data_2005-08-29.parquet",278360354
"data/africa_full_predictor_data/africa_full_predictor_data_2005-08-30.parquet",278386978
"data/africa_full_predictor_data/africa_full_predictor_data_2005-08-31.parquet",278573169
"data/africa_full_predictor_data/africa_full_predictor_data_2005-09-01.parquet",278475293
"data/africa_full_predictor_data/africa_full_predictor_data_2005-09-02.parquet",278563674
"data/africa_full_predictor_data/africa_full_predictor_data_2005-09-03.parquet",278147299
"data/africa_full_predictor_data/africa_full_predictor_data_2005-09-04.parquet",278707959
"data/africa_full_predictor_data/africa_full_predictor_data_2005-09-05.parquet",278831199
"data/africa_full_predictor_data/africa_full_predictor_data_2005-09-06.parquet",278841440
"data/africa_full_predictor_data/africa_full_predictor_data_2005-09-07.parquet",278493131
"data/africa_full_predictor_data/africa_full_predictor_data_2005-09-08.parquet",278402905
"data/africa_full_predictor_data/africa_full_predictor_data_2005-09-09.parquet",278385537
"data/africa_full_predictor_data/africa_full_predictor_data_2005-09-10.parquet",278256797
"data/africa_full_predictor_data/africa_full_predictor_data_2005-09-11.parquet",278108965
"data/africa_full_predictor_data/africa_full_predictor_data_2005-09-12.parquet",278352464
"data/africa_full_predictor_data/africa_full_predictor_data_2005-09-13.parquet",278318024
"data/africa_full_predictor_data/africa_full_predictor_data_2005-09-14.parquet",278103434
"data/africa_full_predictor_data/africa_full_predictor_data_2005-09-15.parquet",277972918
"data/africa_full_predictor_data/africa_full_predictor_data_2005-09-16.parquet",278049478
"data/africa_full_predictor_data/africa_full_predictor_data_2005-09-17.parquet",278220205
"data/africa_full_predictor_data/africa_full_predictor_data_2005-09-18.parquet",278197138
"data/africa_full_predictor_data/africa_full_predictor_data_2005-09-19.parquet",278645575
"data/africa_full_predictor_data/africa_full_predictor_data_2005-09-20.parquet",278688244
"data/africa_full_predictor_data/africa_full_predictor_data_2005-09-21.parquet",278589737
"data/africa_full_predictor_data/africa_full_predictor_data_2005-09-22.parquet",278652214
"data/africa_full_predictor_data/africa_full_predictor_data_2005-09-23.parquet",278697993
"data/africa_full_predictor_data/africa_full_predictor_data_2005-09-24.parquet",279011310
"data/africa_full_predictor_data/africa_full_predictor_data_2005-09-25.parquet",278837531
"data/africa_full_predictor_data/africa_full_predictor_data_2005-09-26.parquet",278868975
"data/africa_full_predictor_data/africa_full_predictor_data_2005-09-27.parquet",279209773
"data/africa_full_predictor_data/africa_full_predictor_data_2005-09-28.parquet",279279702
"data/africa_full_predictor_data/africa_full_predictor_data_2005-09-29.parquet",279217391
"data/africa_full_predictor_data/africa_full_predictor_data_2005-09-30.parquet",279504649
"data/africa_full_predictor_data/africa_full_predictor_data_2005-10-01.parquet",279561920
"data/africa_full_predictor_data/africa_full_predictor_data_2005-10-02.parquet",279195290
"data/africa_full_predictor_data/africa_full_predictor_data_2005-10-03.parquet",279765132
"data/africa_full_predictor_data/africa_full_predictor_data_2005-10-04.parquet",279710090
"data/africa_full_predictor_data/africa_full_predictor_data_2005-10-05.parquet",279350906
"data/africa_full_predictor_data/africa_full_predictor_data_2005-10-06.parquet",279372664
"data/africa_full_predictor_data/africa_full_predictor_data_2005-10-07.parquet",279424657
"data/africa_full_predictor_data/africa_full_predictor_data_2005-10-08.parquet",279570404
"data/africa_full_predictor_data/africa_full_predictor_data_2005-10-09.parquet",279244814
"data/africa_full_predictor_data/africa_full_predictor_data_2005-10-10.parquet",279604271
"data/africa_full_predictor_data/africa_full_predictor_data_2005-10-11.parquet",279549996
"data/africa_full_predictor_data/africa_full_predictor_data_2005-10-12.parquet",279141083
"data/africa_full_predictor_data/africa_full_predictor_data_2005-10-13.parquet",279780527
"data/africa_full_predictor_data/africa_full_predictor_data_2005-10-14.parquet",279701528
"data/africa_full_predictor_data/africa_full_predictor_data_2005-10-15.parquet",279753204
"data/africa_full_predictor_data/africa_full_predictor_data_2005-10-16.parquet",279914225
"data/africa_full_predictor_data/africa_full_predictor_data_2005-10-17.parquet",279827883
"data/africa_full_predictor_data/africa_full_predictor_data_2005-10-18.parquet",279442188
"data/africa_full_predictor_data/africa_full_predictor_data_2005-10-19.parquet",279575752
"data/africa_full_predictor_data/africa_full_predictor_data_2005-10-20.parquet",279928794
"data/africa_full_predictor_data/africa_full_predictor_data_2005-10-21.parquet",279954470
"data/africa_full_predictor_data/africa_full_predictor_data_2005-10-22.parquet",279926597
"data/africa_full_predictor_data/africa_full_predictor_data_2005-10-23.parquet",279603600
"data/africa_full_predictor_data/africa_full_predictor_data_2005-10-24.parquet",279917295
"data/africa_full_predictor_data/africa_full_predictor_data_2005-10-25.parquet",280057297
"data/africa_full_predictor_data/africa_full_predictor_data_2005-10-26.parquet",279709692
"data/africa_full_predictor_data/africa_full_predictor_data_2005-10-27.parquet",280088535
"data/africa_full_predictor_data/africa_full_predictor_data_2005-10-28.parquet",279816281
"data/africa_full_predictor_data/africa_full_predictor_data_2005-10-29.parquet",279771297
"data/africa_full_predictor_data/africa_full_predictor_data_2005-10-30.parquet",279874980
"data/africa_full_predictor_data/africa_full_predictor_data_2005-10-31.parquet",279549742
"data/africa_full_predictor_data/africa_full_predictor_data_2005-11-01.parquet",279290586
"data/africa_full_predictor_data/africa_full_predictor_data_2005-11-02.parquet",279309914
"data/africa_full_predictor_data/africa_full_predictor_data_2005-11-03.parquet",280044894
"data/africa_full_predictor_data/africa_full_predictor_data_2005-11-04.parquet",279503871
"data/africa_full_predictor_data/africa_full_predictor_data_2005-11-05.parquet",279712094
"data/africa_full_predictor_data/africa_full_predictor_data_2005-11-06.parquet",279684310
"data/africa_full_predictor_data/africa_full_predictor_data_2005-11-07.parquet",279551070
"data/africa_full_predictor_data/africa_full_predictor_data_2005-11-08.parquet",279665637
"data/africa_full_predictor_data/africa_full_predictor_data_2005-11-09.parquet",279562978
"data/africa_full_predictor_data/africa_full_predictor_data_2005-11-10.parquet",279730137
"data/africa_full_predictor_data/africa_full_predictor_data_2005-11-11.parquet",279541099
"data/africa_full_predictor_data/africa_full_predictor_data_2005-11-12.parquet",278609402
"data/africa_full_predictor_data/africa_full_predictor_data_2005-11-13.parquet",278977452
"data/africa_full_predictor_data/africa_full_predictor_data_2005-11-14.parquet",278959202
"data/africa_full_predictor_data/africa_full_predictor_data_2005-11-15.parquet",278981832
"data/africa_full_predictor_data/africa_full_predictor_data_2005-11-16.parquet",278988482
"data/africa_full_predictor_data/africa_full_predictor_data_2005-11-17.parquet",278940466
"data/africa_full_predictor_data/africa_full_predictor_data_2005-11-18.parquet",279056766
"data/africa_full_predictor_data/africa_full_predictor_data_2005-11-19.parquet",279233430
"data/africa_full_predictor_data/africa_full_predictor_data_2005-11-20.parquet",279544950
"data/africa_full_predictor_data/africa_full_predictor_data_2005-11-21.parquet",279037457
"data/africa_full_predictor_data/africa_full_predictor_data_2005-11-22.parquet",278944203
"data/africa_full_predictor_data/africa_full_predictor_data_2005-11-23.parquet",278783070
"data/africa_full_predictor_data/africa_full_predictor_data_2005-11-24.parquet",278784518
"data/africa_full_predictor_data/africa_full_predictor_data_2005-11-25.parquet",278913677
"data/africa_full_predictor_data/africa_full_predictor_data_2005-11-26.parquet",278927006
"data/africa_full_predictor_data/africa_full_predictor_data_2005-11-27.parquet",278644826
"data/africa_full_predictor_data/africa_full_predictor_data_2005-11-28.parquet",278560136
"data/africa_full_predictor_data/africa_full_predictor_data_2005-11-29.parquet",278918759
"data/africa_full_predictor_data/africa_full_predictor_data_2005-11-30.parquet",279127519
"data/africa_full_predictor_data/africa_full_predictor_data_2005-12-01.parquet",278976125
"data/africa_full_predictor_data/africa_full_predictor_data_2005-12-02.parquet",279090515
"data/africa_full_predictor_data/africa_full_predictor_data_2005-12-03.parquet",278927672
"data/africa_full_predictor_data/africa_full_predictor_data_2005-12-04.parquet",278909211
"data/africa_full_predictor_data/africa_full_predictor_data_2005-12-05.parquet",278591650
"data/africa_full_predictor_data/africa_full_predictor_data_2005-12-06.parquet",278578011
"data/africa_full_predictor_data/africa_full_predictor_data_2005-12-07.parquet",278206925
"data/africa_full_predictor_data/africa_full_predictor_data_2005-12-08.parquet",278445473
"data/africa_full_predictor_data/africa_full_predictor_data_2005-12-09.parquet",278439557
"data/africa_full_predictor_data/africa_full_predictor_data_2005-12-10.parquet",278847256
"data/africa_full_predictor_data/africa_full_predictor_data_2005-12-11.parquet",278145464
"data/africa_full_predictor_data/africa_full_predictor_data_2005-12-12.parquet",278450884
"data/africa_full_predictor_data/africa_full_predictor_data_2005-12-13.parquet",278328920
"data/africa_full_predictor_data/africa_full_predictor_data_2005-12-14.parquet",278465043
"data/africa_full_predictor_data/africa_full_predictor_data_2005-12-15.parquet",278743142
"data/africa_full_predictor_data/africa_full_predictor_data_2005-12-16.parquet",278168407
"data/africa_full_predictor_data/africa_full_predictor_data_2005-12-17.parquet",277584005
"data/africa_full_predictor_data/africa_full_predictor_data_2005-12-18.parquet",277504087
"data/africa_full_predictor_data/africa_full_predictor_data_2005-12-19.parquet",277614240
"data/africa_full_predictor_data/africa_full_predictor_data_2005-12-20.parquet",278199163
"data/africa_full_predictor_data/africa_full_predictor_data_2005-12-21.parquet",278140072
"data/africa_full_predictor_data/africa_full_predictor_data_2005-12-22.parquet",277953387
"data/africa_full_predictor_data/africa_full_predictor_data_2005-12-23.parquet",278101256
"data/africa_full_predictor_data/africa_full_predictor_data_2005-12-24.parquet",277879996
"data/africa_full_predictor_data/africa_full_predictor_data_2005-12-25.parquet",278106252
"data/africa_full_predictor_data/africa_full_predictor_data_2005-12-26.parquet",278513011
"data/africa_full_predictor_data/africa_full_predictor_data_2005-12-27.parquet",277934109
"data/africa_full_predictor_data/africa_full_predictor_data_2005-12-28.parquet",278015012
"data/africa_full_predictor_data/africa_full_predictor_data_2005-12-29.parquet",278682240
"data/africa_full_predictor_data/africa_full_predictor_data_2005-12-30.parquet",278086564
"data/africa_full_predictor_data/africa_full_predictor_data_2005-12-31.parquet",278225415
"data/africa_full_predictor_data/africa_full_predictor_data_2006-01-01.parquet",278941219
"data/africa_full_predictor_data/africa_full_predictor_data_2006-01-02.parquet",277767728
"data/africa_full_predictor_data/africa_full_predictor_data_2006-01-03.parquet",277936986
"data/africa_full_predictor_data/africa_full_predictor_data_2006-01-04.parquet",278460843
"data/africa_full_predictor_data/africa_full_predictor_data_2006-01-05.parquet",278593304
"data/africa_full_predictor_data/africa_full_predictor_data_2006-01-06.parquet",278522382
"data/africa_full_predictor_data/africa_full_predictor_data_2006-01-07.parquet",277544286
"data/africa_full_predictor_data/africa_full_predictor_data_2006-01-08.parquet",278481238
"data/africa_full_predictor_data/africa_full_predictor_data_2006-01-09.parquet",278247086
"data/africa_full_predictor_data/africa_full_predictor_data_2006-01-10.parquet",277638172
"data/africa_full_predictor_data/africa_full_predictor_data_2006-01-11.parquet",277681086
"data/africa_full_predictor_data/africa_full_predictor_data_2006-01-12.parquet",277715081
"data/africa_full_predictor_data/africa_full_predictor_data_2006-01-13.parquet",276345125
"data/africa_full_predictor_data/africa_full_predictor_data_2006-01-14.parquet",277214081
"data/africa_full_predictor_data/africa_full_predictor_data_2006-01-15.parquet",278289604
"data/africa_full_predictor_data/africa_full_predictor_data_2006-01-16.parquet",278220645
"data/africa_full_predictor_data/africa_full_predictor_data_2006-01-17.parquet",278861323
"data/africa_full_predictor_data/africa_full_predictor_data_2006-01-18.parquet",279073188
"data/africa_full_predictor_data/africa_full_predictor_data_2006-01-19.parquet",278198295
"data/africa_full_predictor_data/africa_full_predictor_data_2006-01-20.parquet",277276913
"data/africa_full_predictor_data/africa_full_predictor_data_2006-01-21.parquet",279100867
"data/africa_full_predictor_data/africa_full_predictor_data_2006-01-22.parquet",278648037
"data/africa_full_predictor_data/africa_full_predictor_data_2006-01-23.parquet",277698808
"data/africa_full_predictor_data/africa_full_predictor_data_2006-01-24.parquet",278556242
"data/africa_full_predictor_data/africa_full_predictor_data_2006-01-25.parquet",278209241
"data/africa_full_predictor_data/africa_full_predictor_data_2006-01-26.parquet",279066918
"data/africa_full_predictor_data/africa_full_predictor_data_2006-01-27.parquet",279729701
"data/africa_full_predictor_data/africa_full_predictor_data_2006-01-28.parquet",279253536
"data/africa_full_predictor_data/africa_full_predictor_data_2006-01-29.parquet",278326457
"data/africa_full_predictor_data/africa_full_predictor_data_2006-01-30.parquet",277551383
"data/africa_full_predictor_data/africa_full_predictor_data_2006-01-31.parquet",278581098
"data/africa_full_predictor_data/africa_full_predictor_data_2006-02-01.parquet",278821214
"data/africa_full_predictor_data/africa_full_predictor_data_2006-02-02.parquet",279158611
"data/africa_full_predictor_data/africa_full_predictor_data_2006-02-03.parquet",279028146
"data/africa_full_predictor_data/africa_full_predictor_data_2006-02-04.parquet",277887085
"data/africa_full_predictor_data/africa_full_predictor_data_2006-02-05.parquet",279018363
"data/africa_full_predictor_data/africa_full_predictor_data_2006-02-06.parquet",278960684
"data/africa_full_predictor_data/africa_full_predictor_data_2006-02-07.parquet",279771194
"data/africa_full_predictor_data/africa_full_predictor_data_2006-02-08.parquet",278885831
"data/africa_full_predictor_data/africa_full_predictor_data_2006-02-09.parquet",279112846
"data/africa_full_predictor_data/africa_full_predictor_data_2006-02-10.parquet",278985399
"data/africa_full_predictor_data/africa_full_predictor_data_2006-02-11.parquet",279139208
"data/africa_full_predictor_data/africa_full_predictor_data_2006-02-12.parquet",279173629
"data/africa_full_predictor_data/africa_full_predictor_data_2006-02-13.parquet",279147843
"data/africa_full_predictor_data/africa_full_predictor_data_2006-02-14.parquet",279164200
"data/africa_full_predictor_data/africa_full_predictor_data_2006-02-15.parquet",279612082
"data/africa_full_predictor_data/africa_full_predictor_data_2006-02-16.parquet",279169889
"data/africa_full_predictor_data/africa_full_predictor_data_2006-02-17.parquet",279619812
"data/africa_full_predictor_data/africa_full_predictor_data_2006-02-18.parquet",279219434
"data/africa_full_predictor_data/africa_full_predictor_data_2006-02-19.parquet",278712382
"data/africa_full_predictor_data/africa_full_predictor_data_2006-02-20.parquet",279278460
"data/africa_full_predictor_data/africa_full_predictor_data_2006-02-21.parquet",279453528
"data/africa_full_predictor_data/africa_full_predictor_data_2006-02-22.parquet",278924821
"data/africa_full_predictor_data/africa_full_predictor_data_2006-02-23.parquet",279587059
"data/africa_full_predictor_data/africa_full_predictor_data_2006-02-24.parquet",279853979
"data/africa_full_predictor_data/africa_full_predictor_data_2006-02-25.parquet",279556263
"data/africa_full_predictor_data/africa_full_predictor_data_2006-02-26.parquet",278926099
"data/africa_full_predictor_data/africa_full_predictor_data_2006-02-27.parquet",278818599
"data/africa_full_predictor_data/africa_full_predictor_data_2006-02-28.parquet",278919599
"data/africa_full_predictor_data/africa_full_predictor_data_2006-03-01.parquet",279574043
"data/africa_full_predictor_data/africa_full_predictor_data_2006-03-02.parquet",278534982
"data/africa_full_predictor_data/africa_full_predictor_data_2006-03-03.parquet",278965332
"data/africa_full_predictor_data/africa_full_predictor_data_2006-03-04.parquet",279319542
"data/africa_full_predictor_data/africa_full_predictor_data_2006-03-05.parquet",279256301
"data/africa_full_predictor_data/africa_full_predictor_data_2006-03-06.parquet",278893639
"data/africa_full_predictor_data/africa_full_predictor_data_2006-03-07.parquet",279327423
"data/africa_full_predictor_data/africa_full_predictor_data_2006-03-08.parquet",279049502
"data/africa_full_predictor_data/africa_full_predictor_data_2006-03-09.parquet",279362189
"data/africa_full_predictor_data/africa_full_predictor_data_2006-03-10.parquet",279374698
"data/africa_full_predictor_data/africa_full_predictor_data_2006-03-11.parquet",279554310
"data/africa_full_predictor_data/africa_full_predictor_data_2006-03-12.parquet",279435387
"data/africa_full_predictor_data/africa_full_predictor_data_2006-03-13.parquet",279364237
"data/africa_full_predictor_data/africa_full_predictor_data_2006-03-14.parquet",279349451
"data/africa_full_predictor_data/africa_full_predictor_data_2006-03-15.parquet",279227943
"data/africa_full_predictor_data/africa_full_predictor_data_2006-03-16.parquet",279522589
"data/africa_full_predictor_data/africa_full_predictor_data_2006-03-17.parquet",279420791
"data/africa_full_predictor_data/africa_full_predictor_data_2006-03-18.parquet",279612659
"data/africa_full_predictor_data/africa_full_predictor_data_2006-03-19.parquet",280326187
"data/africa_full_predictor_data/africa_full_predictor_data_2006-03-20.parquet",279871940
"data/africa_full_predictor_data/africa_full_predictor_data_2006-03-21.parquet",279773169
"data/africa_full_predictor_data/africa_full_predictor_data_2006-03-22.parquet",280048840
"data/africa_full_predictor_data/africa_full_predictor_data_2006-03-23.parquet",279755129
"data/africa_full_predictor_data/africa_full_predictor_data_2006-03-24.parquet",279737983
"data/africa_full_predictor_data/africa_full_predictor_data_2006-03-25.parquet",279418154
"data/africa_full_predictor_data/africa_full_predictor_data_2006-03-26.parquet",279699786
"data/africa_full_predictor_data/africa_full_predictor_data_2006-03-27.parquet",279638609
"data/africa_full_predictor_data/africa_full_predictor_data_2006-03-28.parquet",279650057
"data/africa_full_predictor_data/africa_full_predictor_data_2006-03-29.parquet",280143921
"data/africa_full_predictor_data/africa_full_predictor_data_2006-03-30.parquet",280188069
"data/africa_full_predictor_data/africa_full_predictor_data_2006-03-31.parquet",279969904
"data/africa_full_predictor_data/africa_full_predictor_data_2006-04-01.parquet",279902149
"data/africa_full_predictor_data/africa_full_predictor_data_2006-04-02.parquet",279300456
"data/africa_full_predictor_data/africa_full_predictor_data_2006-04-03.parquet",279596735
"data/africa_full_predictor_data/africa_full_predictor_data_2006-04-04.parquet",279668729
"data/africa_full_predictor_data/africa_full_predictor_data_2006-04-05.parquet",280085839
"data/africa_full_predictor_data/africa_full_predictor_data_2006-04-06.parquet",280147849
"data/africa_full_predictor_data/africa_full_predictor_data_2006-04-07.parquet",280218884
"data/africa_full_predictor_data/africa_full_predictor_data_2006-04-08.parquet",280136647
"data/africa_full_predictor_data/africa_full_predictor_data_2006-04-09.parquet",280329377
"data/africa_full_predictor_data/africa_full_predictor_data_2006-04-10.parquet",280459860
"data/africa_full_predictor_data/africa_full_predictor_data_2006-04-11.parquet",280759746
"data/africa_full_predictor_data/africa_full_predictor_data_2006-04-12.parquet",280574918
"data/africa_full_predictor_data/africa_full_predictor_data_2006-04-13.parquet",280452113
"data/africa_full_predictor_data/africa_full_predictor_data_2006-04-14.parquet",280593937
"data/africa_full_predictor_data/africa_full_predictor_data_2006-04-15.parquet",280564108
"data/africa_full_predictor_data/africa_full_predictor_data_2006-04-16.parquet",280329629
"data/africa_full_predictor_data/africa_full_predictor_data_2006-04-17.parquet",280415541
"data/africa_full_predictor_data/africa_full_predictor_data_2006-04-18.parquet",280206768
"data/africa_full_predictor_data/africa_full_predictor_data_2006-04-19.parquet",280306494
"data/africa_full_predictor_data/africa_full_predictor_data_2006-04-20.parquet",280636721
"data/africa_full_predictor_data/africa_full_predictor_data_2006-04-21.parquet",280210313
"data/africa_full_predictor_data/africa_full_predictor_data_2006-04-22.parquet",280357549
"data/africa_full_predictor_data/africa_full_predictor_data_2006-04-23.parquet",280615659
"data/africa_full_predictor_data/africa_full_predictor_data_2006-04-24.parquet",280599761
"data/africa_full_predictor_data/africa_full_predictor_data_2006-04-25.parquet",281125180
"data/africa_full_predictor_data/africa_full_predictor_data_2006-04-26.parquet",280842283
"data/africa_full_predictor_data/africa_full_predictor_data_2006-04-27.parquet",280684177
"data/africa_full_predictor_data/africa_full_predictor_data_2006-04-28.parquet",280567485
"data/africa_full_predictor_data/africa_full_predictor_data_2006-04-29.parquet",280930521
"data/africa_full_predictor_data/africa_full_predictor_data_2006-04-30.parquet",281072822
"data/africa_full_predictor_data/africa_full_predictor_data_2006-05-01.parquet",280886749
"data/africa_full_predictor_data/africa_full_predictor_data_2006-05-02.parquet",280693957
"data/africa_full_predictor_data/africa_full_predictor_data_2006-05-03.parquet",280891541
"data/africa_full_predictor_data/africa_full_predictor_data_2006-05-04.parquet",280559936
"data/africa_full_predictor_data/africa_full_predictor_data_2006-05-05.parquet",280390629
"data/africa_full_predictor_data/africa_full_predictor_data_2006-05-06.parquet",280748487
"data/africa_full_predictor_data/africa_full_predictor_data_2006-05-07.parquet",281031865
"data/africa_full_predictor_data/africa_full_predictor_data_2006-05-08.parquet",280654368
"data/africa_full_predictor_data/africa_full_predictor_data_2006-05-09.parquet",280743475
"data/africa_full_predictor_data/africa_full_predictor_data_2006-05-10.parquet",280724049
"data/africa_full_predictor_data/africa_full_predictor_data_2006-05-11.parquet",280390063
"data/africa_full_predictor_data/africa_full_predictor_data_2006-05-12.parquet",280050127
"data/africa_full_predictor_data/africa_full_predictor_data_2006-05-13.parquet",280501071
"data/africa_full_predictor_data/africa_full_predictor_data_2006-05-14.parquet",280249528
"data/africa_full_predictor_data/africa_full_predictor_data_2006-05-15.parquet",280106859
"data/africa_full_predictor_data/africa_full_predictor_data_2006-05-16.parquet",279864177
"data/africa_full_predictor_data/africa_full_predictor_data_2006-05-17.parquet",279905401
"data/africa_full_predictor_data/africa_full_predictor_data_2006-05-18.parquet",280215030
"data/africa_full_predictor_data/africa_full_predictor_data_2006-05-19.parquet",280524700
"data/africa_full_predictor_data/africa_full_predictor_data_2006-05-20.parquet",280267522
"data/africa_full_predictor_data/africa_full_predictor_data_2006-05-21.parquet",279853926
"data/africa_full_predictor_data/africa_full_predictor_data_2006-05-22.parquet",279923757
"data/africa_full_predictor_data/africa_full_predictor_data_2006-05-23.parquet",279787526
"data/africa_full_predictor_data/africa_full_predictor_data_2006-05-24.parquet",279935763
"data/africa_full_predictor_data/africa_full_predictor_data_2006-05-25.parquet",280089136
"data/africa_full_predictor_data/africa_full_predictor_data_2006-05-26.parquet",279773116
"data/africa_full_predictor_data/africa_full_predictor_data_2006-05-27.parquet",280276450
"data/africa_full_predictor_data/africa_full_predictor_data_2006-05-28.parquet",280094553
"data/africa_full_predictor_data/africa_full_predictor_data_2006-05-29.parquet",279707403
"data/africa_full_predictor_data/africa_full_predictor_data_2006-05-30.parquet",279790121
"data/africa_full_predictor_data/africa_full_predictor_data_2006-05-31.parquet",279271260
"data/africa_full_predictor_data/africa_full_predictor_data_2006-06-01.parquet",279174752
"data/africa_full_predictor_data/africa_full_predictor_data_2006-06-02.parquet",279221826
"data/africa_full_predictor_data/africa_full_predictor_data_2006-06-03.parquet",279151630
"data/africa_full_predictor_data/africa_full_predictor_data_2006-06-04.parquet",279011563
"data/africa_full_predictor_data/africa_full_predictor_data_2006-06-05.parquet",278937034
"data/africa_full_predictor_data/africa_full_predictor_data_2006-06-06.parquet",279746583
"data/africa_full_predictor_data/africa_full_predictor_data_2006-06-07.parquet",279203645
"data/africa_full_predictor_data/africa_full_predictor_data_2006-06-08.parquet",279141504
"data/africa_full_predictor_data/africa_full_predictor_data_2006-06-09.parquet",279267274
"data/africa_full_predictor_data/africa_full_predictor_data_2006-06-10.parquet",279094964
"data/africa_full_predictor_data/africa_full_predictor_data_2006-06-11.parquet",278510894
"data/africa_full_predictor_data/africa_full_predictor_data_2006-06-12.parquet",278703309
"data/africa_full_predictor_data/africa_full_predictor_data_2006-06-13.parquet",278525570
"data/africa_full_predictor_data/africa_full_predictor_data_2006-06-14.parquet",278757469
"data/africa_full_predictor_data/africa_full_predictor_data_2006-06-15.parquet",277928147
"data/africa_full_predictor_data/africa_full_predictor_data_2006-06-16.parquet",277681575
"data/africa_full_predictor_data/africa_full_predictor_data_2006-06-17.parquet",278258028
"data/africa_full_predictor_data/africa_full_predictor_data_2006-06-18.parquet",278738375
"data/africa_full_predictor_data/africa_full_predictor_data_2006-06-19.parquet",278021471
"data/africa_full_predictor_data/africa_full_predictor_data_2006-06-20.parquet",278172278
"data/africa_full_predictor_data/africa_full_predictor_data_2006-06-21.parquet",278526535
"data/africa_full_predictor_data/africa_full_predictor_data_2006-06-22.parquet",278093440
"data/africa_full_predictor_data/africa_full_predictor_data_2006-06-23.parquet",278492135
"data/africa_full_predictor_data/africa_full_predictor_data_2006-06-24.parquet",278286703
"data/africa_full_predictor_data/africa_full_predictor_data_2006-06-25.parquet",277963603
"data/africa_full_predictor_data/africa_full_predictor_data_2006-06-26.parquet",278300788
"data/africa_full_predictor_data/africa_full_predictor_data_2006-06-27.parquet",278331100
"data/africa_full_predictor_data/africa_full_predictor_data_2006-06-28.parquet",278644387
"data/africa_full_predictor_data/africa_full_predictor_data_2006-06-29.parquet",278086852
"data/africa_full_predictor_data/africa_full_predictor_data_2006-06-30.parquet",278242169
"data/africa_full_predictor_data/africa_full_predictor_data_2006-07-01.parquet",277448673
"data/africa_full_predictor_data/africa_full_predictor_data_2006-07-02.parquet",277153842
"data/africa_full_predictor_data/africa_full_predictor_data_2006-07-03.parquet",276861990
"data/africa_full_predictor_data/africa_full_predictor_data_2006-07-04.parquet",276855856
"data/africa_full_predictor_data/africa_full_predictor_data_2006-07-05.parquet",277311759
"data/africa_full_predictor_data/africa_full_predictor_data_2006-07-06.parquet",277180336
"data/africa_full_predictor_data/africa_full_predictor_data_2006-07-07.parquet",277751824
"data/africa_full_predictor_data/africa_full_predictor_data_2006-07-08.parquet",277633631
"data/africa_full_predictor_data/africa_full_predictor_data_2006-07-09.parquet",277431138
"data/africa_full_predictor_data/africa_full_predictor_data_2006-07-10.parquet",277556770
"data/africa_full_predictor_data/africa_full_predictor_data_2006-07-11.parquet",277323356
"data/africa_full_predictor_data/africa_full_predictor_data_2006-07-12.parquet",277643074
"data/africa_full_predictor_data/africa_full_predictor_data_2006-07-13.parquet",277395072
"data/africa_full_predictor_data/africa_full_predictor_data_2006-07-14.parquet",277514577
"data/africa_full_predictor_data/africa_full_predictor_data_2006-07-15.parquet",277337642
"data/africa_full_predictor_data/africa_full_predictor_data_2006-07-16.parquet",277521876
"data/africa_full_predictor_data/africa_full_predictor_data_2006-07-17.parquet",276977865
"data/africa_full_predictor_data/africa_full_predictor_data_2006-07-18.parquet",277392557
"data/africa_full_predictor_data/africa_full_predictor_data_2006-07-19.parquet",277462818
"data/africa_full_predictor_data/africa_full_predictor_data_2006-07-20.parquet",278138604
"data/africa_full_predictor_data/africa_full_predictor_data_2006-07-21.parquet",277641592
"data/africa_full_predictor_data/africa_full_predictor_data_2006-07-22.parquet",277869837
"data/africa_full_predictor_data/africa_full_predictor_data_2006-07-23.parquet",277855139
"data/africa_full_predictor_data/africa_full_predictor_data_2006-07-24.parquet",277871744
"data/africa_full_predictor_data/africa_full_predictor_data_2006-07-25.parquet",277968779
"data/africa_full_predictor_data/africa_full_predictor_data_2006-07-26.parquet",277941412
"data/africa_full_predictor_data/africa_full_predictor_data_2006-07-27.parquet",278034471
"data/africa_full_predictor_data/africa_full_predictor_data_2006-07-28.parquet",278268937
"data/africa_full_predictor_data/africa_full_predictor_data_2006-07-29.parquet",278599161
"data/africa_full_predictor_data/africa_full_predictor_data_2006-07-30.parquet",277999006
"data/africa_full_predictor_data/africa_full_predictor_data_2006-07-31.parquet",278043639
"data/africa_full_predictor_data/africa_full_predictor_data_2006-08-01.parquet",278236295
"data/africa_full_predictor_data/africa_full_predictor_data_2006-08-02.parquet",278655748
"data/africa_full_predictor_data/africa_full_predictor_data_2006-08-03.parquet",278940342
"data/africa_full_predictor_data/africa_full_predictor_data_2006-08-04.parquet",278811862
"data/africa_full_predictor_data/africa_full_predictor_data_2006-08-05.parquet",278620504
"data/africa_full_predictor_data/africa_full_predictor_data_2006-08-06.parquet",278246028
"data/africa_full_predictor_data/africa_full_predictor_data_2006-08-07.parquet",278392934
"data/africa_full_predictor_data/africa_full_predictor_data_2006-08-08.parquet",278650151
"data/africa_full_predictor_data/africa_full_predictor_data_2006-08-09.parquet",277989139
"data/africa_full_predictor_data/africa_full_predictor_data_2006-08-10.parquet",277856228
"data/africa_full_predictor_data/africa_full_predictor_data_2006-08-11.parquet",277419038
"data/africa_full_predictor_data/africa_full_predictor_data_2006-08-12.parquet",277206524
"data/africa_full_predictor_data/africa_full_predictor_data_2006-08-13.parquet",277175278
"data/africa_full_predictor_data/africa_full_predictor_data_2006-08-14.parquet",277637079
"data/africa_full_predictor_data/africa_full_predictor_data_2006-08-15.parquet",277856716
"data/africa_full_predictor_data/africa_full_predictor_data_2006-08-16.parquet",277660272
"data/africa_full_predictor_data/africa_full_predictor_data_2006-08-17.parquet",278024358
"data/africa_full_predictor_data/africa_full_predictor_data_2006-08-18.parquet",277500767
"data/africa_full_predictor_data/africa_full_predictor_data_2006-08-19.parquet",277606727
"data/africa_full_predictor_data/africa_full_predictor_data_2006-08-20.parquet",277709327
"data/africa_full_predictor_data/africa_full_predictor_data_2006-08-21.parquet",278124078
"data/africa_full_predictor_data/africa_full_predictor_data_2006-08-22.parquet",278186645
"data/africa_full_predictor_data/africa_full_predictor_data_2006-08-23.parquet",278438708
"data/africa_full_predictor_data/africa_full_predictor_data_2006-08-24.parquet",278172317
"data/africa_full_predictor_data/africa_full_predictor_data_2006-08-25.parquet",278189271
"data/africa_full_predictor_data/africa_full_predictor_data_2006-08-26.parquet",277794938
"data/africa_full_predictor_data/africa_full_predictor_data_2006-08-27.parquet",278216991
"data/africa_full_predictor_data/africa_full_predictor_data_2006-08-28.parquet",278348615
"data/africa_full_predictor_data/africa_full_predictor_data_2006-08-29.parquet",278196514
"data/africa_full_predictor_data/africa_full_predictor_data_2006-08-30.parquet",278051766
"data/africa_full_predictor_data/africa_full_predictor_data_2006-08-31.parquet",278335607
"data/africa_full_predictor_data/africa_full_predictor_data_2006-09-01.parquet",278462192
"data/africa_full_predictor_data/africa_full_predictor_data_2006-09-02.parquet",278018170
"data/africa_full_predictor_data/africa_full_predictor_data_2006-09-03.parquet",278101052
"data/africa_full_predictor_data/africa_full_predictor_data_2006-09-04.parquet",278829002
"data/africa_full_predictor_data/africa_full_predictor_data_2006-09-05.parquet",278656049
"data/africa_full_predictor_data/africa_full_predictor_data_2006-09-06.parquet",279011131
"data/africa_full_predictor_data/africa_full_predictor_data_2006-09-07.parquet",278590702
"data/africa_full_predictor_data/africa_full_predictor_data_2006-09-08.parquet",278537407
"data/africa_full_predictor_data/africa_full_predictor_data_2006-09-09.parquet",278641069
"data/africa_full_predictor_data/africa_full_predictor_data_2006-09-10.parquet",278211749
"data/africa_full_predictor_data/africa_full_predictor_data_2006-09-11.parquet",277848728
"data/africa_full_predictor_data/africa_full_predictor_data_2006-09-12.parquet",278053915
"data/africa_full_predictor_data/africa_full_predictor_data_2006-09-13.parquet",278476046
"data/africa_full_predictor_data/africa_full_predictor_data_2006-09-14.parquet",277809690
"data/africa_full_predictor_data/africa_full_predictor_data_2006-09-15.parquet",278184600
"data/africa_full_predictor_data/africa_full_predictor_data_2006-09-16.parquet",278549574
"data/africa_full_predictor_data/africa_full_predictor_data_2006-09-17.parquet",278265817
"data/africa_full_predictor_data/africa_full_predictor_data_2006-09-18.parquet",278612530
"data/africa_full_predictor_data/africa_full_predictor_data_2006-09-19.parquet",278697573
"data/africa_full_predictor_data/africa_full_predictor_data_2006-09-20.parquet",278648258
"data/africa_full_predictor_data/africa_full_predictor_data_2006-09-21.parquet",278686683
"data/africa_full_predictor_data/africa_full_predictor_data_2006-09-22.parquet",278713194
"data/africa_full_predictor_data/africa_full_predictor_data_2006-09-23.parquet",278844209
"data/africa_full_predictor_data/africa_full_predictor_data_2006-09-24.parquet",279028424
"data/africa_full_predictor_data/africa_full_predictor_data_2006-09-25.parquet",278568502
"data/africa_full_predictor_data/africa_full_predictor_data_2006-09-26.parquet",278694351
"data/africa_full_predictor_data/africa_full_predictor_data_2006-09-27.parquet",278844402
"data/africa_full_predictor_data/africa_full_predictor_data_2006-09-28.parquet",279306922
"data/africa_full_predictor_data/africa_full_predictor_data_2006-09-29.parquet",279195255
"data/africa_full_predictor_data/africa_full_predictor_data_2006-09-30.parquet",279417067
"data/africa_full_predictor_data/africa_full_predictor_data_2006-10-01.parquet",279577784
"data/africa_full_predictor_data/africa_full_predictor_data_2006-10-02.parquet",279560830
"data/africa_full_predictor_data/africa_full_predictor_data_2006-10-03.parquet",279528733
"data/africa_full_predictor_data/africa_full_predictor_data_2006-10-04.parquet",279607486
"data/africa_full_predictor_data/africa_full_predictor_data_2006-10-05.parquet",279286880
"data/africa_full_predictor_data/africa_full_predictor_data_2006-10-06.parquet",279397581
"data/africa_full_predictor_data/africa_full_predictor_data_2006-10-07.parquet",279697943
"data/africa_full_predictor_data/africa_full_predictor_data_2006-10-08.parquet",279799373
"data/africa_full_predictor_data/africa_full_predictor_data_2006-10-09.parquet",279640931
"data/africa_full_predictor_data/africa_full_predictor_data_2006-10-10.parquet",279815295
"data/africa_full_predictor_data/africa_full_predictor_data_2006-10-11.parquet",279851290
"data/africa_full_predictor_data/africa_full_predictor_data_2006-10-12.parquet",279973034
"data/africa_full_predictor_data/africa_full_predictor_data_2006-10-13.parquet",279785814
"data/africa_full_predictor_data/africa_full_predictor_data_2006-10-14.parquet",279815178
"data/africa_full_predictor_data/africa_full_predictor_data_2006-10-15.parquet",280547054
"data/africa_full_predictor_data/africa_full_predictor_data_2006-10-16.parquet",280163192
"data/africa_full_predictor_data/africa_full_predictor_data_2006-10-17.parquet",280116444
"data/africa_full_predictor_data/africa_full_predictor_data_2006-10-18.parquet",279878426
"data/africa_full_predictor_data/africa_full_predictor_data_2006-10-19.parquet",279894458
"data/africa_full_predictor_data/africa_full_predictor_data_2006-10-20.parquet",280112985
"data/africa_full_predictor_data/africa_full_predictor_data_2006-10-21.parquet",280299936
"data/africa_full_predictor_data/africa_full_predictor_data_2006-10-22.parquet",280061489
"data/africa_full_predictor_data/africa_full_predictor_data_2006-10-23.parquet",279758796
"data/africa_full_predictor_data/africa_full_predictor_data_2006-10-24.parquet",279923348
"data/africa_full_predictor_data/africa_full_predictor_data_2006-10-25.parquet",280260858
"data/africa_full_predictor_data/africa_full_predictor_data_2006-10-26.parquet",280100718
"data/africa_full_predictor_data/africa_full_predictor_data_2006-10-27.parquet",280267720
"data/africa_full_predictor_data/africa_full_predictor_data_2006-10-28.parquet",280249604
"data/africa_full_predictor_data/africa_full_predictor_data_2006-10-29.parquet",279904788
"data/africa_full_predictor_data/africa_full_predictor_data_2006-10-30.parquet",279810372
"data/africa_full_predictor_data/africa_full_predictor_data_2006-10-31.parquet",279709017
"data/africa_full_predictor_data/africa_full_predictor_data_2006-11-01.parquet",279621502
"data/africa_full_predictor_data/africa_full_predictor_data_2006-11-02.parquet",279428558
"data/africa_full_predictor_data/africa_full_predictor_data_2006-11-03.parquet",279920148
"data/africa_full_predictor_data/africa_full_predictor_data_2006-11-04.parquet",279725856
"data/africa_full_predictor_data/africa_full_predictor_data_2006-11-05.parquet",279873273
"data/africa_full_predictor_data/africa_full_predictor_data_2006-11-06.parquet",279859808
"data/africa_full_predictor_data/africa_full_predictor_data_2006-11-07.parquet",279700397
"data/africa_full_predictor_data/africa_full_predictor_data_2006-11-08.parquet",279695499
"data/africa_full_predictor_data/africa_full_predictor_data_2006-11-09.parquet",279401837
"data/africa_full_predictor_data/africa_full_predictor_data_2006-11-10.parquet",279993337
"data/africa_full_predictor_data/africa_full_predictor_data_2006-11-11.parquet",279303474
"data/africa_full_predictor_data/africa_full_predictor_data_2006-11-12.parquet",278922964
"data/africa_full_predictor_data/africa_full_predictor_data_2006-11-13.parquet",278926006
"data/africa_full_predictor_data/africa_full_predictor_data_2006-11-14.parquet",278885905
"data/africa_full_predictor_data/africa_full_predictor_data_2006-11-15.parquet",278933859
"data/africa_full_predictor_data/africa_full_predictor_data_2006-11-16.parquet",279001715
"data/africa_full_predictor_data/africa_full_predictor_data_2006-11-17.parquet",278740832
"data/africa_full_predictor_data/africa_full_predictor_data_2006-11-18.parquet",279092706
"data/africa_full_predictor_data/africa_full_predictor_data_2006-11-19.parquet",279420626
"data/africa_full_predictor_data/africa_full_predictor_data_2006-11-20.parquet",279424983
"data/africa_full_predictor_data/africa_full_predictor_data_2006-11-21.parquet",279040184
"data/africa_full_predictor_data/africa_full_predictor_data_2006-11-22.parquet",279481452
"data/africa_full_predictor_data/africa_full_predictor_data_2006-11-23.parquet",278917940
"data/africa_full_predictor_data/africa_full_predictor_data_2006-11-24.parquet",278676020
"data/africa_full_predictor_data/africa_full_predictor_data_2006-11-25.parquet",278743019
"data/africa_full_predictor_data/africa_full_predictor_data_2006-11-26.parquet",278756543
"data/africa_full_predictor_data/africa_full_predictor_data_2006-11-27.parquet",278408185
"data/africa_full_predictor_data/africa_full_predictor_data_2006-11-28.parquet",278605122
"data/africa_full_predictor_data/africa_full_predictor_data_2006-11-29.parquet",278769913
"data/africa_full_predictor_data/africa_full_predictor_data_2006-11-30.parquet",278979046
"data/africa_full_predictor_data/africa_full_predictor_data_2006-12-01.parquet",279127603
"data/africa_full_predictor_data/africa_full_predictor_data_2006-12-02.parquet",279021874
"data/africa_full_predictor_data/africa_full_predictor_data_2006-12-03.parquet",278780726
"data/africa_full_predictor_data/africa_full_predictor_data_2006-12-04.parquet",279033304
"data/africa_full_predictor_data/africa_full_predictor_data_2006-12-05.parquet",278937054
"data/africa_full_predictor_data/africa_full_predictor_data_2006-12-06.parquet",278802521
"data/africa_full_predictor_data/africa_full_predictor_data_2006-12-07.parquet",278667697
"data/africa_full_predictor_data/africa_full_predictor_data_2006-12-08.parquet",278577477
"data/africa_full_predictor_data/africa_full_predictor_data_2006-12-09.parquet",278617406
"data/africa_full_predictor_data/africa_full_predictor_data_2006-12-10.parquet",278700626
"data/africa_full_predictor_data/africa_full_predictor_data_2006-12-11.parquet",278579492
"data/africa_full_predictor_data/africa_full_predictor_data_2006-12-12.parquet",278284915
"data/africa_full_predictor_data/africa_full_predictor_data_2006-12-13.parquet",278662117
"data/africa_full_predictor_data/africa_full_predictor_data_2006-12-14.parquet",278626848
"data/africa_full_predictor_data/africa_full_predictor_data_2006-12-15.parquet",278523286
"data/africa_full_predictor_data/africa_full_predictor_data_2006-12-16.parquet",278106489
"data/africa_full_predictor_data/africa_full_predictor_data_2006-12-17.parquet",277807114
"data/africa_full_predictor_data/africa_full_predictor_data_2006-12-18.parquet",277665347
"data/africa_full_predictor_data/africa_full_predictor_data_2006-12-19.parquet",277777140
"data/africa_full_predictor_data/africa_full_predictor_data_2006-12-20.parquet",277916350
"data/africa_full_predictor_data/africa_full_predictor_data_2006-12-21.parquet",278043549
"data/africa_full_predictor_data/africa_full_predictor_data_2006-12-22.parquet",278083435
"data/africa_full_predictor_data/africa_full_predictor_data_2006-12-23.parquet",277989647
"data/africa_full_predictor_data/africa_full_predictor_data_2006-12-24.parquet",277743659
"data/africa_full_predictor_data/africa_full_predictor_data_2006-12-25.parquet",278012726
"data/africa_full_predictor_data/africa_full_predictor_data_2006-12-26.parquet",278034420
"data/africa_full_predictor_data/africa_full_predictor_data_2006-12-27.parquet",278033201
"data/africa_full_predictor_data/africa_full_predictor_data_2006-12-28.parquet",278299350
"data/africa_full_predictor_data/africa_full_predictor_data_2006-12-29.parquet",278616856
"data/africa_full_predictor_data/africa_full_predictor_data_2006-12-30.parquet",278465404
"data/africa_full_predictor_data/africa_full_predictor_data_2006-12-31.parquet",278257875
"data/africa_full_predictor_data/africa_full_predictor_data_2007-01-01.parquet",278501617
"data/africa_full_predictor_data/africa_full_predictor_data_2007-01-02.parquet",277978727
"data/africa_full_predictor_data/africa_full_predictor_data_2007-01-03.parquet",278045259
"data/africa_full_predictor_data/africa_full_predictor_data_2007-01-04.parquet",278316707
"data/africa_full_predictor_data/africa_full_predictor_data_2007-01-05.parquet",278228230
"data/africa_full_predictor_data/africa_full_predictor_data_2007-01-06.parquet",277789370
"data/africa_full_predictor_data/africa_full_predictor_data_2007-01-07.parquet",278440791
"data/africa_full_predictor_data/africa_full_predictor_data_2007-01-08.parquet",278311379
"data/africa_full_predictor_data/africa_full_predictor_data_2007-01-09.parquet",278087018
"data/africa_full_predictor_data/africa_full_predictor_data_2007-01-10.parquet",277935867
"data/africa_full_predictor_data/africa_full_predictor_data_2007-01-11.parquet",278265646
"data/africa_full_predictor_data/africa_full_predictor_data_2007-01-12.parquet",278642655
"data/africa_full_predictor_data/africa_full_predictor_data_2007-01-13.parquet",277916265
"data/africa_full_predictor_data/africa_full_predictor_data_2007-01-14.parquet",277860604
"data/africa_full_predictor_data/africa_full_predictor_data_2007-01-15.parquet",278119330
"data/africa_full_predictor_data/africa_full_predictor_data_2007-01-16.parquet",278426402
"data/africa_full_predictor_data/africa_full_predictor_data_2007-01-17.parquet",278816138
"data/africa_full_predictor_data/africa_full_predictor_data_2007-01-18.parquet",278958515
"data/africa_full_predictor_data/africa_full_predictor_data_2007-01-19.parquet",278782075
"data/africa_full_predictor_data/africa_full_predictor_data_2007-01-20.parquet",278924591
"data/africa_full_predictor_data/africa_full_predictor_data_2007-01-21.parquet",278960672
"data/africa_full_predictor_data/africa_full_predictor_data_2007-01-22.parquet",279045699
"data/africa_full_predictor_data/africa_full_predictor_data_2007-01-23.parquet",278154098
"data/africa_full_predictor_data/africa_full_predictor_data_2007-01-24.parquet",278475871
"data/africa_full_predictor_data/africa_full_predictor_data_2007-01-25.parquet",278837231
"data/africa_full_predictor_data/africa_full_predictor_data_2007-01-26.parquet",279076868
"data/africa_full_predictor_data/africa_full_predictor_data_2007-01-27.parquet",279337150
"data/africa_full_predictor_data/africa_full_predictor_data_2007-01-28.parquet",279164278
"data/africa_full_predictor_data/africa_full_predictor_data_2007-01-29.parquet",278876804
"data/africa_full_predictor_data/africa_full_predictor_data_2007-01-30.parquet",278639825
"data/africa_full_predictor_data/africa_full_predictor_data_2007-01-31.parquet",278888797
"data/africa_full_predictor_data/africa_full_predictor_data_2007-02-01.parquet",278754371
"data/africa_full_predictor_data/africa_full_predictor_data_2007-02-02.parquet",279547570
"data/africa_full_predictor_data/africa_full_predictor_data_2007-02-03.parquet",279271340
"data/africa_full_predictor_data/africa_full_predictor_data_2007-02-04.parquet",278590971
"data/africa_full_predictor_data/africa_full_predictor_data_2007-02-05.parquet",278737181
"data/africa_full_predictor_data/africa_full_predictor_data_2007-02-06.parquet",279085828
"data/africa_full_predictor_data/africa_full_predictor_data_2007-02-07.parquet",279143754
"data/africa_full_predictor_data/africa_full_predictor_data_2007-02-08.parquet",278642479
"data/africa_full_predictor_data/africa_full_predictor_data_2007-02-09.parquet",278880736
"data/africa_full_predictor_data/africa_full_predictor_data_2007-02-10.parquet",278880567
"data/africa_full_predictor_data/africa_full_predictor_data_2007-02-11.parquet",278973238
"data/africa_full_predictor_data/africa_full_predictor_data_2007-02-12.parquet",278994809
"data/africa_full_predictor_data/africa_full_predictor_data_2007-02-13.parquet",279555143
"data/africa_full_predictor_data/africa_full_predictor_data_2007-02-14.parquet",278977072
"data/africa_full_predictor_data/africa_full_predictor_data_2007-02-15.parquet",279212138
"data/africa_full_predictor_data/africa_full_predictor_data_2007-02-16.parquet",279200759
"data/africa_full_predictor_data/africa_full_predictor_data_2007-02-17.parquet",279191097
"data/africa_full_predictor_data/africa_full_predictor_data_2007-02-18.parquet",279050229
"data/africa_full_predictor_data/africa_full_predictor_data_2007-02-19.parquet",279391410
"data/africa_full_predictor_data/africa_full_predictor_data_2007-02-20.parquet",279153280
"data/africa_full_predictor_data/africa_full_predictor_data_2007-02-21.parquet",279187884
"data/africa_full_predictor_data/africa_full_predictor_data_2007-02-22.parquet",279333397
"data/africa_full_predictor_data/africa_full_predictor_data_2007-02-23.parquet",279328850
"data/africa_full_predictor_data/africa_full_predictor_data_2007-02-24.parquet",279818022
"data/africa_full_predictor_data/africa_full_predictor_data_2007-02-25.parquet",279427225
"data/africa_full_predictor_data/africa_full_predictor_data_2007-02-26.parquet",278839914
"data/africa_full_predictor_data/africa_full_predictor_data_2007-02-27.parquet",278676179
"data/africa_full_predictor_data/africa_full_predictor_data_2007-02-28.parquet",279118231
"data/africa_full_predictor_data/africa_full_predictor_data_2007-03-01.parquet",279422169
"data/africa_full_predictor_data/africa_full_predictor_data_2007-03-02.parquet",279217596
"data/africa_full_predictor_data/africa_full_predictor_data_2007-03-03.parquet",278960170
"data/africa_full_predictor_data/africa_full_predictor_data_2007-03-04.parquet",279023709
"data/africa_full_predictor_data/africa_full_predictor_data_2007-03-05.parquet",279168568
"data/africa_full_predictor_data/africa_full_predictor_data_2007-03-06.parquet",278833560
"data/africa_full_predictor_data/africa_full_predictor_data_2007-03-07.parquet",279212174
"data/africa_full_predictor_data/africa_full_predictor_data_2007-03-08.parquet",279078765
"data/africa_full_predictor_data/africa_full_predictor_data_2007-03-09.parquet",279202135
"data/africa_full_predictor_data/africa_full_predictor_data_2007-03-10.parquet",279523537
"data/africa_full_predictor_data/africa_full_predictor_data_2007-03-11.parquet",279465185
"data/africa_full_predictor_data/africa_full_predictor_data_2007-03-12.parquet",279428848
"data/africa_full_predictor_data/africa_full_predictor_data_2007-03-13.parquet",279438852
"data/africa_full_predictor_data/africa_full_predictor_data_2007-03-14.parquet",279371593
"data/africa_full_predictor_data/africa_full_predictor_data_2007-03-15.parquet",279450336
"data/africa_full_predictor_data/africa_full_predictor_data_2007-03-16.parquet",279669398
"data/africa_full_predictor_data/africa_full_predictor_data_2007-03-17.parquet",279351251
"data/africa_full_predictor_data/africa_full_predictor_data_2007-03-18.parquet",279881903
"data/africa_full_predictor_data/africa_full_predictor_data_2007-03-19.parquet",279946811
"data/africa_full_predictor_data/africa_full_predictor_data_2007-03-20.parquet",279899143
"data/africa_full_predictor_data/africa_full_predictor_data_2007-03-21.parquet",280371272
"data/africa_full_predictor_data/africa_full_predictor_data_2007-03-22.parquet",280145092
"data/africa_full_predictor_data/africa_full_predictor_data_2007-03-23.parquet",279723611
"data/africa_full_predictor_data/africa_full_predictor_data_2007-03-24.parquet",279705536
"data/africa_full_predictor_data/africa_full_predictor_data_2007-03-25.parquet",279646595
"data/africa_full_predictor_data/africa_full_predictor_data_2007-03-26.parquet",279994892
"data/africa_full_predictor_data/africa_full_predictor_data_2007-03-27.parquet",279687567
"data/africa_full_predictor_data/africa_full_predictor_data_2007-03-28.parquet",280079158
"data/africa_full_predictor_data/africa_full_predictor_data_2007-03-29.parquet",279932246
"data/africa_full_predictor_data/africa_full_predictor_data_2007-03-30.parquet",280295535
"data/africa_full_predictor_data/africa_full_predictor_data_2007-03-31.parquet",280105866
"data/africa_full_predictor_data/africa_full_predictor_data_2007-04-01.parquet",279861876
"data/africa_full_predictor_data/africa_full_predictor_data_2007-04-02.parquet",279848821
"data/africa_full_predictor_data/africa_full_predictor_data_2007-04-03.parquet",279528515
"data/africa_full_predictor_data/africa_full_predictor_data_2007-04-04.parquet",279824238
"data/africa_full_predictor_data/africa_full_predictor_data_2007-04-05.parquet",280119202
"data/africa_full_predictor_data/africa_full_predictor_data_2007-04-06.parquet",279998874
"data/africa_full_predictor_data/africa_full_predictor_data_2007-04-07.parquet",279875102
"data/africa_full_predictor_data/africa_full_predictor_data_2007-04-08.parquet",279628315
"data/africa_full_predictor_data/africa_full_predictor_data_2007-04-09.parquet",280100985
"data/africa_full_predictor_data/africa_full_predictor_data_2007-04-10.parquet",280712842
"data/africa_full_predictor_data/africa_full_predictor_data_2007-04-11.parquet",280186398
"data/africa_full_predictor_data/africa_full_predictor_data_2007-04-12.parquet",280124422
"data/africa_full_predictor_data/africa_full_predictor_data_2007-04-13.parquet",280520187
"data/africa_full_predictor_data/africa_full_predictor_data_2007-04-14.parquet",280498749
"data/africa_full_predictor_data/africa_full_predictor_data_2007-04-15.parquet",280708900
"data/africa_full_predictor_data/africa_full_predictor_data_2007-04-16.parquet",279983894
"data/africa_full_predictor_data/africa_full_predictor_data_2007-04-17.parquet",280182849
"data/africa_full_predictor_data/africa_full_predictor_data_2007-04-18.parquet",280473374
"data/africa_full_predictor_data/africa_full_predictor_data_2007-04-19.parquet",279967290
"data/africa_full_predictor_data/africa_full_predictor_data_2007-04-20.parquet",280252379
"data/africa_full_predictor_data/africa_full_predictor_data_2007-04-21.parquet",280119943
"data/africa_full_predictor_data/africa_full_predictor_data_2007-04-22.parquet",280334346
"data/africa_full_predictor_data/africa_full_predictor_data_2007-04-23.parquet",280468550
"data/africa_full_predictor_data/africa_full_predictor_data_2007-04-24.parquet",280649098
"data/africa_full_predictor_data/africa_full_predictor_data_2007-04-25.parquet",280931113
"data/africa_full_predictor_data/africa_full_predictor_data_2007-04-26.parquet",280938396
"data/africa_full_predictor_data/africa_full_predictor_data_2007-04-27.parquet",280941521
"data/africa_full_predictor_data/africa_full_predictor_data_2007-04-28.parquet",280851971
"data/africa_full_predictor_data/africa_full_predictor_data_2007-04-29.parquet",280948225
"data/africa_full_predictor_data/africa_full_predictor_data_2007-04-30.parquet",281072229
"data/africa_full_predictor_data/africa_full_predictor_data_2007-05-01.parquet",280936252
"data/africa_full_predictor_data/africa_full_predictor_data_2007-05-02.parquet",280497692
"data/africa_full_predictor_data/africa_full_predictor_data_2007-05-03.parquet",280591909
"data/africa_full_predictor_data/africa_full_predictor_data_2007-05-04.parquet",280878639
"data/africa_full_predictor_data/africa_full_predictor_data_2007-05-05.parquet",280445981
"data/africa_full_predictor_data/africa_full_predictor_data_2007-05-06.parquet",280753268
"data/africa_full_predictor_data/africa_full_predictor_data_2007-05-07.parquet",280916000
"data/africa_full_predictor_data/africa_full_predictor_data_2007-05-08.parquet",280822463
"data/africa_full_predictor_data/africa_full_predictor_data_2007-05-09.parquet",280784791
"data/africa_full_predictor_data/africa_full_predictor_data_2007-05-10.parquet",280605598
"data/africa_full_predictor_data/africa_full_predictor_data_2007-05-11.parquet",280267593
"data/africa_full_predictor_data/africa_full_predictor_data_2007-05-12.parquet",280320641
"data/africa_full_predictor_data/africa_full_predictor_data_2007-05-13.parquet",280095495
"data/africa_full_predictor_data/africa_full_predictor_data_2007-05-14.parquet",280214109
"data/africa_full_predictor_data/africa_full_predictor_data_2007-05-15.parquet",280248680
"data/africa_full_predictor_data/africa_full_predictor_data_2007-05-16.parquet",280142009
"data/africa_full_predictor_data/africa_full_predictor_data_2007-05-17.parquet",280040499
"data/africa_full_predictor_data/africa_full_predictor_data_2007-05-18.parquet",280148526
"data/africa_full_predictor_data/africa_full_predictor_data_2007-05-19.parquet",279356163
"data/africa_full_predictor_data/africa_full_predictor_data_2007-05-20.parquet",279870386
"data/africa_full_predictor_data/africa_full_predictor_data_2007-05-21.parquet",280141191
"data/africa_full_predictor_data/africa_full_predictor_data_2007-05-22.parquet",279887366
"data/africa_full_predictor_data/africa_full_predictor_data_2007-05-23.parquet",279832307
"data/africa_full_predictor_data/africa_full_predictor_data_2007-05-24.parquet",279873900
"data/africa_full_predictor_data/africa_full_predictor_data_2007-05-25.parquet",279886758
"data/africa_full_predictor_data/africa_full_predictor_data_2007-05-26.parquet",279731903
"data/africa_full_predictor_data/africa_full_predictor_data_2007-05-27.parquet",280414686
"data/africa_full_predictor_data/africa_full_predictor_data_2007-05-28.parquet",280349327
"data/africa_full_predictor_data/africa_full_predictor_data_2007-05-29.parquet",279876105
"data/africa_full_predictor_data/africa_full_predictor_data_2007-05-30.parquet",279956901
"data/africa_full_predictor_data/africa_full_predictor_data_2007-05-31.parquet",279564205
"data/africa_full_predictor_data/africa_full_predictor_data_2007-06-01.parquet",279462920
"data/africa_full_predictor_data/africa_full_predictor_data_2007-06-02.parquet",279380520
"data/africa_full_predictor_data/africa_full_predictor_data_2007-06-03.parquet",279291547
"data/africa_full_predictor_data/africa_full_predictor_data_2007-06-04.parquet",279128954
"data/africa_full_predictor_data/africa_full_predictor_data_2007-06-05.parquet",279218617
"data/africa_full_predictor_data/africa_full_predictor_data_2007-06-06.parquet",279539578
"data/africa_full_predictor_data/africa_full_predictor_data_2007-06-07.parquet",279559383
"data/africa_full_predictor_data/africa_full_predictor_data_2007-06-08.parquet",279847059
"data/africa_full_predictor_data/africa_full_predictor_data_2007-06-09.parquet",279231476
"data/africa_full_predictor_data/africa_full_predictor_data_2007-06-10.parquet",279082190
"data/africa_full_predictor_data/africa_full_predictor_data_2007-06-11.parquet",278441218
"data/africa_full_predictor_data/africa_full_predictor_data_2007-06-12.parquet",278460403
"data/africa_full_predictor_data/africa_full_predictor_data_2007-06-13.parquet",278351191
"data/africa_full_predictor_data/africa_full_predictor_data_2007-06-14.parquet",278498401
"data/africa_full_predictor_data/africa_full_predictor_data_2007-06-15.parquet",277854784
"data/africa_full_predictor_data/africa_full_predictor_data_2007-06-16.parquet",277221646
"data/africa_full_predictor_data/africa_full_predictor_data_2007-06-17.parquet",278153661
"data/africa_full_predictor_data/africa_full_predictor_data_2007-06-18.parquet",278063780
"data/africa_full_predictor_data/africa_full_predictor_data_2007-06-19.parquet",277989644
"data/africa_full_predictor_data/africa_full_predictor_data_2007-06-20.parquet",278423788
"data/africa_full_predictor_data/africa_full_predictor_data_2007-06-21.parquet",278371487
"data/africa_full_predictor_data/africa_full_predictor_data_2007-06-22.parquet",277836269
"data/africa_full_predictor_data/africa_full_predictor_data_2007-06-23.parquet",277946190
"data/africa_full_predictor_data/africa_full_predictor_data_2007-06-24.parquet",278043723
"data/africa_full_predictor_data/africa_full_predictor_data_2007-06-25.parquet",278297419
"data/africa_full_predictor_data/africa_full_predictor_data_2007-06-26.parquet",278322486
"data/africa_full_predictor_data/africa_full_predictor_data_2007-06-27.parquet",278384931
"data/africa_full_predictor_data/africa_full_predictor_data_2007-06-28.parquet",278243635
"data/africa_full_predictor_data/africa_full_predictor_data_2007-06-29.parquet",278098277
"data/africa_full_predictor_data/africa_full_predictor_data_2007-06-30.parquet",278055077
"data/africa_full_predictor_data/africa_full_predictor_data_2007-07-01.parquet",277173370
"data/africa_full_predictor_data/africa_full_predictor_data_2007-07-02.parquet",276933105
"data/africa_full_predictor_data/africa_full_predictor_data_2007-07-03.parquet",276741835
"data/africa_full_predictor_data/africa_full_predictor_data_2007-07-04.parquet",276424959
"data/africa_full_predictor_data/africa_full_predictor_data_2007-07-05.parquet",277216895
"data/africa_full_predictor_data/africa_full_predictor_data_2007-07-06.parquet",277279822
"data/africa_full_predictor_data/africa_full_predictor_data_2007-07-07.parquet",277441359
"data/africa_full_predictor_data/africa_full_predictor_data_2007-07-08.parquet",277651079
"data/africa_full_predictor_data/africa_full_predictor_data_2007-07-09.parquet",277319165
"data/africa_full_predictor_data/africa_full_predictor_data_2007-07-10.parquet",277474668
"data/africa_full_predictor_data/africa_full_predictor_data_2007-07-11.parquet",277512876
"data/africa_full_predictor_data/africa_full_predictor_data_2007-07-12.parquet",277275895
"data/africa_full_predictor_data/africa_full_predictor_data_2007-07-13.parquet",277773271
"data/africa_full_predictor_data/africa_full_predictor_data_2007-07-14.parquet",277552363
"data/africa_full_predictor_data/africa_full_predictor_data_2007-07-15.parquet",277468306
"data/africa_full_predictor_data/africa_full_predictor_data_2007-07-16.parquet",277261814
"data/africa_full_predictor_data/africa_full_predictor_data_2007-07-17.parquet",277142479
"data/africa_full_predictor_data/africa_full_predictor_data_2007-07-18.parquet",277456072
"data/africa_full_predictor_data/africa_full_predictor_data_2007-07-19.parquet",277187802
"data/africa_full_predictor_data/africa_full_predictor_data_2007-07-20.parquet",278224393
"data/africa_full_predictor_data/africa_full_predictor_data_2007-07-21.parquet",277667687
"data/africa_full_predictor_data/africa_full_predictor_data_2007-07-22.parquet",277603641
"data/africa_full_predictor_data/africa_full_predictor_data_2007-07-23.parquet",277655899
"data/africa_full_predictor_data/africa_full_predictor_data_2007-07-24.parquet",277893504
"data/africa_full_predictor_data/africa_full_predictor_data_2007-07-25.parquet",277958754
"data/africa_full_predictor_data/africa_full_predictor_data_2007-07-26.parquet",278106434
"data/africa_full_predictor_data/africa_full_predictor_data_2007-07-27.parquet",278080808
"data/africa_full_predictor_data/africa_full_predictor_data_2007-07-28.parquet",278312533
"data/africa_full_predictor_data/africa_full_predictor_data_2007-07-29.parquet",278364623
"data/africa_full_predictor_data/africa_full_predictor_data_2007-07-30.parquet",277939918
"data/africa_full_predictor_data/africa_full_predictor_data_2007-07-31.parquet",277889700
"data/africa_full_predictor_data/africa_full_predictor_data_2007-08-01.parquet",278058128
"data/africa_full_predictor_data/africa_full_predictor_data_2007-08-02.parquet",277824273
"data/africa_full_predictor_data/africa_full_predictor_data_2007-08-03.parquet",278189108
"data/africa_full_predictor_data/africa_full_predictor_data_2007-08-04.parquet",278516999
"data/africa_full_predictor_data/africa_full_predictor_data_2007-08-05.parquet",278483495
"data/africa_full_predictor_data/africa_full_predictor_data_2007-08-06.parquet",278106403
"data/africa_full_predictor_data/africa_full_predictor_data_2007-08-07.parquet",278261432
"data/africa_full_predictor_data/africa_full_predictor_data_2007-08-08.parquet",278437963
"data/africa_full_predictor_data/africa_full_predictor_data_2007-08-09.parquet",277883678
"data/africa_full_predictor_data/africa_full_predictor_data_2007-08-10.parquet",278048065
"data/africa_full_predictor_data/africa_full_predictor_data_2007-08-11.parquet",277353543
"data/africa_full_predictor_data/africa_full_predictor_data_2007-08-12.parquet",277254745
"data/africa_full_predictor_data/africa_full_predictor_data_2007-08-13.parquet",277334318
"data/africa_full_predictor_data/africa_full_predictor_data_2007-08-14.parquet",277229328
"data/africa_full_predictor_data/africa_full_predictor_data_2007-08-15.parquet",277646686
"data/africa_full_predictor_data/africa_full_predictor_data_2007-08-16.parquet",277350852
"data/africa_full_predictor_data/africa_full_predictor_data_2007-08-17.parquet",277536805
"data/africa_full_predictor_data/africa_full_predictor_data_2007-08-18.parquet",277385047
"data/africa_full_predictor_data/africa_full_predictor_data_2007-08-19.parquet",277330748
"data/africa_full_predictor_data/africa_full_predictor_data_2007-08-20.parquet",278117373
"data/africa_full_predictor_data/africa_full_predictor_data_2007-08-21.parquet",278212881
"data/africa_full_predictor_data/africa_full_predictor_data_2007-08-22.parquet",278016683
"data/africa_full_predictor_data/africa_full_predictor_data_2007-08-23.parquet",278607458
"data/africa_full_predictor_data/africa_full_predictor_data_2007-08-24.parquet",278538348
"data/africa_full_predictor_data/africa_full_predictor_data_2007-08-25.parquet",278126408
"data/africa_full_predictor_data/africa_full_predictor_data_2007-08-26.parquet",277891384
"data/africa_full_predictor_data/africa_full_predictor_data_2007-08-27.parquet",278117481
"data/africa_full_predictor_data/africa_full_predictor_data_2007-08-28.parquet",278101937
"data/africa_full_predictor_data/africa_full_predictor_data_2007-08-29.parquet",278165107
"data/africa_full_predictor_data/africa_full_predictor_data_2007-08-30.parquet",278095413
"data/africa_full_predictor_data/africa_full_predictor_data_2007-08-31.parquet",278034795
"data/africa_full_predictor_data/africa_full_predictor_data_2007-09-01.parquet",278045430
"data/africa_full_predictor_data/africa_full_predictor_data_2007-09-02.parquet",277909774
"data/africa_full_predictor_data/africa_full_predictor_data_2007-09-03.parquet",277868497
"data/africa_full_predictor_data/africa_full_predictor_data_2007-09-04.parquet",278359214
"data/africa_full_predictor_data/africa_full_predictor_data_2007-09-05.parquet",278572423
"data/africa_full_predictor_data/africa_full_predictor_data_2007-09-06.parquet",278588300
"data/africa_full_predictor_data/africa_full_predictor_data_2007-09-07.parquet",278573146
"data/africa_full_predictor_data/africa_full_predictor_data_2007-09-08.parquet",278198594
"data/africa_full_predictor_data/africa_full_predictor_data_2007-09-09.parquet",278249105
"data/africa_full_predictor_data/africa_full_predictor_data_2007-09-10.parquet",278609892
"data/africa_full_predictor_data/africa_full_predictor_data_2007-09-11.parquet",278190478
"data/africa_full_predictor_data/africa_full_predictor_data_2007-09-12.parquet",277870367
"data/africa_full_predictor_data/africa_full_predictor_data_2007-09-13.parquet",278349376
"data/africa_full_predictor_data/africa_full_predictor_data_2007-09-14.parquet",277995535
"data/africa_full_predictor_data/africa_full_predictor_data_2007-09-15.parquet",277659894
"data/africa_full_predictor_data/africa_full_predictor_data_2007-09-16.parquet",277913163
"data/africa_full_predictor_data/africa_full_predictor_data_2007-09-17.parquet",278004483
"data/africa_full_predictor_data/africa_full_predictor_data_2007-09-18.parquet",278549648
"data/africa_full_predictor_data/africa_full_predictor_data_2007-09-19.parquet",278396744
"data/africa_full_predictor_data/africa_full_predictor_data_2007-09-20.parquet",278709404
"data/africa_full_predictor_data/africa_full_predictor_data_2007-09-21.parquet",278472845
"data/africa_full_predictor_data/africa_full_predictor_data_2007-09-22.parquet",278867637
"data/africa_full_predictor_data/africa_full_predictor_data_2007-09-23.parquet",278816921
"data/africa_full_predictor_data/africa_full_predictor_data_2007-09-24.parquet",279136965
"data/africa_full_predictor_data/africa_full_predictor_data_2007-09-25.parquet",278452794
"data/africa_full_predictor_data/africa_full_predictor_data_2007-09-26.parquet",278919535
"data/africa_full_predictor_data/africa_full_predictor_data_2007-09-27.parquet",278765307
"data/africa_full_predictor_data/africa_full_predictor_data_2007-09-28.parquet",279101470
"data/africa_full_predictor_data/africa_full_predictor_data_2007-09-29.parquet",279126001
"data/africa_full_predictor_data/africa_full_predictor_data_2007-09-30.parquet",279399112
"data/africa_full_predictor_data/africa_full_predictor_data_2007-10-01.parquet",279544966
"data/africa_full_predictor_data/africa_full_predictor_data_2007-10-02.parquet",279481009
"data/africa_full_predictor_data/africa_full_predictor_data_2007-10-03.parquet",279344581
"data/africa_full_predictor_data/africa_full_predictor_data_2007-10-04.parquet",279508967
"data/africa_full_predictor_data/africa_full_predictor_data_2007-10-05.parquet",279246234
"data/africa_full_predictor_data/africa_full_predictor_data_2007-10-06.parquet",279508039
"data/africa_full_predictor_data/africa_full_predictor_data_2007-10-07.parquet",279564077
"data/africa_full_predictor_data/africa_full_predictor_data_2007-10-08.parquet",279577509
"data/africa_full_predictor_data/africa_full_predictor_data_2007-10-09.parquet",279855707
"data/africa_full_predictor_data/africa_full_predictor_data_2007-10-10.parquet",279667994
"data/africa_full_predictor_data/africa_full_predictor_data_2007-10-11.parquet",279526394
"data/africa_full_predictor_data/africa_full_predictor_data_2007-10-12.parquet",279309725
"data/africa_full_predictor_data/africa_full_predictor_data_2007-10-13.parquet",279384088
"data/africa_full_predictor_data/africa_full_predictor_data_2007-10-14.parquet",279611263
"data/africa_full_predictor_data/africa_full_predictor_data_2007-10-15.parquet",279581708
"data/africa_full_predictor_data/africa_full_predictor_data_2007-10-16.parquet",279875086
"data/africa_full_predictor_data/africa_full_predictor_data_2007-10-17.parquet",279842493
"data/africa_full_predictor_data/africa_full_predictor_data_2007-10-18.parquet",280009502
"data/africa_full_predictor_data/africa_full_predictor_data_2007-10-19.parquet",279649096
"data/africa_full_predictor_data/africa_full_predictor_data_2007-10-20.parquet",279753440
"data/africa_full_predictor_data/africa_full_predictor_data_2007-10-21.parquet",279921714
"data/africa_full_predictor_data/africa_full_predictor_data_2007-10-22.parquet",279736981
"data/africa_full_predictor_data/africa_full_predictor_data_2007-10-23.parquet",279511159
"data/africa_full_predictor_data/africa_full_predictor_data_2007-10-24.parquet",279837948
"data/africa_full_predictor_data/africa_full_predictor_data_2007-10-25.parquet",280089588
"data/africa_full_predictor_data/africa_full_predictor_data_2007-10-26.parquet",279890342
"data/africa_full_predictor_data/africa_full_predictor_data_2007-10-27.parquet",280295722
"data/africa_full_predictor_data/africa_full_predictor_data_2007-10-28.parquet",279968328
"data/africa_full_predictor_data/africa_full_predictor_data_2007-10-29.parquet",279879183
"data/africa_full_predictor_data/africa_full_predictor_data_2007-10-30.parquet",279796344
"data/africa_full_predictor_data/africa_full_predictor_data_2007-10-31.parquet",279567367
"data/africa_full_predictor_data/africa_full_predictor_data_2007-11-01.parquet",279684102
"data/africa_full_predictor_data/africa_full_predictor_data_2007-11-02.parquet",279542328
"data/africa_full_predictor_data/africa_full_predictor_data_2007-11-03.parquet",280113958
"data/africa_full_predictor_data/africa_full_predictor_data_2007-11-04.parquet",279782371
"data/africa_full_predictor_data/africa_full_predictor_data_2007-11-05.parquet",279787558
"data/africa_full_predictor_data/africa_full_predictor_data_2007-11-06.parquet",279898475
"data/africa_full_predictor_data/africa_full_predictor_data_2007-11-07.parquet",279611451
"data/africa_full_predictor_data/africa_full_predictor_data_2007-11-08.parquet",279321333
"data/africa_full_predictor_data/africa_full_predictor_data_2007-11-09.parquet",279244641
"data/africa_full_predictor_data/africa_full_predictor_data_2007-11-10.parquet",279493875
"data/africa_full_predictor_data/africa_full_predictor_data_2007-11-11.parquet",279321832
"data/africa_full_predictor_data/africa_full_predictor_data_2007-11-12.parquet",278857916
"data/africa_full_predictor_data/africa_full_predictor_data_2007-11-13.parquet",278896046
"data/africa_full_predictor_data/africa_full_predictor_data_2007-11-14.parquet",278510678
"data/africa_full_predictor_data/africa_full_predictor_data_2007-11-15.parquet",279246903
"data/africa_full_predictor_data/africa_full_predictor_data_2007-11-16.parquet",278666567
"data/africa_full_predictor_data/africa_full_predictor_data_2007-11-17.parquet",278865391
"data/africa_full_predictor_data/africa_full_predictor_data_2007-11-18.parquet",279066613
"data/africa_full_predictor_data/africa_full_predictor_data_2007-11-19.parquet",279345281
"data/africa_full_predictor_data/africa_full_predictor_data_2007-11-20.parquet",279078199
"data/africa_full_predictor_data/africa_full_predictor_data_2007-11-21.parquet",278874153
"data/africa_full_predictor_data/africa_full_predictor_data_2007-11-22.parquet",279073372
"data/africa_full_predictor_data/africa_full_predictor_data_2007-11-23.parquet",278772645
"data/africa_full_predictor_data/africa_full_predictor_data_2007-11-24.parquet",278664239
"data/africa_full_predictor_data/africa_full_predictor_data_2007-11-25.parquet",278751783
"data/africa_full_predictor_data/africa_full_predictor_data_2007-11-26.parquet",278688933
"data/africa_full_predictor_data/africa_full_predictor_data_2007-11-27.parquet",278366647
"data/africa_full_predictor_data/africa_full_predictor_data_2007-11-28.parquet",278321233
"data/africa_full_predictor_data/africa_full_predictor_data_2007-11-29.parquet",278727052
"data/africa_full_predictor_data/africa_full_predictor_data_2007-11-30.parquet",278956381
"data/africa_full_predictor_data/africa_full_predictor_data_2007-12-01.parquet",278471243
"data/africa_full_predictor_data/africa_full_predictor_data_2007-12-02.parquet",278491341
"data/africa_full_predictor_data/africa_full_predictor_data_2007-12-03.parquet",278973887
"data/africa_full_predictor_data/africa_full_predictor_data_2007-12-04.parquet",278666946
"data/africa_full_predictor_data/africa_full_predictor_data_2007-12-05.parquet",278427471
"data/africa_full_predictor_data/africa_full_predictor_data_2007-12-06.parquet",278178288
"data/africa_full_predictor_data/africa_full_predictor_data_2007-12-07.parquet",278138401
"data/africa_full_predictor_data/africa_full_predictor_data_2007-12-08.parquet",277975583
"data/africa_full_predictor_data/africa_full_predictor_data_2007-12-09.parquet",277838740
"data/africa_full_predictor_data/africa_full_predictor_data_2007-12-10.parquet",278127610
"data/africa_full_predictor_data/africa_full_predictor_data_2007-12-11.parquet",277721496
"data/africa_full_predictor_data/africa_full_predictor_data_2007-12-12.parquet",278342402
"data/africa_full_predictor_data/africa_full_predictor_data_2007-12-13.parquet",277972127
"data/africa_full_predictor_data/africa_full_predictor_data_2007-12-14.parquet",278064942
"data/africa_full_predictor_data/africa_full_predictor_data_2007-12-15.parquet",278465085
"data/africa_full_predictor_data/africa_full_predictor_data_2007-12-16.parquet",277627761
"data/africa_full_predictor_data/africa_full_predictor_data_2007-12-17.parquet",277030081
"data/africa_full_predictor_data/africa_full_predictor_data_2007-12-18.parquet",276991953
"data/africa_full_predictor_data/africa_full_predictor_data_2007-12-19.parquet",277128740
"data/africa_full_predictor_data/africa_full_predictor_data_2007-12-20.parquet",277682444
"data/africa_full_predictor_data/africa_full_predictor_data_2007-12-21.parquet",277799414
"data/africa_full_predictor_data/africa_full_predictor_data_2007-12-22.parquet",277697165
"data/africa_full_predictor_data/africa_full_predictor_data_2007-12-23.parquet",277721059
"data/africa_full_predictor_data/africa_full_predictor_data_2007-12-24.parquet",277388779
"data/africa_full_predictor_data/africa_full_predictor_data_2007-12-25.parquet",277337408
"data/africa_full_predictor_data/africa_full_predictor_data_2007-12-26.parquet",277482823
"data/africa_full_predictor_data/africa_full_predictor_data_2007-12-27.parquet",277632056
"data/africa_full_predictor_data/africa_full_predictor_data_2007-12-28.parquet",277518540
"data/africa_full_predictor_data/africa_full_predictor_data_2007-12-29.parquet",277505290
"data/africa_full_predictor_data/africa_full_predictor_data_2007-12-30.parquet",277930562
"data/africa_full_predictor_data/africa_full_predictor_data_2007-12-31.parquet",277551628
"data/africa_full_predictor_data/africa_full_predictor_data_2008-01-01.parquet",278181472
"data/africa_full_predictor_data/africa_full_predictor_data_2008-01-02.parquet",277706173
"data/africa_full_predictor_data/africa_full_predictor_data_2008-01-03.parquet",277711613
"data/africa_full_predictor_data/africa_full_predictor_data_2008-01-04.parquet",278059706
"data/africa_full_predictor_data/africa_full_predictor_data_2008-01-05.parquet",278102174
"data/africa_full_predictor_data/africa_full_predictor_data_2008-01-06.parquet",278130238
"data/africa_full_predictor_data/africa_full_predictor_data_2008-01-07.parquet",278833340
"data/africa_full_predictor_data/africa_full_predictor_data_2008-01-08.parquet",278434696
"data/africa_full_predictor_data/africa_full_predictor_data_2008-01-09.parquet",278031345
"data/africa_full_predictor_data/africa_full_predictor_data_2008-01-10.parquet",278343370
"data/africa_full_predictor_data/africa_full_predictor_data_2008-01-11.parquet",278226668
"data/africa_full_predictor_data/africa_full_predictor_data_2008-01-12.parquet",277804416
"data/africa_full_predictor_data/africa_full_predictor_data_2008-01-13.parquet",277634599
"data/africa_full_predictor_data/africa_full_predictor_data_2008-01-14.parquet",277666721
"data/africa_full_predictor_data/africa_full_predictor_data_2008-01-15.parquet",278050477
"data/africa_full_predictor_data/africa_full_predictor_data_2008-01-16.parquet",278095921
"data/africa_full_predictor_data/africa_full_predictor_data_2008-01-17.parquet",278666983
"data/africa_full_predictor_data/africa_full_predictor_data_2008-01-18.parquet",279002159
"data/africa_full_predictor_data/africa_full_predictor_data_2008-01-19.parquet",278897201
"data/africa_full_predictor_data/africa_full_predictor_data_2008-01-20.parquet",278762601
"data/africa_full_predictor_data/africa_full_predictor_data_2008-01-21.parquet",279384236
"data/africa_full_predictor_data/africa_full_predictor_data_2008-01-22.parquet",278465976
"data/africa_full_predictor_data/africa_full_predictor_data_2008-01-23.parquet",277883200
"data/africa_full_predictor_data/africa_full_predictor_data_2008-01-24.parquet",278088083
"data/africa_full_predictor_data/africa_full_predictor_data_2008-01-25.parquet",278432327
"data/africa_full_predictor_data/africa_full_predictor_data_2008-01-26.parquet",278695809
"data/africa_full_predictor_data/africa_full_predictor_data_2008-01-27.parquet",278940183
"data/africa_full_predictor_data/africa_full_predictor_data_2008-01-28.parquet",278658243
"data/africa_full_predictor_data/africa_full_predictor_data_2008-01-29.parquet",278556267
"data/africa_full_predictor_data/africa_full_predictor_data_2008-01-30.parquet",278335703
"data/africa_full_predictor_data/africa_full_predictor_data_2008-01-31.parquet",278467203
"data/africa_full_predictor_data/africa_full_predictor_data_2008-02-01.parquet",278828576
"data/africa_full_predictor_data/africa_full_predictor_data_2008-02-02.parquet",278711202
"data/africa_full_predictor_data/africa_full_predictor_data_2008-02-03.parquet",278663172
"data/africa_full_predictor_data/africa_full_predictor_data_2008-02-04.parquet",277919642
"data/africa_full_predictor_data/africa_full_predictor_data_2008-02-05.parquet",278437251
"data/africa_full_predictor_data/africa_full_predictor_data_2008-02-06.parquet",278583997
"data/africa_full_predictor_data/africa_full_predictor_data_2008-02-07.parquet",278554799
"data/africa_full_predictor_data/africa_full_predictor_data_2008-02-08.parquet",278685884
"data/africa_full_predictor_data/africa_full_predictor_data_2008-02-09.parquet",278553528
"data/africa_full_predictor_data/africa_full_predictor_data_2008-02-10.parquet",278732358
"data/africa_full_predictor_data/africa_full_predictor_data_2008-02-11.parquet",278740912
"data/africa_full_predictor_data/africa_full_predictor_data_2008-02-12.parquet",278875614
"data/africa_full_predictor_data/africa_full_predictor_data_2008-02-13.parquet",278875356
"data/africa_full_predictor_data/africa_full_predictor_data_2008-02-14.parquet",278768235
"data/africa_full_predictor_data/africa_full_predictor_data_2008-02-15.parquet",279009482
"data/africa_full_predictor_data/africa_full_predictor_data_2008-02-16.parquet",279108137
"data/africa_full_predictor_data/africa_full_predictor_data_2008-02-17.parquet",279010820
"data/africa_full_predictor_data/africa_full_predictor_data_2008-02-18.parquet",279132176
"data/africa_full_predictor_data/africa_full_predictor_data_2008-02-19.parquet",279909393
"data/africa_full_predictor_data/africa_full_predictor_data_2008-02-20.parquet",279155956
"data/africa_full_predictor_data/africa_full_predictor_data_2008-02-21.parquet",279168687
"data/africa_full_predictor_data/africa_full_predictor_data_2008-02-22.parquet",279171109
"data/africa_full_predictor_data/africa_full_predictor_data_2008-02-23.parquet",279105451
"data/africa_full_predictor_data/africa_full_predictor_data_2008-02-24.parquet",279629349
"data/africa_full_predictor_data/africa_full_predictor_data_2008-02-25.parquet",279253978
"data/africa_full_predictor_data/africa_full_predictor_data_2008-02-26.parquet",278750060
"data/africa_full_predictor_data/africa_full_predictor_data_2008-02-27.parquet",278366696
"data/africa_full_predictor_data/africa_full_predictor_data_2008-02-28.parquet",278817877
"data/africa_full_predictor_data/africa_full_predictor_data_2008-02-29.parquet",279109550
"data/africa_full_predictor_data/africa_full_predictor_data_2008-03-01.parquet",278579343
"data/africa_full_predictor_data/africa_full_predictor_data_2008-03-02.parquet",278648968
"data/africa_full_predictor_data/africa_full_predictor_data_2008-03-03.parquet",278661843
"data/africa_full_predictor_data/africa_full_predictor_data_2008-03-04.parquet",278968487
"data/africa_full_predictor_data/africa_full_predictor_data_2008-03-05.parquet",278888392
"data/africa_full_predictor_data/africa_full_predictor_data_2008-03-06.parquet",279096985
"data/africa_full_predictor_data/africa_full_predictor_data_2008-03-07.parquet",278999424
"data/africa_full_predictor_data/africa_full_predictor_data_2008-03-08.parquet",279708777
"data/africa_full_predictor_data/africa_full_predictor_data_2008-03-09.parquet",279327155
"data/africa_full_predictor_data/africa_full_predictor_data_2008-03-10.parquet",279328566
"data/africa_full_predictor_data/africa_full_predictor_data_2008-03-11.parquet",279574337
"data/africa_full_predictor_data/africa_full_predictor_data_2008-03-12.parquet",279670680
"data/africa_full_predictor_data/africa_full_predictor_data_2008-03-13.parquet",279498139
"data/africa_full_predictor_data/africa_full_predictor_data_2008-03-14.parquet",279421075
"data/africa_full_predictor_data/africa_full_predictor_data_2008-03-15.parquet",279631361
"data/africa_full_predictor_data/africa_full_predictor_data_2008-03-16.parquet",279218555
"data/africa_full_predictor_data/africa_full_predictor_data_2008-03-17.parquet",279605070
"data/africa_full_predictor_data/africa_full_predictor_data_2008-03-18.parquet",280301167
"data/africa_full_predictor_data/africa_full_predictor_data_2008-03-19.parquet",279753085
"data/africa_full_predictor_data/africa_full_predictor_data_2008-03-20.parquet",279741621
"data/africa_full_predictor_data/africa_full_predictor_data_2008-03-21.parquet",279944992
"data/africa_full_predictor_data/africa_full_predictor_data_2008-03-22.parquet",279839806
"data/africa_full_predictor_data/africa_full_predictor_data_2008-03-23.parquet",279950627
"data/africa_full_predictor_data/africa_full_predictor_data_2008-03-24.parquet",280050847
"data/africa_full_predictor_data/africa_full_predictor_data_2008-03-25.parquet",279489729
"data/africa_full_predictor_data/africa_full_predictor_data_2008-03-26.parquet",279659477
"data/africa_full_predictor_data/africa_full_predictor_data_2008-03-27.parquet",279853676
"data/africa_full_predictor_data/africa_full_predictor_data_2008-03-28.parquet",280061145
"data/africa_full_predictor_data/africa_full_predictor_data_2008-03-29.parquet",280233750
"data/africa_full_predictor_data/africa_full_predictor_data_2008-03-30.parquet",280010342
"data/africa_full_predictor_data/africa_full_predictor_data_2008-03-31.parquet",279517270
"data/africa_full_predictor_data/africa_full_predictor_data_2008-04-01.parquet",279339600
"data/africa_full_predictor_data/africa_full_predictor_data_2008-04-02.parquet",279375582
"data/africa_full_predictor_data/africa_full_predictor_data_2008-04-03.parquet",279825811
"data/africa_full_predictor_data/africa_full_predictor_data_2008-04-04.parquet",280020284
"data/africa_full_predictor_data/africa_full_predictor_data_2008-04-05.parquet",280461357
"data/africa_full_predictor_data/africa_full_predictor_data_2008-04-06.parquet",280139207
"data/africa_full_predictor_data/africa_full_predictor_data_2008-04-07.parquet",280113548
"data/africa_full_predictor_data/africa_full_predictor_data_2008-04-08.parquet",280376671
"data/africa_full_predictor_data/africa_full_predictor_data_2008-04-09.parquet",280586298
"data/africa_full_predictor_data/africa_full_predictor_data_2008-04-10.parquet",280293342
"data/africa_full_predictor_data/africa_full_predictor_data_2008-04-11.parquet",280207276
"data/africa_full_predictor_data/africa_full_predictor_data_2008-04-12.parquet",279962681
"data/africa_full_predictor_data/africa_full_predictor_data_2008-04-13.parquet",280503691
"data/africa_full_predictor_data/africa_full_predictor_data_2008-04-14.parquet",280647304
"data/africa_full_predictor_data/africa_full_predictor_data_2008-04-15.parquet",280185245
"data/africa_full_predictor_data/africa_full_predictor_data_2008-04-16.parquet",279673573
"data/africa_full_predictor_data/africa_full_predictor_data_2008-04-17.parquet",280316075
"data/africa_full_predictor_data/africa_full_predictor_data_2008-04-18.parquet",280208369
"data/africa_full_predictor_data/africa_full_predictor_data_2008-04-19.parquet",280118864
"data/africa_full_predictor_data/africa_full_predictor_data_2008-04-20.parquet",280252542
"data/africa_full_predictor_data/africa_full_predictor_data_2008-04-21.parquet",280534294
"data/africa_full_predictor_data/africa_full_predictor_data_2008-04-22.parquet",280685841
"data/africa_full_predictor_data/africa_full_predictor_data_2008-04-23.parquet",281165287
"data/africa_full_predictor_data/africa_full_predictor_data_2008-04-24.parquet",280997788
"data/africa_full_predictor_data/africa_full_predictor_data_2008-04-25.parquet",280839129
"data/africa_full_predictor_data/africa_full_predictor_data_2008-04-26.parquet",280905073
"data/africa_full_predictor_data/africa_full_predictor_data_2008-04-27.parquet",280586104
"data/africa_full_predictor_data/africa_full_predictor_data_2008-04-28.parquet",280804788
"data/africa_full_predictor_data/africa_full_predictor_data_2008-04-29.parquet",280988144
"data/africa_full_predictor_data/africa_full_predictor_data_2008-04-30.parquet",280933810
"data/africa_full_predictor_data/africa_full_predictor_data_2008-05-01.parquet",280650852
"data/africa_full_predictor_data/africa_full_predictor_data_2008-05-02.parquet",280685443
"data/africa_full_predictor_data/africa_full_predictor_data_2008-05-03.parquet",280502670
"data/africa_full_predictor_data/africa_full_predictor_data_2008-05-04.parquet",280354745
"data/africa_full_predictor_data/africa_full_predictor_data_2008-05-05.parquet",280511653
"data/africa_full_predictor_data/africa_full_predictor_data_2008-05-06.parquet",280662987
"data/africa_full_predictor_data/africa_full_predictor_data_2008-05-07.parquet",280724087
"data/africa_full_predictor_data/africa_full_predictor_data_2008-05-08.parquet",280993496
"data/africa_full_predictor_data/africa_full_predictor_data_2008-05-09.parquet",280498565
"data/africa_full_predictor_data/africa_full_predictor_data_2008-05-10.parquet",280300347
"data/africa_full_predictor_data/africa_full_predictor_data_2008-05-11.parquet",280199968
"data/africa_full_predictor_data/africa_full_predictor_data_2008-05-12.parquet",279621259
"data/africa_full_predictor_data/africa_full_predictor_data_2008-05-13.parquet",280576234
"data/africa_full_predictor_data/africa_full_predictor_data_2008-05-14.parquet",280057049
"data/africa_full_predictor_data/africa_full_predictor_data_2008-05-15.parquet",280068568
"data/africa_full_predictor_data/africa_full_predictor_data_2008-05-16.parquet",279837786
"data/africa_full_predictor_data/africa_full_predictor_data_2008-05-17.parquet",279930528
"data/africa_full_predictor_data/africa_full_predictor_data_2008-05-18.parquet",280065982
"data/africa_full_predictor_data/africa_full_predictor_data_2008-05-19.parquet",280265085
"data/africa_full_predictor_data/africa_full_predictor_data_2008-05-20.parquet",279751434
"data/africa_full_predictor_data/africa_full_predictor_data_2008-05-21.parquet",279578327
"data/africa_full_predictor_data/africa_full_predictor_data_2008-05-22.parquet",279566231
"data/africa_full_predictor_data/africa_full_predictor_data_2008-05-23.parquet",279713773
"data/africa_full_predictor_data/africa_full_predictor_data_2008-05-24.parquet",279775446
"data/africa_full_predictor_data/africa_full_predictor_data_2008-05-25.parquet",279725803
"data/africa_full_predictor_data/africa_full_predictor_data_2008-05-26.parquet",280398077
"data/africa_full_predictor_data/africa_full_predictor_data_2008-05-27.parquet",280432823
"data/africa_full_predictor_data/africa_full_predictor_data_2008-05-28.parquet",279947139
"data/africa_full_predictor_data/africa_full_predictor_data_2008-05-29.parquet",279934237
"data/africa_full_predictor_data/africa_full_predictor_data_2008-05-30.parquet",279460739
"data/africa_full_predictor_data/africa_full_predictor_data_2008-05-31.parquet",279109529
"data/africa_full_predictor_data/africa_full_predictor_data_2008-06-01.parquet",279033366
"data/africa_full_predictor_data/africa_full_predictor_data_2008-06-02.parquet",279032138
"data/africa_full_predictor_data/africa_full_predictor_data_2008-06-03.parquet",278705742
"data/africa_full_predictor_data/africa_full_predictor_data_2008-06-04.parquet",279005826
"data/africa_full_predictor_data/africa_full_predictor_data_2008-06-05.parquet",279376070
"data/africa_full_predictor_data/africa_full_predictor_data_2008-06-06.parquet",279118445
"data/africa_full_predictor_data/africa_full_predictor_data_2008-06-07.parquet",279256141
"data/africa_full_predictor_data/africa_full_predictor_data_2008-06-08.parquet",279147092
"data/africa_full_predictor_data/africa_full_predictor_data_2008-06-09.parquet",278913560
"data/africa_full_predictor_data/africa_full_predictor_data_2008-06-10.parquet",278565101
"data/africa_full_predictor_data/africa_full_predictor_data_2008-06-11.parquet",278497759
"data/africa_full_predictor_data/africa_full_predictor_data_2008-06-12.parquet",278330304
"data/africa_full_predictor_data/africa_full_predictor_data_2008-06-13.parquet",278654764
"data/africa_full_predictor_data/africa_full_predictor_data_2008-06-14.parquet",278026244
"data/africa_full_predictor_data/africa_full_predictor_data_2008-06-15.parquet",278045503
"data/africa_full_predictor_data/africa_full_predictor_data_2008-06-16.parquet",277976666
"data/africa_full_predictor_data/africa_full_predictor_data_2008-06-17.parquet",278005661
"data/africa_full_predictor_data/africa_full_predictor_data_2008-06-18.parquet",278097901
"data/africa_full_predictor_data/africa_full_predictor_data_2008-06-19.parquet",278127592
"data/africa_full_predictor_data/africa_full_predictor_data_2008-06-20.parquet",278549426
"data/africa_full_predictor_data/africa_full_predictor_data_2008-06-21.parquet",278300598
"data/africa_full_predictor_data/africa_full_predictor_data_2008-06-22.parquet",278095053
"data/africa_full_predictor_data/africa_full_predictor_data_2008-06-23.parquet",278184996
"data/africa_full_predictor_data/africa_full_predictor_data_2008-06-24.parquet",277953041
"data/africa_full_predictor_data/africa_full_predictor_data_2008-06-25.parquet",278184026
"data/africa_full_predictor_data/africa_full_predictor_data_2008-06-26.parquet",278090617
"data/africa_full_predictor_data/africa_full_predictor_data_2008-06-27.parquet",278461522
"data/africa_full_predictor_data/africa_full_predictor_data_2008-06-28.parquet",277950611
"data/africa_full_predictor_data/africa_full_predictor_data_2008-06-29.parquet",277970736
"data/africa_full_predictor_data/africa_full_predictor_data_2008-06-30.parquet",277265120
"data/africa_full_predictor_data/africa_full_predictor_data_2008-07-01.parquet",276810617
"data/africa_full_predictor_data/africa_full_predictor_data_2008-07-02.parquet",276675614
"data/africa_full_predictor_data/africa_full_predictor_data_2008-07-03.parquet",276684081
"data/africa_full_predictor_data/africa_full_predictor_data_2008-07-04.parquet",277156089
"data/africa_full_predictor_data/africa_full_predictor_data_2008-07-05.parquet",277382938
"data/africa_full_predictor_data/africa_full_predictor_data_2008-07-06.parquet",277784014
"data/africa_full_predictor_data/africa_full_predictor_data_2008-07-07.parquet",277137783
"data/africa_full_predictor_data/africa_full_predictor_data_2008-07-08.parquet",277526501
"data/africa_full_predictor_data/africa_full_predictor_data_2008-07-09.parquet",277458811
"data/africa_full_predictor_data/africa_full_predictor_data_2008-07-10.parquet",277402163
"data/africa_full_predictor_data/africa_full_predictor_data_2008-07-11.parquet",277204538
"data/africa_full_predictor_data/africa_full_predictor_data_2008-07-12.parquet",276793835
"data/africa_full_predictor_data/africa_full_predictor_data_2008-07-13.parquet",277125070
"data/africa_full_predictor_data/africa_full_predictor_data_2008-07-14.parquet",277708961
"data/africa_full_predictor_data/africa_full_predictor_data_2008-07-15.parquet",277486976
"data/africa_full_predictor_data/africa_full_predictor_data_2008-07-16.parquet",276913727
"data/africa_full_predictor_data/africa_full_predictor_data_2008-07-17.parquet",277050937
"data/africa_full_predictor_data/africa_full_predictor_data_2008-07-18.parquet",277142006
"data/africa_full_predictor_data/africa_full_predictor_data_2008-07-19.parquet",277526422
"data/africa_full_predictor_data/africa_full_predictor_data_2008-07-20.parquet",277556263
"data/africa_full_predictor_data/africa_full_predictor_data_2008-07-21.parquet",277640726
"data/africa_full_predictor_data/africa_full_predictor_data_2008-07-22.parquet",277688457
"data/africa_full_predictor_data/africa_full_predictor_data_2008-07-23.parquet",277835627
"data/africa_full_predictor_data/africa_full_predictor_data_2008-07-24.parquet",277954429
"data/africa_full_predictor_data/africa_full_predictor_data_2008-07-25.parquet",277830588
"data/africa_full_predictor_data/africa_full_predictor_data_2008-07-26.parquet",277800519
"data/africa_full_predictor_data/africa_full_predictor_data_2008-07-27.parquet",277931365
"data/africa_full_predictor_data/africa_full_predictor_data_2008-07-28.parquet",277728388
"data/africa_full_predictor_data/africa_full_predictor_data_2008-07-29.parquet",278243235
"data/africa_full_predictor_data/africa_full_predictor_data_2008-07-30.parquet",277906469
"data/africa_full_predictor_data/africa_full_predictor_data_2008-07-31.parquet",277811692
"data/africa_full_predictor_data/africa_full_predictor_data_2008-08-01.parquet",278160869
"data/africa_full_predictor_data/africa_full_predictor_data_2008-08-02.parquet",278198797
"data/africa_full_predictor_data/africa_full_predictor_data_2008-08-03.parquet",278322591
"data/africa_full_predictor_data/africa_full_predictor_data_2008-08-04.parquet",278259668
"data/africa_full_predictor_data/africa_full_predictor_data_2008-08-05.parquet",278402046
"data/africa_full_predictor_data/africa_full_predictor_data_2008-08-06.parquet",278121400
"data/africa_full_predictor_data/africa_full_predictor_data_2008-08-07.parquet",278888109
"data/africa_full_predictor_data/africa_full_predictor_data_2008-08-08.parquet",277776917
"data/africa_full_predictor_data/africa_full_predictor_data_2008-08-09.parquet",277515856
"data/africa_full_predictor_data/africa_full_predictor_data_2008-08-10.parquet",277206914
"data/africa_full_predictor_data/africa_full_predictor_data_2008-08-11.parquet",277391460
"data/africa_full_predictor_data/africa_full_predictor_data_2008-08-12.parquet",276886964
"data/africa_full_predictor_data/africa_full_predictor_data_2008-08-13.parquet",277489496
"data/africa_full_predictor_data/africa_full_predictor_data_2008-08-14.parquet",277442767
"data/africa_full_predictor_data/africa_full_predictor_data_2008-08-15.parquet",277465574
"data/africa_full_predictor_data/africa_full_predictor_data_2008-08-16.parquet",277329511
"data/africa_full_predictor_data/africa_full_predictor_data_2008-08-17.parquet",277115118
"data/africa_full_predictor_data/africa_full_predictor_data_2008-08-18.parquet",277574817
"data/africa_full_predictor_data/africa_full_predictor_data_2008-08-19.parquet",277489723
"data/africa_full_predictor_data/africa_full_predictor_data_2008-08-20.parquet",277635435
"data/africa_full_predictor_data/africa_full_predictor_data_2008-08-21.parquet",277647693
"data/africa_full_predictor_data/africa_full_predictor_data_2008-08-22.parquet",278035528
"data/africa_full_predictor_data/africa_full_predictor_data_2008-08-23.parquet",277867123
"data/africa_full_predictor_data/africa_full_predictor_data_2008-08-24.parquet",278096493
"data/africa_full_predictor_data/africa_full_predictor_data_2008-08-25.parquet",277966779
"data/africa_full_predictor_data/africa_full_predictor_data_2008-08-26.parquet",277903391
"data/africa_full_predictor_data/africa_full_predictor_data_2008-08-27.parquet",278731647
"data/africa_full_predictor_data/africa_full_predictor_data_2008-08-28.parquet",278168907
"data/africa_full_predictor_data/africa_full_predictor_data_2008-08-29.parquet",278089819
"data/africa_full_predictor_data/africa_full_predictor_data_2008-08-30.parquet",278251590
"data/africa_full_predictor_data/africa_full_predictor_data_2008-08-31.parquet",278209915
"data/africa_full_predictor_data/africa_full_predictor_data_2008-09-01.parquet",277828244
"data/africa_full_predictor_data/africa_full_predictor_data_2008-09-02.parquet",278308951
"data/africa_full_predictor_data/africa_full_predictor_data_2008-09-03.parquet",277849034
"data/africa_full_predictor_data/africa_full_predictor_data_2008-09-04.parquet",278523601
"data/africa_full_predictor_data/africa_full_predictor_data_2008-09-05.parquet",278460518
"data/africa_full_predictor_data/africa_full_predictor_data_2008-09-06.parquet",278429426
"data/africa_full_predictor_data/africa_full_predictor_data_2008-09-07.parquet",278361300
"data/africa_full_predictor_data/africa_full_predictor_data_2008-09-08.parquet",277906458
"data/africa_full_predictor_data/africa_full_predictor_data_2008-09-09.parquet",278262441
"data/africa_full_predictor_data/africa_full_predictor_data_2008-09-10.parquet",278117689
"data/africa_full_predictor_data/africa_full_predictor_data_2008-09-11.parquet",278186826
"data/africa_full_predictor_data/africa_full_predictor_data_2008-09-12.parquet",278080038
"data/africa_full_predictor_data/africa_full_predictor_data_2008-09-13.parquet",277899381
"data/africa_full_predictor_data/africa_full_predictor_data_2008-09-14.parquet",278031531
"data/africa_full_predictor_data/africa_full_predictor_data_2008-09-15.parquet",278256832
"data/africa_full_predictor_data/africa_full_predictor_data_2008-09-16.parquet",277962595
"data/africa_full_predictor_data/africa_full_predictor_data_2008-09-17.parquet",278340490
"data/africa_full_predictor_data/africa_full_predictor_data_2008-09-18.parquet",278612093
"data/africa_full_predictor_data/africa_full_predictor_data_2008-09-19.parquet",278325150
"data/africa_full_predictor_data/africa_full_predictor_data_2008-09-20.parquet",278406469
"data/africa_full_predictor_data/africa_full_predictor_data_2008-09-21.parquet",278471854
"data/africa_full_predictor_data/africa_full_predictor_data_2008-09-22.parquet",278704648
"data/africa_full_predictor_data/africa_full_predictor_data_2008-09-23.parquet",278504741
"data/africa_full_predictor_data/africa_full_predictor_data_2008-09-24.parquet",278547853
"data/africa_full_predictor_data/africa_full_predictor_data_2008-09-25.parquet",278998992
"data/africa_full_predictor_data/africa_full_predictor_data_2008-09-26.parquet",278563759
"data/africa_full_predictor_data/africa_full_predictor_data_2008-09-27.parquet",278961162
"data/africa_full_predictor_data/africa_full_predictor_data_2008-09-28.parquet",278770572
"data/africa_full_predictor_data/africa_full_predictor_data_2008-09-29.parquet",279442657
"data/africa_full_predictor_data/africa_full_predictor_data_2008-09-30.parquet",279408426
"data/africa_full_predictor_data/africa_full_predictor_data_2008-10-01.parquet",279453667
"data/africa_full_predictor_data/africa_full_predictor_data_2008-10-02.parquet",279428985
"data/africa_full_predictor_data/africa_full_predictor_data_2008-10-03.parquet",279457192
"data/africa_full_predictor_data/africa_full_predictor_data_2008-10-04.parquet",278831809
"data/africa_full_predictor_data/africa_full_predictor_data_2008-10-05.parquet",279063468
"data/africa_full_predictor_data/africa_full_predictor_data_2008-10-06.parquet",279604187
"data/africa_full_predictor_data/africa_full_predictor_data_2008-10-07.parquet",279472831
"data/africa_full_predictor_data/africa_full_predictor_data_2008-10-08.parquet",279346973
"data/africa_full_predictor_data/africa_full_predictor_data_2008-10-09.parquet",279749776
"data/africa_full_predictor_data/africa_full_predictor_data_2008-10-10.parquet",279613506
"data/africa_full_predictor_data/africa_full_predictor_data_2008-10-11.parquet",279213294
"data/africa_full_predictor_data/africa_full_predictor_data_2008-10-12.parquet",279323190
"data/africa_full_predictor_data/africa_full_predictor_data_2008-10-13.parquet",280213303
"data/africa_full_predictor_data/africa_full_predictor_data_2008-10-14.parquet",279851551
"data/africa_full_predictor_data/africa_full_predictor_data_2008-10-15.parquet",279703282
"data/africa_full_predictor_data/africa_full_predictor_data_2008-10-16.parquet",279784735
"data/africa_full_predictor_data/africa_full_predictor_data_2008-10-17.parquet",279313697
"data/africa_full_predictor_data/africa_full_predictor_data_2008-10-18.parquet",279804785
"data/africa_full_predictor_data/africa_full_predictor_data_2008-10-19.parquet",279477863
"data/africa_full_predictor_data/africa_full_predictor_data_2008-10-20.parquet",279561678
"data/africa_full_predictor_data/africa_full_predictor_data_2008-10-21.parquet",279949571
"data/africa_full_predictor_data/africa_full_predictor_data_2008-10-22.parquet",279449654
"data/africa_full_predictor_data/africa_full_predictor_data_2008-10-23.parquet",279671570
"data/africa_full_predictor_data/africa_full_predictor_data_2008-10-24.parquet",280066835
"data/africa_full_predictor_data/africa_full_predictor_data_2008-10-25.parquet",280073334
"data/africa_full_predictor_data/africa_full_predictor_data_2008-10-26.parquet",279834804
"data/africa_full_predictor_data/africa_full_predictor_data_2008-10-27.parquet",280014166
"data/africa_full_predictor_data/africa_full_predictor_data_2008-10-28.parquet",279881156
"data/africa_full_predictor_data/africa_full_predictor_data_2008-10-29.parquet",279858523
"data/africa_full_predictor_data/africa_full_predictor_data_2008-10-30.parquet",279857555
"data/africa_full_predictor_data/africa_full_predictor_data_2008-10-31.parquet",279593561
"data/africa_full_predictor_data/africa_full_predictor_data_2008-11-01.parquet",279578001
"data/africa_full_predictor_data/africa_full_predictor_data_2008-11-02.parquet",279760475
"data/africa_full_predictor_data/africa_full_predictor_data_2008-11-03.parquet",279348536
"data/africa_full_predictor_data/africa_full_predictor_data_2008-11-04.parquet",279748526
"data/africa_full_predictor_data/africa_full_predictor_data_2008-11-05.parquet",279667458
"data/africa_full_predictor_data/africa_full_predictor_data_2008-11-06.parquet",279580716
"data/africa_full_predictor_data/africa_full_predictor_data_2008-11-07.parquet",279317600
"data/africa_full_predictor_data/africa_full_predictor_data_2008-11-08.parquet",279608694
"data/africa_full_predictor_data/africa_full_predictor_data_2008-11-09.parquet",279537165
"data/africa_full_predictor_data/africa_full_predictor_data_2008-11-10.parquet",279613991
"data/africa_full_predictor_data/africa_full_predictor_data_2008-11-11.parquet",278585365
"data/africa_full_predictor_data/africa_full_predictor_data_2008-11-12.parquet",278627859
"data/africa_full_predictor_data/africa_full_predictor_data_2008-11-13.parquet",278797781
"data/africa_full_predictor_data/africa_full_predictor_data_2008-11-14.parquet",278644649
"data/africa_full_predictor_data/africa_full_predictor_data_2008-11-15.parquet",278831523
"data/africa_full_predictor_data/africa_full_predictor_data_2008-11-16.parquet",278390727
"data/africa_full_predictor_data/africa_full_predictor_data_2008-11-17.parquet",278907096
"data/africa_full_predictor_data/africa_full_predictor_data_2008-11-18.parquet",279333624
"data/africa_full_predictor_data/africa_full_predictor_data_2008-11-19.parquet",278895612
"data/africa_full_predictor_data/africa_full_predictor_data_2008-11-20.parquet",279109842
"data/africa_full_predictor_data/africa_full_predictor_data_2008-11-21.parquet",278871231
"data/africa_full_predictor_data/africa_full_predictor_data_2008-11-22.parquet",278855772
"data/africa_full_predictor_data/africa_full_predictor_data_2008-11-23.parquet",278580283
"data/africa_full_predictor_data/africa_full_predictor_data_2008-11-24.parquet",278904664
"data/africa_full_predictor_data/africa_full_predictor_data_2008-11-25.parquet",278559274
"data/africa_full_predictor_data/africa_full_predictor_data_2008-11-26.parquet",278401951
"data/africa_full_predictor_data/africa_full_predictor_data_2008-11-27.parquet",278502964
"data/africa_full_predictor_data/africa_full_predictor_data_2008-11-28.parquet",278710886
"data/africa_full_predictor_data/africa_full_predictor_data_2008-11-29.parquet",278911057
"data/africa_full_predictor_data/africa_full_predictor_data_2008-11-30.parquet",279001150
"data/africa_full_predictor_data/africa_full_predictor_data_2008-12-01.parquet",278561040
"data/africa_full_predictor_data/africa_full_predictor_data_2008-12-02.parquet",278399591
"data/africa_full_predictor_data/africa_full_predictor_data_2008-12-03.parquet",278610125
"data/africa_full_predictor_data/africa_full_predictor_data_2008-12-04.parquet",278528456
"data/africa_full_predictor_data/africa_full_predictor_data_2008-12-05.parquet",278499001
"data/africa_full_predictor_data/africa_full_predictor_data_2008-12-06.parquet",278308347
"data/africa_full_predictor_data/africa_full_predictor_data_2008-12-07.parquet",278236658
"data/africa_full_predictor_data/africa_full_predictor_data_2008-12-08.parquet",278326665
"data/africa_full_predictor_data/africa_full_predictor_data_2008-12-09.parquet",278308630
"data/africa_full_predictor_data/africa_full_predictor_data_2008-12-10.parquet",277937956
"data/africa_full_predictor_data/africa_full_predictor_data_2008-12-11.parquet",277942628
"data/africa_full_predictor_data/africa_full_predictor_data_2008-12-12.parquet",277883262
"data/africa_full_predictor_data/africa_full_predictor_data_2008-12-13.parquet",278049400
"data/africa_full_predictor_data/africa_full_predictor_data_2008-12-14.parquet",278354961
"data/africa_full_predictor_data/africa_full_predictor_data_2008-12-15.parquet",278169966
"data/africa_full_predictor_data/africa_full_predictor_data_2008-12-16.parquet",277472057
"data/africa_full_predictor_data/africa_full_predictor_data_2008-12-17.parquet",277210502
"data/africa_full_predictor_data/africa_full_predictor_data_2008-12-18.parquet",277414180
"data/africa_full_predictor_data/africa_full_predictor_data_2008-12-19.parquet",277876192
"data/africa_full_predictor_data/africa_full_predictor_data_2008-12-20.parquet",277540159
"data/africa_full_predictor_data/africa_full_predictor_data_2008-12-21.parquet",278368845
"data/africa_full_predictor_data/africa_full_predictor_data_2008-12-22.parquet",277579274
"data/africa_full_predictor_data/africa_full_predictor_data_2008-12-23.parquet",277890791
"data/africa_full_predictor_data/africa_full_predictor_data_2008-12-24.parquet",277629000
"data/africa_full_predictor_data/africa_full_predictor_data_2008-12-25.parquet",277498073
"data/africa_full_predictor_data/africa_full_predictor_data_2008-12-26.parquet",277372234
"data/africa_full_predictor_data/africa_full_predictor_data_2008-12-27.parquet",277702267
"data/africa_full_predictor_data/africa_full_predictor_data_2008-12-28.parquet",277722809
"data/africa_full_predictor_data/africa_full_predictor_data_2008-12-29.parquet",277317379
"data/africa_full_predictor_data/africa_full_predictor_data_2008-12-30.parquet",277609051
"data/africa_full_predictor_data/africa_full_predictor_data_2008-12-31.parquet",273130176
"data/africa_full_predictor_data/africa_full_predictor_data_2009-01-01.parquet",278302848
"data/africa_full_predictor_data/africa_full_predictor_data_2009-01-02.parquet",277515197
"data/africa_full_predictor_data/africa_full_predictor_data_2009-01-03.parquet",277779704
"data/africa_full_predictor_data/africa_full_predictor_data_2009-01-04.parquet",277927940
"data/africa_full_predictor_data/africa_full_predictor_data_2009-01-05.parquet",277785812
"data/africa_full_predictor_data/africa_full_predictor_data_2009-01-06.parquet",278260055
"data/africa_full_predictor_data/africa_full_predictor_data_2009-01-07.parquet",278095542
"data/africa_full_predictor_data/africa_full_predictor_data_2009-01-08.parquet",278319065
"data/africa_full_predictor_data/africa_full_predictor_data_2009-01-09.parquet",278215331
"data/africa_full_predictor_data/africa_full_predictor_data_2009-01-10.parquet",278285223
"data/africa_full_predictor_data/africa_full_predictor_data_2009-01-11.parquet",278378949
"data/africa_full_predictor_data/africa_full_predictor_data_2009-01-12.parquet",277956615
"data/africa_full_predictor_data/africa_full_predictor_data_2009-01-13.parquet",277654913
"data/africa_full_predictor_data/africa_full_predictor_data_2009-01-14.parquet",277486955
"data/africa_full_predictor_data/africa_full_predictor_data_2009-01-15.parquet",278171994
"data/africa_full_predictor_data/africa_full_predictor_data_2009-01-16.parquet",278197789
"data/africa_full_predictor_data/africa_full_predictor_data_2009-01-17.parquet",278748205
"data/africa_full_predictor_data/africa_full_predictor_data_2009-01-18.parquet",279055232
"data/africa_full_predictor_data/africa_full_predictor_data_2009-01-19.parquet",278709402
"data/africa_full_predictor_data/africa_full_predictor_data_2009-01-20.parquet",278765934
"data/africa_full_predictor_data/africa_full_predictor_data_2009-01-21.parquet",279050959
"data/africa_full_predictor_data/africa_full_predictor_data_2009-01-22.parquet",278600899
"data/africa_full_predictor_data/africa_full_predictor_data_2009-01-23.parquet",278180290
"data/africa_full_predictor_data/africa_full_predictor_data_2009-01-24.parquet",278165731
"data/africa_full_predictor_data/africa_full_predictor_data_2009-01-25.parquet",278447267
"data/africa_full_predictor_data/africa_full_predictor_data_2009-01-26.parquet",278886659
"data/africa_full_predictor_data/africa_full_predictor_data_2009-01-27.parquet",279176658
"data/africa_full_predictor_data/africa_full_predictor_data_2009-01-28.parquet",279036181
"data/africa_full_predictor_data/africa_full_predictor_data_2009-01-29.parquet",278984518
"data/africa_full_predictor_data/africa_full_predictor_data_2009-01-30.parquet",278017437
"data/africa_full_predictor_data/africa_full_predictor_data_2009-01-31.parquet",278856120
"data/africa_full_predictor_data/africa_full_predictor_data_2009-02-01.parquet",278583108
"data/africa_full_predictor_data/africa_full_predictor_data_2009-02-02.parquet",278979861
"data/africa_full_predictor_data/africa_full_predictor_data_2009-02-03.parquet",278881458
"data/africa_full_predictor_data/africa_full_predictor_data_2009-02-04.parquet",278387075
"data/africa_full_predictor_data/africa_full_predictor_data_2009-02-05.parquet",278696655
"data/africa_full_predictor_data/africa_full_predictor_data_2009-02-06.parquet",279051190
"data/africa_full_predictor_data/africa_full_predictor_data_2009-02-07.parquet",279164485
"data/africa_full_predictor_data/africa_full_predictor_data_2009-02-08.parquet",278797143
"data/africa_full_predictor_data/africa_full_predictor_data_2009-02-09.parquet",278446051
"data/africa_full_predictor_data/africa_full_predictor_data_2009-02-10.parquet",278785665
"data/africa_full_predictor_data/africa_full_predictor_data_2009-02-11.parquet",278861562
"data/africa_full_predictor_data/africa_full_predictor_data_2009-02-12.parquet",278495587
"data/africa_full_predictor_data/africa_full_predictor_data_2009-02-13.parquet",279209476
"data/africa_full_predictor_data/africa_full_predictor_data_2009-02-14.parquet",279016454
"data/africa_full_predictor_data/africa_full_predictor_data_2009-02-15.parquet",279348056
"data/africa_full_predictor_data/africa_full_predictor_data_2009-02-16.parquet",279704676
"data/africa_full_predictor_data/africa_full_predictor_data_2009-02-17.parquet",279372038
"data/africa_full_predictor_data/africa_full_predictor_data_2009-02-18.parquet",278986805
"data/africa_full_predictor_data/africa_full_predictor_data_2009-02-19.parquet",279355912
"data/africa_full_predictor_data/africa_full_predictor_data_2009-02-20.parquet",279064240
"data/africa_full_predictor_data/africa_full_predictor_data_2009-02-21.parquet",279149591
"data/africa_full_predictor_data/africa_full_predictor_data_2009-02-22.parquet",279113404
"data/africa_full_predictor_data/africa_full_predictor_data_2009-02-23.parquet",279112725
"data/africa_full_predictor_data/africa_full_predictor_data_2009-02-24.parquet",279961351
"data/africa_full_predictor_data/africa_full_predictor_data_2009-02-25.parquet",279338766
"data/africa_full_predictor_data/africa_full_predictor_data_2009-02-26.parquet",278913308
"data/africa_full_predictor_data/africa_full_predictor_data_2009-02-27.parquet",278770967
"data/africa_full_predictor_data/africa_full_predictor_data_2009-02-28.parquet",279326766
"data/africa_full_predictor_data/africa_full_predictor_data_2009-03-01.parquet",279484307
"data/africa_full_predictor_data/africa_full_predictor_data_2009-03-02.parquet",279079067
"data/africa_full_predictor_data/africa_full_predictor_data_2009-03-03.parquet",278829367
"data/africa_full_predictor_data/africa_full_predictor_data_2009-03-04.parquet",278773786
"data/africa_full_predictor_data/africa_full_predictor_data_2009-03-05.parquet",278853280
"data/africa_full_predictor_data/africa_full_predictor_data_2009-03-06.parquet",279074242
"data/africa_full_predictor_data/africa_full_predictor_data_2009-03-07.parquet",279557259
"data/africa_full_predictor_data/africa_full_predictor_data_2009-03-08.parquet",279067026
"data/africa_full_predictor_data/africa_full_predictor_data_2009-03-09.parquet",279362904
"data/africa_full_predictor_data/africa_full_predictor_data_2009-03-10.parquet",279290699
"data/africa_full_predictor_data/africa_full_predictor_data_2009-03-11.parquet",279343268
"data/africa_full_predictor_data/africa_full_predictor_data_2009-03-12.parquet",279564253
"data/africa_full_predictor_data/africa_full_predictor_data_2009-03-13.parquet",279515731
"data/africa_full_predictor_data/africa_full_predictor_data_2009-03-14.parquet",279305923
"data/africa_full_predictor_data/africa_full_predictor_data_2009-03-15.parquet",279412981
"data/africa_full_predictor_data/africa_full_predictor_data_2009-03-16.parquet",279524377
"data/africa_full_predictor_data/africa_full_predictor_data_2009-03-17.parquet",278880775
"data/africa_full_predictor_data/africa_full_predictor_data_2009-03-18.parquet",279678577
"data/africa_full_predictor_data/africa_full_predictor_data_2009-03-19.parquet",279987070
"data/africa_full_predictor_data/africa_full_predictor_data_2009-03-20.parquet",279958941
"data/africa_full_predictor_data/africa_full_predictor_data_2009-03-21.parquet",279832993
"data/africa_full_predictor_data/africa_full_predictor_data_2009-03-22.parquet",279771190
"data/africa_full_predictor_data/africa_full_predictor_data_2009-03-23.parquet",279585129
"data/africa_full_predictor_data/africa_full_predictor_data_2009-03-24.parquet",279861346
"data/africa_full_predictor_data/africa_full_predictor_data_2009-03-25.parquet",279699129
"data/africa_full_predictor_data/africa_full_predictor_data_2009-03-26.parquet",279716222
"data/africa_full_predictor_data/africa_full_predictor_data_2009-03-27.parquet",279682473
"data/africa_full_predictor_data/africa_full_predictor_data_2009-03-28.parquet",279972996
"data/africa_full_predictor_data/africa_full_predictor_data_2009-03-29.parquet",280202808
"data/africa_full_predictor_data/africa_full_predictor_data_2009-03-30.parquet",280169230
"data/africa_full_predictor_data/africa_full_predictor_data_2009-03-31.parquet",280014165
"data/africa_full_predictor_data/africa_full_predictor_data_2009-04-01.parquet",279865272
"data/africa_full_predictor_data/africa_full_predictor_data_2009-04-02.parquet",279195590
"data/africa_full_predictor_data/africa_full_predictor_data_2009-04-03.parquet",279566247
"data/africa_full_predictor_data/africa_full_predictor_data_2009-04-04.parquet",279847214
"data/africa_full_predictor_data/africa_full_predictor_data_2009-04-05.parquet",279933312
"data/africa_full_predictor_data/africa_full_predictor_data_2009-04-06.parquet",280080576
"data/africa_full_predictor_data/africa_full_predictor_data_2009-04-07.parquet",279806305
"data/africa_full_predictor_data/africa_full_predictor_data_2009-04-08.parquet",280410766
"data/africa_full_predictor_data/africa_full_predictor_data_2009-04-09.parquet",280211084
"data/africa_full_predictor_data/africa_full_predictor_data_2009-04-10.parquet",280425880
"data/africa_full_predictor_data/africa_full_predictor_data_2009-04-11.parquet",280231160
"data/africa_full_predictor_data/africa_full_predictor_data_2009-04-12.parquet",281022041
"data/africa_full_predictor_data/africa_full_predictor_data_2009-04-13.parquet",280751540
"data/africa_full_predictor_data/africa_full_predictor_data_2009-04-14.parquet",280793131
"data/africa_full_predictor_data/africa_full_predictor_data_2009-04-15.parquet",280618737
"data/africa_full_predictor_data/africa_full_predictor_data_2009-04-16.parquet",280271108
"data/africa_full_predictor_data/africa_full_predictor_data_2009-04-17.parquet",280324476
"data/africa_full_predictor_data/africa_full_predictor_data_2009-04-18.parquet",280485658
"data/africa_full_predictor_data/africa_full_predictor_data_2009-04-19.parquet",280444917
"data/africa_full_predictor_data/africa_full_predictor_data_2009-04-20.parquet",280181408
"data/africa_full_predictor_data/africa_full_predictor_data_2009-04-21.parquet",280405202
"data/africa_full_predictor_data/africa_full_predictor_data_2009-04-22.parquet",280365254
"data/africa_full_predictor_data/africa_full_predictor_data_2009-04-23.parquet",280634128
"data/africa_full_predictor_data/africa_full_predictor_data_2009-04-24.parquet",280265767
"data/africa_full_predictor_data/africa_full_predictor_data_2009-04-25.parquet",280910430
"data/africa_full_predictor_data/africa_full_predictor_data_2009-04-26.parquet",280804506
"data/africa_full_predictor_data/africa_full_predictor_data_2009-04-27.parquet",280660004
"data/africa_full_predictor_data/africa_full_predictor_data_2009-04-28.parquet",280327551
"data/africa_full_predictor_data/africa_full_predictor_data_2009-04-29.parquet",280792429
"data/africa_full_predictor_data/africa_full_predictor_data_2009-04-30.parquet",280696766
"data/africa_full_predictor_data/africa_full_predictor_data_2009-05-01.parquet",280798831
"data/africa_full_predictor_data/africa_full_predictor_data_2009-05-02.parquet",280802547
"data/africa_full_predictor_data/africa_full_predictor_data_2009-05-03.parquet",281040879
"data/africa_full_predictor_data/africa_full_predictor_data_2009-05-04.parquet",281162471
"data/africa_full_predictor_data/africa_full_predictor_data_2009-05-05.parquet",280338139
"data/africa_full_predictor_data/africa_full_predictor_data_2009-05-06.parquet",280845589
"data/africa_full_predictor_data/africa_full_predictor_data_2009-05-07.parquet",280910786
"data/africa_full_predictor_data/africa_full_predictor_data_2009-05-08.parquet",280924786
"data/africa_full_predictor_data/africa_full_predictor_data_2009-05-09.parquet",280960529
"data/africa_full_predictor_data/africa_full_predictor_data_2009-05-10.parquet",280552391
"data/africa_full_predictor_data/africa_full_predictor_data_2009-05-11.parquet",280140975
"data/africa_full_predictor_data/africa_full_predictor_data_2009-05-12.parquet",279731528
"data/africa_full_predictor_data/africa_full_predictor_data_2009-05-13.parquet",280215043
"data/africa_full_predictor_data/africa_full_predictor_data_2009-05-14.parquet",280375995
"data/africa_full_predictor_data/africa_full_predictor_data_2009-05-15.parquet",280185077
"data/africa_full_predictor_data/africa_full_predictor_data_2009-05-16.parquet",280140893
"data/africa_full_predictor_data/africa_full_predictor_data_2009-05-17.parquet",279864405
"data/africa_full_predictor_data/africa_full_predictor_data_2009-05-18.parquet",279876671
"data/africa_full_predictor_data/africa_full_predictor_data_2009-05-19.parquet",279836717
"data/africa_full_predictor_data/africa_full_predictor_data_2009-05-20.parquet",280014530
"data/africa_full_predictor_data/africa_full_predictor_data_2009-05-21.parquet",279764968
"data/africa_full_predictor_data/africa_full_predictor_data_2009-05-22.parquet",279618410
"data/africa_full_predictor_data/africa_full_predictor_data_2009-05-23.parquet",279378935
"data/africa_full_predictor_data/africa_full_predictor_data_2009-05-24.parquet",279471034
"data/africa_full_predictor_data/africa_full_predictor_data_2009-05-25.parquet",279616489
"data/africa_full_predictor_data/africa_full_predictor_data_2009-05-26.parquet",279570353
"data/africa_full_predictor_data/africa_full_predictor_data_2009-05-27.parquet",280415466
"data/africa_full_predictor_data/africa_full_predictor_data_2009-05-28.parquet",280200432
"data/africa_full_predictor_data/africa_full_predictor_data_2009-05-29.parquet",280305729
"data/africa_full_predictor_data/africa_full_predictor_data_2009-05-30.parquet",279498716
"data/africa_full_predictor_data/africa_full_predictor_data_2009-05-31.parquet",279504668
"data/africa_full_predictor_data/africa_full_predictor_data_2009-06-01.parquet",279261764
"data/africa_full_predictor_data/africa_full_predictor_data_2009-06-02.parquet",279073295
"data/africa_full_predictor_data/africa_full_predictor_data_2009-06-03.parquet",279030238
"data/africa_full_predictor_data/africa_full_predictor_data_2009-06-04.parquet",278982312
"data/africa_full_predictor_data/africa_full_predictor_data_2009-06-05.parquet",279435365
"data/africa_full_predictor_data/africa_full_predictor_data_2009-06-06.parquet",279384093
"data/africa_full_predictor_data/africa_full_predictor_data_2009-06-07.parquet",279496469
"data/africa_full_predictor_data/africa_full_predictor_data_2009-06-08.parquet",279559826
"data/africa_full_predictor_data/africa_full_predictor_data_2009-06-09.parquet",279240521
"data/africa_full_predictor_data/africa_full_predictor_data_2009-06-10.parquet",279183441
"data/africa_full_predictor_data/africa_full_predictor_data_2009-06-11.parquet",278862676
"data/africa_full_predictor_data/africa_full_predictor_data_2009-06-12.parquet",278904910
"data/africa_full_predictor_data/africa_full_predictor_data_2009-06-13.parquet",278907721
"data/africa_full_predictor_data/africa_full_predictor_data_2009-06-14.parquet",279031946
"data/africa_full_predictor_data/africa_full_predictor_data_2009-06-15.parquet",278271112
"data/africa_full_predictor_data/africa_full_predictor_data_2009-06-16.parquet",278020293
"data/africa_full_predictor_data/africa_full_predictor_data_2009-06-17.parquet",278344774
"data/africa_full_predictor_data/africa_full_predictor_data_2009-06-18.parquet",278797952
"data/africa_full_predictor_data/africa_full_predictor_data_2009-06-19.parquet",278307624
"data/africa_full_predictor_data/africa_full_predictor_data_2009-06-20.parquet",278235985
"data/africa_full_predictor_data/africa_full_predictor_data_2009-06-21.parquet",278628906
"data/africa_full_predictor_data/africa_full_predictor_data_2009-06-22.parquet",278191660
"data/africa_full_predictor_data/africa_full_predictor_data_2009-06-23.parquet",278893428
"data/africa_full_predictor_data/africa_full_predictor_data_2009-06-24.parquet",278608261
"data/africa_full_predictor_data/africa_full_predictor_data_2009-06-25.parquet",278433680
"data/africa_full_predictor_data/africa_full_predictor_data_2009-06-26.parquet",278506964
"data/africa_full_predictor_data/africa_full_predictor_data_2009-06-27.parquet",277942992
"data/africa_full_predictor_data/africa_full_predictor_data_2009-06-28.parquet",278010175
"data/africa_full_predictor_data/africa_full_predictor_data_2009-06-29.parquet",278105620
"data/africa_full_predictor_data/africa_full_predictor_data_2009-06-30.parquet",278203564
"data/africa_full_predictor_data/africa_full_predictor_data_2009-07-01.parquet",277413028
"data/africa_full_predictor_data/africa_full_predictor_data_2009-07-02.parquet",277124248
"data/africa_full_predictor_data/africa_full_predictor_data_2009-07-03.parquet",276672775
"data/africa_full_predictor_data/africa_full_predictor_data_2009-07-04.parquet",276889313
"data/africa_full_predictor_data/africa_full_predictor_data_2009-07-05.parquet",277301495
"data/africa_full_predictor_data/africa_full_predictor_data_2009-07-06.parquet",277263440
"data/africa_full_predictor_data/africa_full_predictor_data_2009-07-07.parquet",277800270
"data/africa_full_predictor_data/africa_full_predictor_data_2009-07-08.parquet",277636298
"data/africa_full_predictor_data/africa_full_predictor_data_2009-07-09.parquet",277438066
"data/africa_full_predictor_data/africa_full_predictor_data_2009-07-10.parquet",277441296
"data/africa_full_predictor_data/africa_full_predictor_data_2009-07-11.parquet",277051215
"data/africa_full_predictor_data/africa_full_predictor_data_2009-07-12.parquet",277342603
"data/africa_full_predictor_data/africa_full_predictor_data_2009-07-13.parquet",277377848
"data/africa_full_predictor_data/africa_full_predictor_data_2009-07-14.parquet",277997898
"data/africa_full_predictor_data/africa_full_predictor_data_2009-07-15.parquet",277391265
"data/africa_full_predictor_data/africa_full_predictor_data_2009-07-16.parquet",277474306
"data/africa_full_predictor_data/africa_full_predictor_data_2009-07-17.parquet",277259310
"data/africa_full_predictor_data/africa_full_predictor_data_2009-07-18.parquet",277150800
"data/africa_full_predictor_data/africa_full_predictor_data_2009-07-19.parquet",277566981
"data/africa_full_predictor_data/africa_full_predictor_data_2009-07-20.parquet",277960322
"data/africa_full_predictor_data/africa_full_predictor_data_2009-07-21.parquet",277798220
"data/africa_full_predictor_data/africa_full_predictor_data_2009-07-22.parquet",277906065
"data/africa_full_predictor_data/africa_full_predictor_data_2009-07-23.parquet",277622915
"data/africa_full_predictor_data/africa_full_predictor_data_2009-07-24.parquet",278126980
"data/africa_full_predictor_data/africa_full_predictor_data_2009-07-25.parquet",278063973
"data/africa_full_predictor_data/africa_full_predictor_data_2009-07-26.parquet",278148016
"data/africa_full_predictor_data/africa_full_predictor_data_2009-07-27.parquet",278069773
"data/africa_full_predictor_data/africa_full_predictor_data_2009-07-28.parquet",278082616
"data/africa_full_predictor_data/africa_full_predictor_data_2009-07-29.parquet",278487489
"data/africa_full_predictor_data/africa_full_predictor_data_2009-07-30.parquet",278062346
"data/africa_full_predictor_data/africa_full_predictor_data_2009-07-31.parquet",278194030
"data/africa_full_predictor_data/africa_full_predictor_data_2009-08-01.parquet",278270616
"data/africa_full_predictor_data/africa_full_predictor_data_2009-08-02.parquet",278219021
"data/africa_full_predictor_data/africa_full_predictor_data_2009-08-03.parquet",278311232
"data/africa_full_predictor_data/africa_full_predictor_data_2009-08-04.parquet",278186787
"data/africa_full_predictor_data/africa_full_predictor_data_2009-08-05.parquet",278430395
"data/africa_full_predictor_data/africa_full_predictor_data_2009-08-06.parquet",278161683
"data/africa_full_predictor_data/africa_full_predictor_data_2009-08-07.parquet",278343389
"data/africa_full_predictor_data/africa_full_predictor_data_2009-08-08.parquet",278634548
"data/africa_full_predictor_data/africa_full_predictor_data_2009-08-09.parquet",277945474
"data/africa_full_predictor_data/africa_full_predictor_data_2009-08-10.parquet",277779324
"data/africa_full_predictor_data/africa_full_predictor_data_2009-08-11.parquet",277568842
"data/africa_full_predictor_data/africa_full_predictor_data_2009-08-12.parquet",277544446
"data/africa_full_predictor_data/africa_full_predictor_data_2009-08-13.parquet",277625976
"data/africa_full_predictor_data/africa_full_predictor_data_2009-08-14.parquet",277759779
"data/africa_full_predictor_data/africa_full_predictor_data_2009-08-15.parquet",277918401
"data/africa_full_predictor_data/africa_full_predictor_data_2009-08-16.parquet",277582231
"data/africa_full_predictor_data/africa_full_predictor_data_2009-08-17.parquet",277789392
"data/africa_full_predictor_data/africa_full_predictor_data_2009-08-18.parquet",277346058
"data/africa_full_predictor_data/africa_full_predictor_data_2009-08-19.parquet",277849712
"data/africa_full_predictor_data/africa_full_predictor_data_2009-08-20.parquet",277862499
"data/africa_full_predictor_data/africa_full_predictor_data_2009-08-21.parquet",278319728
"data/africa_full_predictor_data/africa_full_predictor_data_2009-08-22.parquet",278335027
"data/africa_full_predictor_data/africa_full_predictor_data_2009-08-23.parquet",278470594
"data/africa_full_predictor_data/africa_full_predictor_data_2009-08-24.parquet",278288456
"data/africa_full_predictor_data/africa_full_predictor_data_2009-08-25.parquet",278237179
"data/africa_full_predictor_data/africa_full_predictor_data_2009-08-26.parquet",277958629
"data/africa_full_predictor_data/africa_full_predictor_data_2009-08-27.parquet",278671132
"data/africa_full_predictor_data/africa_full_predictor_data_2009-08-28.parquet",278944496
"data/africa_full_predictor_data/africa_full_predictor_data_2009-08-29.parquet",278353484
"data/africa_full_predictor_data/africa_full_predictor_data_2009-08-30.parquet",278435715
"data/africa_full_predictor_data/africa_full_predictor_data_2009-08-31.parquet",278389905
"data/africa_full_predictor_data/africa_full_predictor_data_2009-09-01.parquet",278410612
"data/africa_full_predictor_data/africa_full_predictor_data_2009-09-02.parquet",277743736
"data/africa_full_predictor_data/africa_full_predictor_data_2009-09-03.parquet",277850103
"data/africa_full_predictor_data/africa_full_predictor_data_2009-09-04.parquet",278353678
"data/africa_full_predictor_data/africa_full_predictor_data_2009-09-05.parquet",278422762
"data/africa_full_predictor_data/africa_full_predictor_data_2009-09-06.parquet",278624323
"data/africa_full_predictor_data/africa_full_predictor_data_2009-09-07.parquet",278617449
"data/africa_full_predictor_data/africa_full_predictor_data_2009-09-08.parquet",278413742
"data/africa_full_predictor_data/africa_full_predictor_data_2009-09-09.parquet",278423453
"data/africa_full_predictor_data/africa_full_predictor_data_2009-09-10.parquet",278311305
"data/africa_full_predictor_data/africa_full_predictor_data_2009-09-11.parquet",278049160
"data/africa_full_predictor_data/africa_full_predictor_data_2009-09-12.parquet",278065525
"data/africa_full_predictor_data/africa_full_predictor_data_2009-09-13.parquet",278306372
"data/africa_full_predictor_data/africa_full_predictor_data_2009-09-14.parquet",277981418
"data/africa_full_predictor_data/africa_full_predictor_data_2009-09-15.parquet",278220053
"data/africa_full_predictor_data/africa_full_predictor_data_2009-09-16.parquet",278575447
"data/africa_full_predictor_data/africa_full_predictor_data_2009-09-17.parquet",277998318
"data/africa_full_predictor_data/africa_full_predictor_data_2009-09-18.parquet",278543175
"data/africa_full_predictor_data/africa_full_predictor_data_2009-09-19.parquet",279342015
"data/africa_full_predictor_data/africa_full_predictor_data_2009-09-20.parquet",278965365
"data/africa_full_predictor_data/africa_full_predictor_data_2009-09-21.parquet",278717829
"data/africa_full_predictor_data/africa_full_predictor_data_2009-09-22.parquet",278801292
"data/africa_full_predictor_data/africa_full_predictor_data_2009-09-23.parquet",278777162
"data/africa_full_predictor_data/africa_full_predictor_data_2009-09-24.parquet",278367387
"data/africa_full_predictor_data/africa_full_predictor_data_2009-09-25.parquet",278445370
"data/africa_full_predictor_data/africa_full_predictor_data_2009-09-26.parquet",278794417
"data/africa_full_predictor_data/africa_full_predictor_data_2009-09-27.parquet",279001542
"data/africa_full_predictor_data/africa_full_predictor_data_2009-09-28.parquet",279196964
"data/africa_full_predictor_data/africa_full_predictor_data_2009-09-29.parquet",278996596
"data/africa_full_predictor_data/africa_full_predictor_data_2009-09-30.parquet",279497520
"data/africa_full_predictor_data/africa_full_predictor_data_2009-10-01.parquet",279529528
"data/africa_full_predictor_data/africa_full_predictor_data_2009-10-02.parquet",279163804
"data/africa_full_predictor_data/africa_full_predictor_data_2009-10-03.parquet",279575734
"data/africa_full_predictor_data/africa_full_predictor_data_2009-10-04.parquet",279798198
"data/africa_full_predictor_data/africa_full_predictor_data_2009-10-05.parquet",279333755
"data/africa_full_predictor_data/africa_full_predictor_data_2009-10-06.parquet",279428157
"data/africa_full_predictor_data/africa_full_predictor_data_2009-10-07.parquet",279411485
"data/africa_full_predictor_data/africa_full_predictor_data_2009-10-08.parquet",279727021
"data/africa_full_predictor_data/africa_full_predictor_data_2009-10-09.parquet",279001458
"data/africa_full_predictor_data/africa_full_predictor_data_2009-10-10.parquet",279720131
"data/africa_full_predictor_data/africa_full_predictor_data_2009-10-11.parquet",279756734
"data/africa_full_predictor_data/africa_full_predictor_data_2009-10-12.parquet",279478524
"data/africa_full_predictor_data/africa_full_predictor_data_2009-10-13.parquet",279739595
"data/africa_full_predictor_data/africa_full_predictor_data_2009-10-14.parquet",279858322
"data/africa_full_predictor_data/africa_full_predictor_data_2009-10-15.parquet",280232933
"data/africa_full_predictor_data/africa_full_predictor_data_2009-10-16.parquet",280171703
"data/africa_full_predictor_data/africa_full_predictor_data_2009-10-17.parquet",279856820
"data/africa_full_predictor_data/africa_full_predictor_data_2009-10-18.parquet",280262993
"data/africa_full_predictor_data/africa_full_predictor_data_2009-10-19.parquet",279875826
"data/africa_full_predictor_data/africa_full_predictor_data_2009-10-20.parquet",280220088
"data/africa_full_predictor_data/africa_full_predictor_data_2009-10-21.parquet",279900503
"data/africa_full_predictor_data/africa_full_predictor_data_2009-10-22.parquet",280112467
"data/africa_full_predictor_data/africa_full_predictor_data_2009-10-23.parquet",279712461
"data/africa_full_predictor_data/africa_full_predictor_data_2009-10-24.parquet",280145767
"data/africa_full_predictor_data/africa_full_predictor_data_2009-10-25.parquet",279984381
"data/africa_full_predictor_data/africa_full_predictor_data_2009-10-26.parquet",280472116
"data/africa_full_predictor_data/africa_full_predictor_data_2009-10-27.parquet",280421503
"data/africa_full_predictor_data/africa_full_predictor_data_2009-10-28.parquet",280291676
"data/africa_full_predictor_data/africa_full_predictor_data_2009-10-29.parquet",280193562
"data/africa_full_predictor_data/africa_full_predictor_data_2009-10-30.parquet",280192646
"data/africa_full_predictor_data/africa_full_predictor_data_2009-10-31.parquet",279820629
"data/africa_full_predictor_data/africa_full_predictor_data_2009-11-01.parquet",279761969
"data/africa_full_predictor_data/africa_full_predictor_data_2009-11-02.parquet",279788973
"data/africa_full_predictor_data/africa_full_predictor_data_2009-11-03.parquet",280173182
"data/africa_full_predictor_data/africa_full_predictor_data_2009-11-04.parquet",279798326
"data/africa_full_predictor_data/africa_full_predictor_data_2009-11-05.parquet",279487707
"data/africa_full_predictor_data/africa_full_predictor_data_2009-11-06.parquet",279573668
"data/africa_full_predictor_data/africa_full_predictor_data_2009-11-07.parquet",279990841
"data/africa_full_predictor_data/africa_full_predictor_data_2009-11-08.parquet",279223668
"data/africa_full_predictor_data/africa_full_predictor_data_2009-11-09.parquet",279778826
"data/africa_full_predictor_data/africa_full_predictor_data_2009-11-10.parquet",279815241
"data/africa_full_predictor_data/africa_full_predictor_data_2009-11-11.parquet",279565256
"data/africa_full_predictor_data/africa_full_predictor_data_2009-11-12.parquet",278619263
"data/africa_full_predictor_data/africa_full_predictor_data_2009-11-13.parquet",278908399
"data/africa_full_predictor_data/africa_full_predictor_data_2009-11-14.parquet",279002621
"data/africa_full_predictor_data/africa_full_predictor_data_2009-11-15.parquet",278625371
"data/africa_full_predictor_data/africa_full_predictor_data_2009-11-16.parquet",278909334
"data/africa_full_predictor_data/africa_full_predictor_data_2009-11-17.parquet",278913448
"data/africa_full_predictor_data/africa_full_predictor_data_2009-11-18.parquet",279349346
"data/africa_full_predictor_data/africa_full_predictor_data_2009-11-19.parquet",279497458
"data/africa_full_predictor_data/africa_full_predictor_data_2009-11-20.parquet",279357074
"data/africa_full_predictor_data/africa_full_predictor_data_2009-11-21.parquet",278980163
"data/africa_full_predictor_data/africa_full_predictor_data_2009-11-22.parquet",278999391
"data/africa_full_predictor_data/africa_full_predictor_data_2009-11-23.parquet",278958820
"data/africa_full_predictor_data/africa_full_predictor_data_2009-11-24.parquet",278880101
"data/africa_full_predictor_data/africa_full_predictor_data_2009-11-25.parquet",278794840
"data/africa_full_predictor_data/africa_full_predictor_data_2009-11-26.parquet",278938354
"data/africa_full_predictor_data/africa_full_predictor_data_2009-11-27.parquet",278681902
"data/africa_full_predictor_data/africa_full_predictor_data_2009-11-28.parquet",278439444
"data/africa_full_predictor_data/africa_full_predictor_data_2009-11-29.parquet",278670647
"data/africa_full_predictor_data/africa_full_predictor_data_2009-11-30.parquet",278844348
"data/africa_full_predictor_data/africa_full_predictor_data_2009-12-01.parquet",279212161
"data/africa_full_predictor_data/africa_full_predictor_data_2009-12-02.parquet",278622662
"data/africa_full_predictor_data/africa_full_predictor_data_2009-12-03.parquet",278461887
"data/africa_full_predictor_data/africa_full_predictor_data_2009-12-04.parquet",278609442
"data/africa_full_predictor_data/africa_full_predictor_data_2009-12-05.parquet",278404953
"data/africa_full_predictor_data/africa_full_predictor_data_2009-12-06.parquet",278251300
"data/africa_full_predictor_data/africa_full_predictor_data_2009-12-07.parquet",278196849
"data/africa_full_predictor_data/africa_full_predictor_data_2009-12-08.parquet",278342195
"data/africa_full_predictor_data/africa_full_predictor_data_2009-12-09.parquet",278214932
"data/africa_full_predictor_data/africa_full_predictor_data_2009-12-10.parquet",278421750
"data/africa_full_predictor_data/africa_full_predictor_data_2009-12-11.parquet",278236698
"data/africa_full_predictor_data/africa_full_predictor_data_2009-12-12.parquet",277990482
"data/africa_full_predictor_data/africa_full_predictor_data_2009-12-13.parquet",278706878
"data/africa_full_predictor_data/africa_full_predictor_data_2009-12-14.parquet",278370865
"data/africa_full_predictor_data/africa_full_predictor_data_2009-12-15.parquet",278455446
"data/africa_full_predictor_data/africa_full_predictor_data_2009-12-16.parquet",278035459
"data/africa_full_predictor_data/africa_full_predictor_data_2009-12-17.parquet",277360986
"data/africa_full_predictor_data/africa_full_predictor_data_2009-12-18.parquet",277412586
"data/africa_full_predictor_data/africa_full_predictor_data_2009-12-19.parquet",277470848
"data/africa_full_predictor_data/africa_full_predictor_data_2009-12-20.parquet",277916864
"data/africa_full_predictor_data/africa_full_predictor_data_2009-12-21.parquet",277685357
"data/africa_full_predictor_data/africa_full_predictor_data_2009-12-22.parquet",277866781
"data/africa_full_predictor_data/africa_full_predictor_data_2009-12-23.parquet",277985134
"data/africa_full_predictor_data/africa_full_predictor_data_2009-12-24.parquet",277885371
"data/africa_full_predictor_data/africa_full_predictor_data_2009-12-25.parquet",277936231
"data/africa_full_predictor_data/africa_full_predictor_data_2009-12-26.parquet",277885394
"data/africa_full_predictor_data/africa_full_predictor_data_2009-12-27.parquet",278175034
"data/africa_full_predictor_data/africa_full_predictor_data_2009-12-28.parquet",278138844
"data/africa_full_predictor_data/africa_full_predictor_data_2009-12-29.parquet",278007276
"data/africa_full_predictor_data/africa_full_predictor_data_2009-12-30.parquet",277765387
"data/africa_full_predictor_data/africa_full_predictor_data_2009-12-31.parquet",278155566
"data/africa_full_predictor_data/africa_full_predictor_data_2010-01-01.parquet",278658636
"data/africa_full_predictor_data/africa_full_predictor_data_2010-01-02.parquet",278293826
"data/africa_full_predictor_data/africa_full_predictor_data_2010-01-03.parquet",278216618
"data/africa_full_predictor_data/africa_full_predictor_data_2010-01-04.parquet",278495991
"data/africa_full_predictor_data/africa_full_predictor_data_2010-01-05.parquet",278482256
"data/africa_full_predictor_data/africa_full_predictor_data_2010-01-06.parquet",278609909
"data/africa_full_predictor_data/africa_full_predictor_data_2010-01-07.parquet",278772757
"data/africa_full_predictor_data/africa_full_predictor_data_2010-01-08.parquet",278696744
"data/africa_full_predictor_data/africa_full_predictor_data_2010-01-09.parquet",278606636
"data/africa_full_predictor_data/africa_full_predictor_data_2010-01-10.parquet",278635852
"data/africa_full_predictor_data/africa_full_predictor_data_2010-01-11.parquet",278613138
"data/africa_full_predictor_data/africa_full_predictor_data_2010-01-12.parquet",278198890
"data/africa_full_predictor_data/africa_full_predictor_data_2010-01-13.parquet",278167073
"data/africa_full_predictor_data/africa_full_predictor_data_2010-01-14.parquet",277931365
"data/africa_full_predictor_data/africa_full_predictor_data_2010-01-15.parquet",278493306
"data/africa_full_predictor_data/africa_full_predictor_data_2010-01-16.parquet",278487508
"data/africa_full_predictor_data/africa_full_predictor_data_2010-01-17.parquet",279592123
"data/africa_full_predictor_data/africa_full_predictor_data_2010-01-18.parquet",279423534
"data/africa_full_predictor_data/africa_full_predictor_data_2010-01-19.parquet",279385331
"data/africa_full_predictor_data/africa_full_predictor_data_2010-01-20.parquet",279007272
"data/africa_full_predictor_data/africa_full_predictor_data_2010-01-21.parquet",279189296
"data/africa_full_predictor_data/africa_full_predictor_data_2010-01-22.parquet",278646344
"data/africa_full_predictor_data/africa_full_predictor_data_2010-01-23.parquet",278296757
"data/africa_full_predictor_data/africa_full_predictor_data_2010-01-24.parquet",278192855
"data/africa_full_predictor_data/africa_full_predictor_data_2010-01-25.parquet",278831253
"data/africa_full_predictor_data/africa_full_predictor_data_2010-01-26.parquet",279185723
"data/africa_full_predictor_data/africa_full_predictor_data_2010-01-27.parquet",279327171
"data/africa_full_predictor_data/africa_full_predictor_data_2010-01-28.parquet",279601913
"data/africa_full_predictor_data/africa_full_predictor_data_2010-01-29.parquet",278924789
"data/africa_full_predictor_data/africa_full_predictor_data_2010-01-30.parquet",278802787
"data/africa_full_predictor_data/africa_full_predictor_data_2010-01-31.parquet",278817249
"data/africa_full_predictor_data/africa_full_predictor_data_2010-02-01.parquet",279280818
"data/africa_full_predictor_data/africa_full_predictor_data_2010-02-02.parquet",279234181
"data/africa_full_predictor_data/africa_full_predictor_data_2010-02-03.parquet",279429109
"data/africa_full_predictor_data/africa_full_predictor_data_2010-02-04.parquet",278633417
"data/africa_full_predictor_data/africa_full_predictor_data_2010-02-05.parquet",278408137
"data/africa_full_predictor_data/africa_full_predictor_data_2010-02-06.parquet",279146942
"data/africa_full_predictor_data/africa_full_predictor_data_2010-02-07.parquet",279467466
"data/africa_full_predictor_data/africa_full_predictor_data_2010-02-08.parquet",279059489
"data/africa_full_predictor_data/africa_full_predictor_data_2010-02-09.parquet",279137035
"data/africa_full_predictor_data/africa_full_predictor_data_2010-02-10.parquet",279125047
"data/africa_full_predictor_data/africa_full_predictor_data_2010-02-11.parquet",279628207
"data/africa_full_predictor_data/africa_full_predictor_data_2010-02-12.parquet",279419968
"data/africa_full_predictor_data/africa_full_predictor_data_2010-02-13.parquet",279688441
"data/africa_full_predictor_data/africa_full_predictor_data_2010-02-14.parquet",279332102
"data/africa_full_predictor_data/africa_full_predictor_data_2010-02-15.parquet",279378362
"data/africa_full_predictor_data/africa_full_predictor_data_2010-02-16.parquet",279631813
"data/africa_full_predictor_data/africa_full_predictor_data_2010-02-17.parquet",279616047
"data/africa_full_predictor_data/africa_full_predictor_data_2010-02-18.parquet",279516995
"data/africa_full_predictor_data/africa_full_predictor_data_2010-02-19.parquet",279780083
"data/africa_full_predictor_data/africa_full_predictor_data_2010-02-20.parquet",279564106
"data/africa_full_predictor_data/africa_full_predictor_data_2010-02-21.parquet",279511525
"data/africa_full_predictor_data/africa_full_predictor_data_2010-02-22.parquet",279419256
"data/africa_full_predictor_data/africa_full_predictor_data_2010-02-23.parquet",279520249
"data/africa_full_predictor_data/africa_full_predictor_data_2010-02-24.parquet",279821554
"data/africa_full_predictor_data/africa_full_predictor_data_2010-02-25.parquet",279647426
"data/africa_full_predictor_data/africa_full_predictor_data_2010-02-26.parquet",279232536
"data/africa_full_predictor_data/africa_full_predictor_data_2010-02-27.parquet",279038929
"data/africa_full_predictor_data/africa_full_predictor_data_2010-02-28.parquet",279452963
"data/africa_full_predictor_data/africa_full_predictor_data_2010-03-01.parquet",280024915
"data/africa_full_predictor_data/africa_full_predictor_data_2010-03-02.parquet",278943506
"data/africa_full_predictor_data/africa_full_predictor_data_2010-03-03.parquet",279121842
"data/africa_full_predictor_data/africa_full_predictor_data_2010-03-04.parquet",279191328
"data/africa_full_predictor_data/africa_full_predictor_data_2010-03-05.parquet",279545890
"data/africa_full_predictor_data/africa_full_predictor_data_2010-03-06.parquet",279361210
"data/africa_full_predictor_data/africa_full_predictor_data_2010-03-07.parquet",279535149
"data/africa_full_predictor_data/africa_full_predictor_data_2010-03-08.parquet",279560093
"data/africa_full_predictor_data/africa_full_predictor_data_2010-03-09.parquet",279360463
"data/africa_full_predictor_data/africa_full_predictor_data_2010-03-10.parquet",280260093
"data/africa_full_predictor_data/africa_full_predictor_data_2010-03-11.parquet",279854684
"data/africa_full_predictor_data/africa_full_predictor_data_2010-03-12.parquet",279868977
"data/africa_full_predictor_data/africa_full_predictor_data_2010-03-13.parquet",279629130
"data/africa_full_predictor_data/africa_full_predictor_data_2010-03-14.parquet",279842738
"data/africa_full_predictor_data/africa_full_predictor_data_2010-03-15.parquet",279866939
"data/africa_full_predictor_data/africa_full_predictor_data_2010-03-16.parquet",280089197
"data/africa_full_predictor_data/africa_full_predictor_data_2010-03-17.parquet",279628755
"data/africa_full_predictor_data/africa_full_predictor_data_2010-03-18.parquet",280094557
"data/africa_full_predictor_data/africa_full_predictor_data_2010-03-19.parquet",280124172
"data/africa_full_predictor_data/africa_full_predictor_data_2010-03-20.parquet",280175873
"data/africa_full_predictor_data/africa_full_predictor_data_2010-03-21.parquet",280112612
"data/africa_full_predictor_data/africa_full_predictor_data_2010-03-22.parquet",280316778
"data/africa_full_predictor_data/africa_full_predictor_data_2010-03-23.parquet",280014842
"data/africa_full_predictor_data/africa_full_predictor_data_2010-03-24.parquet",280070307
"data/africa_full_predictor_data/africa_full_predictor_data_2010-03-25.parquet",279978787
"data/africa_full_predictor_data/africa_full_predictor_data_2010-03-26.parquet",280013929
"data/africa_full_predictor_data/africa_full_predictor_data_2010-03-27.parquet",279995953
"data/africa_full_predictor_data/africa_full_predictor_data_2010-03-28.parquet",280514756
"data/africa_full_predictor_data/africa_full_predictor_data_2010-03-29.parquet",280176137
"data/africa_full_predictor_data/africa_full_predictor_data_2010-03-30.parquet",280136429
"data/africa_full_predictor_data/africa_full_predictor_data_2010-03-31.parquet",279772226
"data/africa_full_predictor_data/africa_full_predictor_data_2010-04-01.parquet",279919000
"data/africa_full_predictor_data/africa_full_predictor_data_2010-04-02.parquet",279590700
"data/africa_full_predictor_data/africa_full_predictor_data_2010-04-03.parquet",279518690
"data/africa_full_predictor_data/africa_full_predictor_data_2010-04-04.parquet",279939388
"data/africa_full_predictor_data/africa_full_predictor_data_2010-04-05.parquet",280168080
"data/africa_full_predictor_data/africa_full_predictor_data_2010-04-06.parquet",280398846
"data/africa_full_predictor_data/africa_full_predictor_data_2010-04-07.parquet",279987490
"data/africa_full_predictor_data/africa_full_predictor_data_2010-04-08.parquet",280093964
"data/africa_full_predictor_data/africa_full_predictor_data_2010-04-09.parquet",280251523
"data/africa_full_predictor_data/africa_full_predictor_data_2010-04-10.parquet",280479292
"data/africa_full_predictor_data/africa_full_predictor_data_2010-04-11.parquet",280420911
"data/africa_full_predictor_data/africa_full_predictor_data_2010-04-12.parquet",280356939
"data/africa_full_predictor_data/africa_full_predictor_data_2010-04-13.parquet",280549011
"data/africa_full_predictor_data/africa_full_predictor_data_2010-04-14.parquet",280632166
"data/africa_full_predictor_data/africa_full_predictor_data_2010-04-15.parquet",280854345
"data/africa_full_predictor_data/africa_full_predictor_data_2010-04-16.parquet",280460941
"data/africa_full_predictor_data/africa_full_predictor_data_2010-04-17.parquet",280422986
"data/africa_full_predictor_data/africa_full_predictor_data_2010-04-18.parquet",280378691
"data/africa_full_predictor_data/africa_full_predictor_data_2010-04-19.parquet",280465793
"data/africa_full_predictor_data/africa_full_predictor_data_2010-04-20.parquet",280368594
"data/africa_full_predictor_data/africa_full_predictor_data_2010-04-21.parquet",280151265
"data/africa_full_predictor_data/africa_full_predictor_data_2010-04-22.parquet",280340902
"data/africa_full_predictor_data/africa_full_predictor_data_2010-04-23.parquet",280842890
"data/africa_full_predictor_data/africa_full_predictor_data_2010-04-24.parquet",280770662
"data/africa_full_predictor_data/africa_full_predictor_data_2010-04-25.parquet",280976074
"data/africa_full_predictor_data/africa_full_predictor_data_2010-04-26.parquet",280907446
"data/africa_full_predictor_data/africa_full_predictor_data_2010-04-27.parquet",281186030
"data/africa_full_predictor_data/africa_full_predictor_data_2010-04-28.parquet",280445451
"data/africa_full_predictor_data/africa_full_predictor_data_2010-04-29.parquet",281012807
"data/africa_full_predictor_data/africa_full_predictor_data_2010-04-30.parquet",281249437
"data/africa_full_predictor_data/africa_full_predictor_data_2010-05-01.parquet",281031215
"data/africa_full_predictor_data/africa_full_predictor_data_2010-05-02.parquet",280740077
"data/africa_full_predictor_data/africa_full_predictor_data_2010-05-03.parquet",280464350
"data/africa_full_predictor_data/africa_full_predictor_data_2010-05-04.parquet",280381767
"data/africa_full_predictor_data/africa_full_predictor_data_2010-05-05.parquet",280454269
"data/africa_full_predictor_data/africa_full_predictor_data_2010-05-06.parquet",280640306
"data/africa_full_predictor_data/africa_full_predictor_data_2010-05-07.parquet",280880096
"data/africa_full_predictor_data/africa_full_predictor_data_2010-05-08.parquet",280848062
"data/africa_full_predictor_data/africa_full_predictor_data_2010-05-09.parquet",280680790
"data/africa_full_predictor_data/africa_full_predictor_data_2010-05-10.parquet",280729348
"data/africa_full_predictor_data/africa_full_predictor_data_2010-05-11.parquet",280211604
"data/africa_full_predictor_data/africa_full_predictor_data_2010-05-12.parquet",280311649
"data/africa_full_predictor_data/africa_full_predictor_data_2010-05-13.parquet",280333794
"data/africa_full_predictor_data/africa_full_predictor_data_2010-05-14.parquet",280498814
"data/africa_full_predictor_data/africa_full_predictor_data_2010-05-15.parquet",280284607
"data/africa_full_predictor_data/africa_full_predictor_data_2010-05-16.parquet",280224180
"data/africa_full_predictor_data/africa_full_predictor_data_2010-05-17.parquet",279818572
"data/africa_full_predictor_data/africa_full_predictor_data_2010-05-18.parquet",279758694
"data/africa_full_predictor_data/africa_full_predictor_data_2010-05-19.parquet",280049197
"data/africa_full_predictor_data/africa_full_predictor_data_2010-05-20.parquet",280138307
"data/africa_full_predictor_data/africa_full_predictor_data_2010-05-21.parquet",279888211
"data/africa_full_predictor_data/africa_full_predictor_data_2010-05-22.parquet",280357918
"data/africa_full_predictor_data/africa_full_predictor_data_2010-05-23.parquet",279790801
"data/africa_full_predictor_data/africa_full_predictor_data_2010-05-24.parquet",279930113
"data/africa_full_predictor_data/africa_full_predictor_data_2010-05-25.parquet",279832457
"data/africa_full_predictor_data/africa_full_predictor_data_2010-05-26.parquet",279813287
"data/africa_full_predictor_data/africa_full_predictor_data_2010-05-27.parquet",280532596
"data/africa_full_predictor_data/africa_full_predictor_data_2010-05-28.parquet",280390523
"data/africa_full_predictor_data/africa_full_predictor_data_2010-05-29.parquet",280147761
"data/africa_full_predictor_data/africa_full_predictor_data_2010-05-30.parquet",280219483
"data/africa_full_predictor_data/africa_full_predictor_data_2010-05-31.parquet",280143842
"data/africa_full_predictor_data/africa_full_predictor_data_2010-06-01.parquet",279478721
"data/africa_full_predictor_data/africa_full_predictor_data_2010-06-02.parquet",279361088
"data/africa_full_predictor_data/africa_full_predictor_data_2010-06-03.parquet",279357993
"data/africa_full_predictor_data/africa_full_predictor_data_2010-06-04.parquet",278984659
"data/africa_full_predictor_data/africa_full_predictor_data_2010-06-05.parquet",279172920
"data/africa_full_predictor_data/africa_full_predictor_data_2010-06-06.parquet",279336913
"data/africa_full_predictor_data/africa_full_predictor_data_2010-06-07.parquet",279450729
"data/africa_full_predictor_data/africa_full_predictor_data_2010-06-08.parquet",279638385
"data/africa_full_predictor_data/africa_full_predictor_data_2010-06-09.parquet",279065340
"data/africa_full_predictor_data/africa_full_predictor_data_2010-06-10.parquet",279248752
"data/africa_full_predictor_data/africa_full_predictor_data_2010-06-11.parquet",278713923
"data/africa_full_predictor_data/africa_full_predictor_data_2010-06-12.parquet",278571872
"data/africa_full_predictor_data/africa_full_predictor_data_2010-06-13.parquet",278759010
"data/africa_full_predictor_data/africa_full_predictor_data_2010-06-14.parquet",278800058
"data/africa_full_predictor_data/africa_full_predictor_data_2010-06-15.parquet",278248614
"data/africa_full_predictor_data/africa_full_predictor_data_2010-06-16.parquet",277808240
"data/africa_full_predictor_data/africa_full_predictor_data_2010-06-17.parquet",278523165
"data/africa_full_predictor_data/africa_full_predictor_data_2010-06-18.parquet",278662548
"data/africa_full_predictor_data/africa_full_predictor_data_2010-06-19.parquet",278439797
"data/africa_full_predictor_data/africa_full_predictor_data_2010-06-20.parquet",278176780
"data/africa_full_predictor_data/africa_full_predictor_data_2010-06-21.parquet",279092097
"data/africa_full_predictor_data/africa_full_predictor_data_2010-06-22.parquet",278469424
"data/africa_full_predictor_data/africa_full_predictor_data_2010-06-23.parquet",278365242
"data/africa_full_predictor_data/africa_full_predictor_data_2010-06-24.parquet",277957713
"data/africa_full_predictor_data/africa_full_predictor_data_2010-06-25.parquet",278372774
"data/africa_full_predictor_data/africa_full_predictor_data_2010-06-26.parquet",278533200
"data/africa_full_predictor_data/africa_full_predictor_data_2010-06-27.parquet",278170775
"data/africa_full_predictor_data/africa_full_predictor_data_2010-06-28.parquet",278326211
"data/africa_full_predictor_data/africa_full_predictor_data_2010-06-29.parquet",278303976
"data/africa_full_predictor_data/africa_full_predictor_data_2010-06-30.parquet",278063015
"data/africa_full_predictor_data/africa_full_predictor_data_2010-07-01.parquet",277464121
"data/africa_full_predictor_data/africa_full_predictor_data_2010-07-02.parquet",277444671
"data/africa_full_predictor_data/africa_full_predictor_data_2010-07-03.parquet",276816674
"data/africa_full_predictor_data/africa_full_predictor_data_2010-07-04.parquet",276777608
"data/africa_full_predictor_data/africa_full_predictor_data_2010-07-05.parquet",277294948
"data/africa_full_predictor_data/africa_full_predictor_data_2010-07-06.parquet",276954766
"data/africa_full_predictor_data/africa_full_predictor_data_2010-07-07.parquet",277728712
"data/africa_full_predictor_data/africa_full_predictor_data_2010-07-08.parquet",277708854
"data/africa_full_predictor_data/africa_full_predictor_data_2010-07-09.parquet",277488444
"data/africa_full_predictor_data/africa_full_predictor_data_2010-07-10.parquet",277359166
"data/africa_full_predictor_data/africa_full_predictor_data_2010-07-11.parquet",277748332
"data/africa_full_predictor_data/africa_full_predictor_data_2010-07-12.parquet",277598824
"data/africa_full_predictor_data/africa_full_predictor_data_2010-07-13.parquet",277284571
"data/africa_full_predictor_data/africa_full_predictor_data_2010-07-14.parquet",277633278
"data/africa_full_predictor_data/africa_full_predictor_data_2010-07-15.parquet",277499973
"data/africa_full_predictor_data/africa_full_predictor_data_2010-07-16.parquet",277539096
"data/africa_full_predictor_data/africa_full_predictor_data_2010-07-17.parquet",277496447
"data/africa_full_predictor_data/africa_full_predictor_data_2010-07-18.parquet",277657516
"data/africa_full_predictor_data/africa_full_predictor_data_2010-07-19.parquet",278151496
"data/africa_full_predictor_data/africa_full_predictor_data_2010-07-20.parquet",278060234
"data/africa_full_predictor_data/africa_full_predictor_data_2010-07-21.parquet",277550423
"data/africa_full_predictor_data/africa_full_predictor_data_2010-07-22.parquet",277998813
"data/africa_full_predictor_data/africa_full_predictor_data_2010-07-23.parquet",277929858
"data/africa_full_predictor_data/africa_full_predictor_data_2010-07-24.parquet",277943058
"data/africa_full_predictor_data/africa_full_predictor_data_2010-07-25.parquet",278086689
"data/africa_full_predictor_data/africa_full_predictor_data_2010-07-26.parquet",278062454
"data/africa_full_predictor_data/africa_full_predictor_data_2010-07-27.parquet",278100547
"data/africa_full_predictor_data/africa_full_predictor_data_2010-07-28.parquet",278223804
"data/africa_full_predictor_data/africa_full_predictor_data_2010-07-29.parquet",278232318
"data/africa_full_predictor_data/africa_full_predictor_data_2010-07-30.parquet",278014486
"data/africa_full_predictor_data/africa_full_predictor_data_2010-07-31.parquet",277735003
"data/africa_full_predictor_data/africa_full_predictor_data_2010-08-01.parquet",278226777
"data/africa_full_predictor_data/africa_full_predictor_data_2010-08-02.parquet",278383821
"data/africa_full_predictor_data/africa_full_predictor_data_2010-08-03.parquet",278152931
"data/africa_full_predictor_data/africa_full_predictor_data_2010-08-04.parquet",278371708
"data/africa_full_predictor_data/africa_full_predictor_data_2010-08-05.parquet",278481315
"data/africa_full_predictor_data/africa_full_predictor_data_2010-08-06.parquet",278649703
"data/africa_full_predictor_data/africa_full_predictor_data_2010-08-07.parquet",278346017
"data/africa_full_predictor_data/africa_full_predictor_data_2010-08-08.parquet",278511406
"data/africa_full_predictor_data/africa_full_predictor_data_2010-08-09.parquet",277961171
"data/africa_full_predictor_data/africa_full_predictor_data_2010-08-10.parquet",277728420
"data/africa_full_predictor_data/africa_full_predictor_data_2010-08-11.parquet",277723178
"data/africa_full_predictor_data/africa_full_predictor_data_2010-08-12.parquet",277726741
"data/africa_full_predictor_data/africa_full_predictor_data_2010-08-13.parquet",278115780
"data/africa_full_predictor_data/africa_full_predictor_data_2010-08-14.parquet",278055510
"data/africa_full_predictor_data/africa_full_predictor_data_2010-08-15.parquet",277941364
"data/africa_full_predictor_data/africa_full_predictor_data_2010-08-16.parquet",277623746
"data/africa_full_predictor_data/africa_full_predictor_data_2010-08-17.parquet",277757573
"data/africa_full_predictor_data/africa_full_predictor_data_2010-08-18.parquet",277493796
"data/africa_full_predictor_data/africa_full_predictor_data_2010-08-19.parquet",277752689
"data/africa_full_predictor_data/africa_full_predictor_data_2010-08-20.parquet",277443454
"data/africa_full_predictor_data/africa_full_predictor_data_2010-08-21.parquet",278079389
"data/africa_full_predictor_data/africa_full_predictor_data_2010-08-22.parquet",277303092
"data/africa_full_predictor_data/africa_full_predictor_data_2010-08-23.parquet",278167827
"data/africa_full_predictor_data/africa_full_predictor_data_2010-08-24.parquet",278235574
"data/africa_full_predictor_data/africa_full_predictor_data_2010-08-25.parquet",278166092
"data/africa_full_predictor_data/africa_full_predictor_data_2010-08-26.parquet",277986496
"data/africa_full_predictor_data/africa_full_predictor_data_2010-08-27.parquet",278034327
"data/africa_full_predictor_data/africa_full_predictor_data_2010-08-28.parquet",278444318
"data/africa_full_predictor_data/africa_full_predictor_data_2010-08-29.parquet",278068475
"data/africa_full_predictor_data/africa_full_predictor_data_2010-08-30.parquet",278165098
"data/africa_full_predictor_data/africa_full_predictor_data_2010-08-31.parquet",277664832
"data/africa_full_predictor_data/africa_full_predictor_data_2010-09-01.parquet",278168454
"data/africa_full_predictor_data/africa_full_predictor_data_2010-09-02.parquet",277924386
"data/africa_full_predictor_data/africa_full_predictor_data_2010-09-03.parquet",277950167
"data/africa_full_predictor_data/africa_full_predictor_data_2010-09-04.parquet",278545555
"data/africa_full_predictor_data/africa_full_predictor_data_2010-09-05.parquet",278515612
"data/africa_full_predictor_data/africa_full_predictor_data_2010-09-06.parquet",278786368
"data/africa_full_predictor_data/africa_full_predictor_data_2010-09-07.parquet",278477287
"data/africa_full_predictor_data/africa_full_predictor_data_2010-09-08.parquet",278372216
"data/africa_full_predictor_data/africa_full_predictor_data_2010-09-09.parquet",278378592
"data/africa_full_predictor_data/africa_full_predictor_data_2010-09-10.parquet",278229503
"data/africa_full_predictor_data/africa_full_predictor_data_2010-09-11.parquet",277767874
"data/africa_full_predictor_data/africa_full_predictor_data_2010-09-12.parquet",278442164
"data/africa_full_predictor_data/africa_full_predictor_data_2010-09-13.parquet",278134149
"data/africa_full_predictor_data/africa_full_predictor_data_2010-09-14.parquet",277872027
"data/africa_full_predictor_data/africa_full_predictor_data_2010-09-15.parquet",277864007
"data/africa_full_predictor_data/africa_full_predictor_data_2010-09-16.parquet",277906618
"data/africa_full_predictor_data/africa_full_predictor_data_2010-09-17.parquet",277974968
"data/africa_full_predictor_data/africa_full_predictor_data_2010-09-18.parquet",278497890
"data/africa_full_predictor_data/africa_full_predictor_data_2010-09-19.parquet",278607356
"data/africa_full_predictor_data/africa_full_predictor_data_2010-09-20.parquet",278546163
"data/africa_full_predictor_data/africa_full_predictor_data_2010-09-21.parquet",279094233
"data/africa_full_predictor_data/africa_full_predictor_data_2010-09-22.parquet",278805488
"data/africa_full_predictor_data/africa_full_predictor_data_2010-09-23.parquet",278445511
"data/africa_full_predictor_data/africa_full_predictor_data_2010-09-24.parquet",278180110
"data/africa_full_predictor_data/africa_full_predictor_data_2010-09-25.parquet",278923455
"data/africa_full_predictor_data/africa_full_predictor_data_2010-09-26.parquet",278568862
"data/africa_full_predictor_data/africa_full_predictor_data_2010-09-27.parquet",278889200
"data/africa_full_predictor_data/africa_full_predictor_data_2010-09-28.parquet",279042448
"data/africa_full_predictor_data/africa_full_predictor_data_2010-09-29.parquet",279258940
"data/africa_full_predictor_data/africa_full_predictor_data_2010-09-30.parquet",279408490
"data/africa_full_predictor_data/africa_full_predictor_data_2010-10-01.parquet",279963481
"data/africa_full_predictor_data/africa_full_predictor_data_2010-10-02.parquet",279547296
"data/africa_full_predictor_data/africa_full_predictor_data_2010-10-03.parquet",279536170
"data/africa_full_predictor_data/africa_full_predictor_data_2010-10-04.parquet",279643817
"data/africa_full_predictor_data/africa_full_predictor_data_2010-10-05.parquet",279263600
"data/africa_full_predictor_data/africa_full_predictor_data_2010-10-06.parquet",279245267
"data/africa_full_predictor_data/africa_full_predictor_data_2010-10-07.parquet",279571587
"data/africa_full_predictor_data/africa_full_predictor_data_2010-10-08.parquet",279729124
"data/africa_full_predictor_data/africa_full_predictor_data_2010-10-09.parquet",279425994
"data/africa_full_predictor_data/africa_full_predictor_data_2010-10-10.parquet",279608696
"data/africa_full_predictor_data/africa_full_predictor_data_2010-10-11.parquet",279908765
"data/africa_full_predictor_data/africa_full_predictor_data_2010-10-12.parquet",279561414
"data/africa_full_predictor_data/africa_full_predictor_data_2010-10-13.parquet",279584696
"data/africa_full_predictor_data/africa_full_predictor_data_2010-10-14.parquet",280021100
"data/africa_full_predictor_data/africa_full_predictor_data_2010-10-15.parquet",280245699
"data/africa_full_predictor_data/africa_full_predictor_data_2010-10-16.parquet",280048519
"data/africa_full_predictor_data/africa_full_predictor_data_2010-10-17.parquet",279787527
"data/africa_full_predictor_data/africa_full_predictor_data_2010-10-18.parquet",279781435
"data/africa_full_predictor_data/africa_full_predictor_data_2010-10-19.parquet",279797692
"data/africa_full_predictor_data/africa_full_predictor_data_2010-10-20.parquet",279879713
"data/africa_full_predictor_data/africa_full_predictor_data_2010-10-21.parquet",280012247
"data/africa_full_predictor_data/africa_full_predictor_data_2010-10-22.parquet",279717021
"data/africa_full_predictor_data/africa_full_predictor_data_2010-10-23.parquet",279672714
"data/africa_full_predictor_data/africa_full_predictor_data_2010-10-24.parquet",279989633
"data/africa_full_predictor_data/africa_full_predictor_data_2010-10-25.parquet",280047234
"data/africa_full_predictor_data/africa_full_predictor_data_2010-10-26.parquet",279821194
"data/africa_full_predictor_data/africa_full_predictor_data_2010-10-27.parquet",280297156
"data/africa_full_predictor_data/africa_full_predictor_data_2010-10-28.parquet",280493688
"data/africa_full_predictor_data/africa_full_predictor_data_2010-10-29.parquet",279844878
"data/africa_full_predictor_data/africa_full_predictor_data_2010-10-30.parquet",279840830
"data/africa_full_predictor_data/africa_full_predictor_data_2010-10-31.parquet",279640441
"data/africa_full_predictor_data/africa_full_predictor_data_2010-11-01.parquet",279540047
"data/africa_full_predictor_data/africa_full_predictor_data_2010-11-02.parquet",279510873
"data/africa_full_predictor_data/africa_full_predictor_data_2010-11-03.parquet",279581580
"data/africa_full_predictor_data/africa_full_predictor_data_2010-11-04.parquet",280063252
"data/africa_full_predictor_data/africa_full_predictor_data_2010-11-05.parquet",279051564
"data/africa_full_predictor_data/africa_full_predictor_data_2010-11-06.parquet",279492262
"data/africa_full_predictor_data/africa_full_predictor_data_2010-11-07.parquet",279526181
"data/africa_full_predictor_data/africa_full_predictor_data_2010-11-08.parquet",279451472
"data/africa_full_predictor_data/africa_full_predictor_data_2010-11-09.parquet",279474846
"data/africa_full_predictor_data/africa_full_predictor_data_2010-11-10.parquet",279657612
"data/africa_full_predictor_data/africa_full_predictor_data_2010-11-11.parquet",279359257
"data/africa_full_predictor_data/africa_full_predictor_data_2010-11-12.parquet",278865766
"data/africa_full_predictor_data/africa_full_predictor_data_2010-11-13.parquet",278995420
"data/africa_full_predictor_data/africa_full_predictor_data_2010-11-14.parquet",279079950
"data/africa_full_predictor_data/africa_full_predictor_data_2010-11-15.parquet",279529044
"data/africa_full_predictor_data/africa_full_predictor_data_2010-11-16.parquet",279144323
"data/africa_full_predictor_data/africa_full_predictor_data_2010-11-17.parquet",278915869
"data/africa_full_predictor_data/africa_full_predictor_data_2010-11-18.parquet",279240652
"data/africa_full_predictor_data/africa_full_predictor_data_2010-11-19.parquet",279358473
"data/africa_full_predictor_data/africa_full_predictor_data_2010-11-20.parquet",279135831
"data/africa_full_predictor_data/africa_full_predictor_data_2010-11-21.parquet",278806617
"data/africa_full_predictor_data/africa_full_predictor_data_2010-11-22.parquet",278758778
"data/africa_full_predictor_data/africa_full_predictor_data_2010-11-23.parquet",278689618
"data/africa_full_predictor_data/africa_full_predictor_data_2010-11-24.parquet",278975108
"data/africa_full_predictor_data/africa_full_predictor_data_2010-11-25.parquet",278938321
"data/africa_full_predictor_data/africa_full_predictor_data_2010-11-26.parquet",278854726
"data/africa_full_predictor_data/africa_full_predictor_data_2010-11-27.parquet",278629848
"data/africa_full_predictor_data/africa_full_predictor_data_2010-11-28.parquet",278622165
"data/africa_full_predictor_data/africa_full_predictor_data_2010-11-29.parquet",278873002
"data/africa_full_predictor_data/africa_full_predictor_data_2010-11-30.parquet",278975553
"data/africa_full_predictor_data/africa_full_predictor_data_2010-12-01.parquet",279221791
"data/africa_full_predictor_data/africa_full_predictor_data_2010-12-02.parquet",279086187
"data/africa_full_predictor_data/africa_full_predictor_data_2010-12-03.parquet",278800007
"data/africa_full_predictor_data/africa_full_predictor_data_2010-12-04.parquet",278756604
"data/africa_full_predictor_data/africa_full_predictor_data_2010-12-05.parquet",278943249
"data/africa_full_predictor_data/africa_full_predictor_data_2010-12-06.parquet",278745588
"data/africa_full_predictor_data/africa_full_predictor_data_2010-12-07.parquet",278550892
"data/africa_full_predictor_data/africa_full_predictor_data_2010-12-08.parquet",278595103
"data/africa_full_predictor_data/africa_full_predictor_data_2010-12-09.parquet",278739295
"data/africa_full_predictor_data/africa_full_predictor_data_2010-12-10.parquet",279122040
"data/africa_full_predictor_data/africa_full_predictor_data_2010-12-11.parquet",278454145
"data/africa_full_predictor_data/africa_full_predictor_data_2010-12-12.parquet",278222263
"data/africa_full_predictor_data/africa_full_predictor_data_2010-12-13.parquet",278134923
"data/africa_full_predictor_data/africa_full_predictor_data_2010-12-14.parquet",278281176
"data/africa_full_predictor_data/africa_full_predictor_data_2010-12-15.parquet",278745199
"data/africa_full_predictor_data/africa_full_predictor_data_2010-12-16.parquet",278236747
"data/africa_full_predictor_data/africa_full_predictor_data_2010-12-17.parquet",277786391
"data/africa_full_predictor_data/africa_full_predictor_data_2010-12-18.parquet",277666690
"data/africa_full_predictor_data/africa_full_predictor_data_2010-12-19.parquet",277658596
"data/africa_full_predictor_data/africa_full_predictor_data_2010-12-20.parquet",277828134
"data/africa_full_predictor_data/africa_full_predictor_data_2010-12-21.parquet",277959396
"data/africa_full_predictor_data/africa_full_predictor_data_2010-12-22.parquet",278041510
"data/africa_full_predictor_data/africa_full_predictor_data_2010-12-23.parquet",277968620
"data/africa_full_predictor_data/africa_full_predictor_data_2010-12-24.parquet",277427990
"data/africa_full_predictor_data/africa_full_predictor_data_2010-12-25.parquet",277853203
"data/africa_full_predictor_data/africa_full_predictor_data_2010-12-26.parquet",278011417
"data/africa_full_predictor_data/africa_full_predictor_data_2010-12-27.parquet",277979409
"data/africa_full_predictor_data/africa_full_predictor_data_2010-12-28.parquet",278019111
"data/africa_full_predictor_data/africa_full_predictor_data_2010-12-29.parquet",278302675
"data/africa_full_predictor_data/africa_full_predictor_data_2010-12-30.parquet",277954995
"data/africa_full_predictor_data/africa_full_predictor_data_2010-12-31.parquet",278410503
"data/africa_full_predictor_data/africa_full_predictor_data_2011-01-01.parquet",277977084
"data/africa_full_predictor_data/africa_full_predictor_data_2011-01-02.parquet",277791719
"data/africa_full_predictor_data/africa_full_predictor_data_2011-01-03.parquet",277837186
"data/africa_full_predictor_data/africa_full_predictor_data_2011-01-04.parquet",278117927
"data/africa_full_predictor_data/africa_full_predictor_data_2011-01-05.parquet",278207527
"data/africa_full_predictor_data/africa_full_predictor_data_2011-01-06.parquet",278256964
"data/africa_full_predictor_data/africa_full_predictor_data_2011-01-07.parquet",278380096
"data/africa_full_predictor_data/africa_full_predictor_data_2011-01-08.parquet",278139459
"data/africa_full_predictor_data/africa_full_predictor_data_2011-01-09.parquet",277992711
"data/africa_full_predictor_data/africa_full_predictor_data_2011-01-10.parquet",278176013
"data/africa_full_predictor_data/africa_full_predictor_data_2011-01-11.parquet",278454640
"data/africa_full_predictor_data/africa_full_predictor_data_2011-01-12.parquet",277630342
"data/africa_full_predictor_data/africa_full_predictor_data_2011-01-13.parquet",277597329
"data/africa_full_predictor_data/africa_full_predictor_data_2011-01-14.parquet",277592406
"data/africa_full_predictor_data/africa_full_predictor_data_2011-01-15.parquet",278166126
"data/africa_full_predictor_data/africa_full_predictor_data_2011-01-16.parquet",278166533
"data/africa_full_predictor_data/africa_full_predictor_data_2011-01-17.parquet",278725164
"data/africa_full_predictor_data/africa_full_predictor_data_2011-01-18.parquet",279106973
"data/africa_full_predictor_data/africa_full_predictor_data_2011-01-19.parquet",279317064
"data/africa_full_predictor_data/africa_full_predictor_data_2011-01-20.parquet",278679812
"data/africa_full_predictor_data/africa_full_predictor_data_2011-01-21.parquet",278793774
"data/africa_full_predictor_data/africa_full_predictor_data_2011-01-22.parquet",278324192
"data/africa_full_predictor_data/africa_full_predictor_data_2011-01-23.parquet",278377797
"data/africa_full_predictor_data/africa_full_predictor_data_2011-01-24.parquet",278368397
"data/africa_full_predictor_data/africa_full_predictor_data_2011-01-25.parquet",278694313
"data/africa_full_predictor_data/africa_full_predictor_data_2011-01-26.parquet",279036304
"data/africa_full_predictor_data/africa_full_predictor_data_2011-01-27.parquet",279324844
"data/africa_full_predictor_data/africa_full_predictor_data_2011-01-28.parquet",279046573
"data/africa_full_predictor_data/africa_full_predictor_data_2011-01-29.parquet",278978420
"data/africa_full_predictor_data/africa_full_predictor_data_2011-01-30.parquet",278764521
"data/africa_full_predictor_data/africa_full_predictor_data_2011-01-31.parquet",278668365
"data/africa_full_predictor_data/africa_full_predictor_data_2011-02-01.parquet",278895418
"data/africa_full_predictor_data/africa_full_predictor_data_2011-02-02.parquet",279215988
"data/africa_full_predictor_data/africa_full_predictor_data_2011-02-03.parquet",279172332
"data/africa_full_predictor_data/africa_full_predictor_data_2011-02-04.parquet",278496811
"data/africa_full_predictor_data/africa_full_predictor_data_2011-02-05.parquet",278801785
"data/africa_full_predictor_data/africa_full_predictor_data_2011-02-06.parquet",278907043
"data/africa_full_predictor_data/africa_full_predictor_data_2011-02-07.parquet",279002961
"data/africa_full_predictor_data/africa_full_predictor_data_2011-02-08.parquet",278658074
"data/africa_full_predictor_data/africa_full_predictor_data_2011-02-09.parquet",278749725
"data/africa_full_predictor_data/africa_full_predictor_data_2011-02-10.parquet",278670958
"data/africa_full_predictor_data/africa_full_predictor_data_2011-02-11.parquet",278551993
"data/africa_full_predictor_data/africa_full_predictor_data_2011-02-12.parquet",278899233
"data/africa_full_predictor_data/africa_full_predictor_data_2011-02-13.parquet",278467940
"data/africa_full_predictor_data/africa_full_predictor_data_2011-02-14.parquet",278978272
"data/africa_full_predictor_data/africa_full_predictor_data_2011-02-15.parquet",279199920
"data/africa_full_predictor_data/africa_full_predictor_data_2011-02-16.parquet",279303807
"data/africa_full_predictor_data/africa_full_predictor_data_2011-02-17.parquet",279367210
"data/africa_full_predictor_data/africa_full_predictor_data_2011-02-18.parquet",278946556
"data/africa_full_predictor_data/africa_full_predictor_data_2011-02-19.parquet",279137975
"data/africa_full_predictor_data/africa_full_predictor_data_2011-02-20.parquet",279110429
"data/africa_full_predictor_data/africa_full_predictor_data_2011-02-21.parquet",279070255
"data/africa_full_predictor_data/africa_full_predictor_data_2011-02-22.parquet",279085958
"data/africa_full_predictor_data/africa_full_predictor_data_2011-02-23.parquet",279235993
"data/africa_full_predictor_data/africa_full_predictor_data_2011-02-24.parquet",279699677
"data/africa_full_predictor_data/africa_full_predictor_data_2011-02-25.parquet",279687457
"data/africa_full_predictor_data/africa_full_predictor_data_2011-02-26.parquet",278847155
"data/africa_full_predictor_data/africa_full_predictor_data_2011-02-27.parquet",279055232
"data/africa_full_predictor_data/africa_full_predictor_data_2011-02-28.parquet",279245213
"data/africa_full_predictor_data/africa_full_predictor_data_2011-03-01.parquet",279526629
"data/africa_full_predictor_data/africa_full_predictor_data_2011-03-02.parquet",278164143
"data/africa_full_predictor_data/africa_full_predictor_data_2011-03-03.parquet",278912090
"data/africa_full_predictor_data/africa_full_predictor_data_2011-03-04.parquet",278868426
"data/africa_full_predictor_data/africa_full_predictor_data_2011-03-05.parquet",278093734
"data/africa_full_predictor_data/africa_full_predictor_data_2011-03-06.parquet",278893948
"data/africa_full_predictor_data/africa_full_predictor_data_2011-03-07.parquet",279015230
"data/africa_full_predictor_data/africa_full_predictor_data_2011-03-08.parquet",278976824
"data/africa_full_predictor_data/africa_full_predictor_data_2011-03-09.parquet",279264354
"data/africa_full_predictor_data/africa_full_predictor_data_2011-03-10.parquet",279581359
"data/africa_full_predictor_data/africa_full_predictor_data_2011-03-11.parquet",279356942
"data/africa_full_predictor_data/africa_full_predictor_data_2011-03-12.parquet",280261621
"data/africa_full_predictor_data/africa_full_predictor_data_2011-03-13.parquet",279810050
"data/africa_full_predictor_data/africa_full_predictor_data_2011-03-14.parquet",279649871
"data/africa_full_predictor_data/africa_full_predictor_data_2011-03-15.parquet",279802687
"data/africa_full_predictor_data/africa_full_predictor_data_2011-03-16.parquet",280016019
"data/africa_full_predictor_data/africa_full_predictor_data_2011-03-17.parquet",279408842
"data/africa_full_predictor_data/africa_full_predictor_data_2011-03-18.parquet",279837321
"data/africa_full_predictor_data/africa_full_predictor_data_2011-03-19.parquet",279942368
"data/africa_full_predictor_data/africa_full_predictor_data_2011-03-20.parquet",279812015
"data/africa_full_predictor_data/africa_full_predictor_data_2011-03-21.parquet",279615350
"data/africa_full_predictor_data/africa_full_predictor_data_2011-03-22.parquet",279952142
"data/africa_full_predictor_data/africa_full_predictor_data_2011-03-23.parquet",279404461
"data/africa_full_predictor_data/africa_full_predictor_data_2011-03-24.parquet",279839597
"data/africa_full_predictor_data/africa_full_predictor_data_2011-03-25.parquet",280198433
"data/africa_full_predictor_data/africa_full_predictor_data_2011-03-26.parquet",279837646
"data/africa_full_predictor_data/africa_full_predictor_data_2011-03-27.parquet",279717455
"data/africa_full_predictor_data/africa_full_predictor_data_2011-03-28.parquet",279568695
"data/africa_full_predictor_data/africa_full_predictor_data_2011-03-29.parquet",280041386
"data/africa_full_predictor_data/africa_full_predictor_data_2011-03-30.parquet",279901366
"data/africa_full_predictor_data/africa_full_predictor_data_2011-03-31.parquet",279943276
"data/africa_full_predictor_data/africa_full_predictor_data_2011-04-01.parquet",279881171
"data/africa_full_predictor_data/africa_full_predictor_data_2011-04-02.parquet",279421199
"data/africa_full_predictor_data/africa_full_predictor_data_2011-04-03.parquet",279559653
"data/africa_full_predictor_data/africa_full_predictor_data_2011-04-04.parquet",279699638
"data/africa_full_predictor_data/africa_full_predictor_data_2011-04-05.parquet",280146699
"data/africa_full_predictor_data/africa_full_predictor_data_2011-04-06.parquet",280286940
"data/africa_full_predictor_data/africa_full_predictor_data_2011-04-07.parquet",280027322
"data/africa_full_predictor_data/africa_full_predictor_data_2011-04-08.parquet",280205747
"data/africa_full_predictor_data/africa_full_predictor_data_2011-04-09.parquet",280232334
"data/africa_full_predictor_data/africa_full_predictor_data_2011-04-10.parquet",280331998
"data/africa_full_predictor_data/africa_full_predictor_data_2011-04-11.parquet",280159266
"data/africa_full_predictor_data/africa_full_predictor_data_2011-04-12.parquet",280414685
"data/africa_full_predictor_data/africa_full_predictor_data_2011-04-13.parquet",280348657
"data/africa_full_predictor_data/africa_full_predictor_data_2011-04-14.parquet",280666842
"data/africa_full_predictor_data/africa_full_predictor_data_2011-04-15.parquet",280621400
"data/africa_full_predictor_data/africa_full_predictor_data_2011-04-16.parquet",280206434
"data/africa_full_predictor_data/africa_full_predictor_data_2011-04-17.parquet",280357278
"data/africa_full_predictor_data/africa_full_predictor_data_2011-04-18.parquet",280854894
"data/africa_full_predictor_data/africa_full_predictor_data_2011-04-19.parquet",280212733
"data/africa_full_predictor_data/africa_full_predictor_data_2011-04-20.parquet",280469485
"data/africa_full_predictor_data/africa_full_predictor_data_2011-04-21.parquet",280430473
"data/africa_full_predictor_data/africa_full_predictor_data_2011-04-22.parquet",280579181
"data/africa_full_predictor_data/africa_full_predictor_data_2011-04-23.parquet",280747553
"data/africa_full_predictor_data/africa_full_predictor_data_2011-04-24.parquet",280764230
"data/africa_full_predictor_data/africa_full_predictor_data_2011-04-25.parquet",281039802
"data/africa_full_predictor_data/africa_full_predictor_data_2011-04-26.parquet",280984930
"data/africa_full_predictor_data/africa_full_predictor_data_2011-04-27.parquet",280765053
"data/africa_full_predictor_data/africa_full_predictor_data_2011-04-28.parquet",280758799
"data/africa_full_predictor_data/africa_full_predictor_data_2011-04-29.parquet",281295639
"data/africa_full_predictor_data/africa_full_predictor_data_2011-04-30.parquet",281221545
"data/africa_full_predictor_data/africa_full_predictor_data_2011-05-01.parquet",281147699
"data/africa_full_predictor_data/africa_full_predictor_data_2011-05-02.parquet",280380745
"data/africa_full_predictor_data/africa_full_predictor_data_2011-05-03.parquet",280705383
"data/africa_full_predictor_data/africa_full_predictor_data_2011-05-04.parquet",280429454
"data/africa_full_predictor_data/africa_full_predictor_data_2011-05-05.parquet",280350179
"data/africa_full_predictor_data/africa_full_predictor_data_2011-05-06.parquet",280575858
"data/africa_full_predictor_data/africa_full_predictor_data_2011-05-07.parquet",280797428
"data/africa_full_predictor_data/africa_full_predictor_data_2011-05-08.parquet",280653400
"data/africa_full_predictor_data/africa_full_predictor_data_2011-05-09.parquet",280713420
"data/africa_full_predictor_data/africa_full_predictor_data_2011-05-10.parquet",280559776
"data/africa_full_predictor_data/africa_full_predictor_data_2011-05-11.parquet",280148654
"data/africa_full_predictor_data/africa_full_predictor_data_2011-05-12.parquet",280300795
"data/africa_full_predictor_data/africa_full_predictor_data_2011-05-13.parquet",280637385
"data/africa_full_predictor_data/africa_full_predictor_data_2011-05-14.parquet",280506726
"data/africa_full_predictor_data/africa_full_predictor_data_2011-05-15.parquet",280745255
"data/africa_full_predictor_data/africa_full_predictor_data_2011-05-16.parquet",280202951
"data/africa_full_predictor_data/africa_full_predictor_data_2011-05-17.parquet",280007075
"data/africa_full_predictor_data/africa_full_predictor_data_2011-05-18.parquet",280311031
"data/africa_full_predictor_data/africa_full_predictor_data_2011-05-19.parquet",280101022
"data/africa_full_predictor_data/africa_full_predictor_data_2011-05-20.parquet",280333245
"data/africa_full_predictor_data/africa_full_predictor_data_2011-05-21.parquet",279804790
"data/africa_full_predictor_data/africa_full_predictor_data_2011-05-22.parquet",279947492
"data/africa_full_predictor_data/africa_full_predictor_data_2011-05-23.parquet",279726547
"data/africa_full_predictor_data/africa_full_predictor_data_2011-05-24.parquet",280058661
"data/africa_full_predictor_data/africa_full_predictor_data_2011-05-25.parquet",280226992
"data/africa_full_predictor_data/africa_full_predictor_data_2011-05-26.parquet",280135366
"data/africa_full_predictor_data/africa_full_predictor_data_2011-05-27.parquet",280774066
"data/africa_full_predictor_data/africa_full_predictor_data_2011-05-28.parquet",280536343
"data/africa_full_predictor_data/africa_full_predictor_data_2011-05-29.parquet",280201445
"data/africa_full_predictor_data/africa_full_predictor_data_2011-05-30.parquet",280154098
"data/africa_full_predictor_data/africa_full_predictor_data_2011-05-31.parquet",279646846
"data/africa_full_predictor_data/africa_full_predictor_data_2011-06-01.parquet",278792108
"data/africa_full_predictor_data/africa_full_predictor_data_2011-06-02.parquet",279325169
"data/africa_full_predictor_data/africa_full_predictor_data_2011-06-03.parquet",279174046
"data/africa_full_predictor_data/africa_full_predictor_data_2011-06-04.parquet",278863418
"data/africa_full_predictor_data/africa_full_predictor_data_2011-06-05.parquet",279447871
"data/africa_full_predictor_data/africa_full_predictor_data_2011-06-06.parquet",279197949
"data/africa_full_predictor_data/africa_full_predictor_data_2011-06-07.parquet",279587909
"data/africa_full_predictor_data/africa_full_predictor_data_2011-06-08.parquet",279397603
"data/africa_full_predictor_data/africa_full_predictor_data_2011-06-09.parquet",279249759
"data/africa_full_predictor_data/africa_full_predictor_data_2011-06-10.parquet",278977405
"data/africa_full_predictor_data/africa_full_predictor_data_2011-06-11.parquet",278600413
"data/africa_full_predictor_data/africa_full_predictor_data_2011-06-12.parquet",278544853
"data/africa_full_predictor_data/africa_full_predictor_data_2011-06-13.parquet",278499209
"data/africa_full_predictor_data/africa_full_predictor_data_2011-06-14.parquet",278523087
"data/africa_full_predictor_data/africa_full_predictor_data_2011-06-15.parquet",277930900
"data/africa_full_predictor_data/africa_full_predictor_data_2011-06-16.parquet",277425364
"data/africa_full_predictor_data/africa_full_predictor_data_2011-06-17.parquet",277983395
"data/africa_full_predictor_data/africa_full_predictor_data_2011-06-18.parquet",278449364
"data/africa_full_predictor_data/africa_full_predictor_data_2011-06-19.parquet",277744430
"data/africa_full_predictor_data/africa_full_predictor_data_2011-06-20.parquet",277885892
"data/africa_full_predictor_data/africa_full_predictor_data_2011-06-21.parquet",278917794
"data/africa_full_predictor_data/africa_full_predictor_data_2011-06-22.parquet",278292871
"data/africa_full_predictor_data/africa_full_predictor_data_2011-06-23.parquet",278311237
"data/africa_full_predictor_data/africa_full_predictor_data_2011-06-24.parquet",278202014
"data/africa_full_predictor_data/africa_full_predictor_data_2011-06-25.parquet",278236439
"data/africa_full_predictor_data/africa_full_predictor_data_2011-06-26.parquet",278362632
"data/africa_full_predictor_data/africa_full_predictor_data_2011-06-27.parquet",278120891
"data/africa_full_predictor_data/africa_full_predictor_data_2011-06-28.parquet",278102233
"data/africa_full_predictor_data/africa_full_predictor_data_2011-06-29.parquet",277996897
"data/africa_full_predictor_data/africa_full_predictor_data_2011-06-30.parquet",278194073
"data/africa_full_predictor_data/africa_full_predictor_data_2011-07-01.parquet",277251408
"data/africa_full_predictor_data/africa_full_predictor_data_2011-07-02.parquet",276855618
"data/africa_full_predictor_data/africa_full_predictor_data_2011-07-03.parquet",277192454
"data/africa_full_predictor_data/africa_full_predictor_data_2011-07-04.parquet",276648861
"data/africa_full_predictor_data/africa_full_predictor_data_2011-07-05.parquet",277109919
"data/africa_full_predictor_data/africa_full_predictor_data_2011-07-06.parquet",277683385
"data/africa_full_predictor_data/africa_full_predictor_data_2011-07-07.parquet",277650919
"data/africa_full_predictor_data/africa_full_predictor_data_2011-07-08.parquet",277579351
"data/africa_full_predictor_data/africa_full_predictor_data_2011-07-09.parquet",277522203
"data/africa_full_predictor_data/africa_full_predictor_data_2011-07-10.parquet",277463573
"data/africa_full_predictor_data/africa_full_predictor_data_2011-07-11.parquet",277327225
"data/africa_full_predictor_data/africa_full_predictor_data_2011-07-12.parquet",277018627
"data/africa_full_predictor_data/africa_full_predictor_data_2011-07-13.parquet",277234514
"data/africa_full_predictor_data/africa_full_predictor_data_2011-07-14.parquet",277311758
"data/africa_full_predictor_data/africa_full_predictor_data_2011-07-15.parquet",277124371
"data/africa_full_predictor_data/africa_full_predictor_data_2011-07-16.parquet",277175437
"data/africa_full_predictor_data/africa_full_predictor_data_2011-07-17.parquet",277102997
"data/africa_full_predictor_data/africa_full_predictor_data_2011-07-18.parquet",277254077
"data/africa_full_predictor_data/africa_full_predictor_data_2011-07-19.parquet",277400803
"data/africa_full_predictor_data/africa_full_predictor_data_2011-07-20.parquet",277618065
"data/africa_full_predictor_data/africa_full_predictor_data_2011-07-21.parquet",277420508
"data/africa_full_predictor_data/africa_full_predictor_data_2011-07-22.parquet",277693328
"data/africa_full_predictor_data/africa_full_predictor_data_2011-07-23.parquet",277712824
"data/africa_full_predictor_data/africa_full_predictor_data_2011-07-24.parquet",277926237
"data/africa_full_predictor_data/africa_full_predictor_data_2011-07-25.parquet",278209887
"data/africa_full_predictor_data/africa_full_predictor_data_2011-07-26.parquet",278210019
"data/africa_full_predictor_data/africa_full_predictor_data_2011-07-27.parquet",278029925
"data/africa_full_predictor_data/africa_full_predictor_data_2011-07-28.parquet",277874938
"data/africa_full_predictor_data/africa_full_predictor_data_2011-07-29.parquet",278113534
"data/africa_full_predictor_data/africa_full_predictor_data_2011-07-30.parquet",277806418
"data/africa_full_predictor_data/africa_full_predictor_data_2011-07-31.parquet",278075535
"data/africa_full_predictor_data/africa_full_predictor_data_2011-08-01.parquet",278102211
"data/africa_full_predictor_data/africa_full_predictor_data_2011-08-02.parquet",277798069
"data/africa_full_predictor_data/africa_full_predictor_data_2011-08-03.parquet",277926425
"data/africa_full_predictor_data/africa_full_predictor_data_2011-08-04.parquet",278445703
"data/africa_full_predictor_data/africa_full_predictor_data_2011-08-05.parquet",278088545
"data/africa_full_predictor_data/africa_full_predictor_data_2011-08-06.parquet",278223638
"data/africa_full_predictor_data/africa_full_predictor_data_2011-08-07.parquet",278212401
"data/africa_full_predictor_data/africa_full_predictor_data_2011-08-08.parquet",278273899
"data/africa_full_predictor_data/africa_full_predictor_data_2011-08-09.parquet",277515487
"data/africa_full_predictor_data/africa_full_predictor_data_2011-08-10.parquet",277595561
"data/africa_full_predictor_data/africa_full_predictor_data_2011-08-11.parquet",277431878
"data/africa_full_predictor_data/africa_full_predictor_data_2011-08-12.parquet",277263694
"data/africa_full_predictor_data/africa_full_predictor_data_2011-08-13.parquet",277251666
"data/africa_full_predictor_data/africa_full_predictor_data_2011-08-14.parquet",277203974
"data/africa_full_predictor_data/africa_full_predictor_data_2011-08-15.parquet",277603990
"data/africa_full_predictor_data/africa_full_predictor_data_2011-08-16.parquet",277507804
"data/africa_full_predictor_data/africa_full_predictor_data_2011-08-17.parquet",277523381
"data/africa_full_predictor_data/africa_full_predictor_data_2011-08-18.parquet",277447251
"data/africa_full_predictor_data/africa_full_predictor_data_2011-08-19.parquet",277326916
"data/africa_full_predictor_data/africa_full_predictor_data_2011-08-20.parquet",277328893
"data/africa_full_predictor_data/africa_full_predictor_data_2011-08-21.parquet",277823318
"data/africa_full_predictor_data/africa_full_predictor_data_2011-08-22.parquet",277774690
"data/africa_full_predictor_data/africa_full_predictor_data_2011-08-23.parquet",278243416
"data/africa_full_predictor_data/africa_full_predictor_data_2011-08-24.parquet",278275464
"data/africa_full_predictor_data/africa_full_predictor_data_2011-08-25.parquet",278001252
"data/africa_full_predictor_data/africa_full_predictor_data_2011-08-26.parquet",278218861
"data/africa_full_predictor_data/africa_full_predictor_data_2011-08-27.parquet",278068838
"data/africa_full_predictor_data/africa_full_predictor_data_2011-08-28.parquet",278807401
"data/africa_full_predictor_data/africa_full_predictor_data_2011-08-29.parquet",278094071
"data/africa_full_predictor_data/africa_full_predictor_data_2011-08-30.parquet",278246457
"data/africa_full_predictor_data/africa_full_predictor_data_2011-08-31.parquet",278218133
"data/africa_full_predictor_data/africa_full_predictor_data_2011-09-01.parquet",277851887
"data/africa_full_predictor_data/africa_full_predictor_data_2011-09-02.parquet",278370494
"data/africa_full_predictor_data/africa_full_predictor_data_2011-09-03.parquet",277952372
"data/africa_full_predictor_data/africa_full_predictor_data_2011-09-04.parquet",278506377
"data/africa_full_predictor_data/africa_full_predictor_data_2011-09-05.parquet",278478478
"data/africa_full_predictor_data/africa_full_predictor_data_2011-09-06.parquet",278231450
"data/africa_full_predictor_data/africa_full_predictor_data_2011-09-07.parquet",278436147
"data/africa_full_predictor_data/africa_full_predictor_data_2011-09-08.parquet",278196249
"data/africa_full_predictor_data/africa_full_predictor_data_2011-09-09.parquet",278273292
"data/africa_full_predictor_data/africa_full_predictor_data_2011-09-10.parquet",278014195
"data/africa_full_predictor_data/africa_full_predictor_data_2011-09-11.parquet",277954573
"data/africa_full_predictor_data/africa_full_predictor_data_2011-09-12.parquet",278379093
"data/africa_full_predictor_data/africa_full_predictor_data_2011-09-13.parquet",277972168
"data/africa_full_predictor_data/africa_full_predictor_data_2011-09-14.parquet",277645733
"data/africa_full_predictor_data/africa_full_predictor_data_2011-09-15.parquet",277725421
"data/africa_full_predictor_data/africa_full_predictor_data_2011-09-16.parquet",277904525
"data/africa_full_predictor_data/africa_full_predictor_data_2011-09-17.parquet",278025152
"data/africa_full_predictor_data/africa_full_predictor_data_2011-09-18.parquet",278224864
"data/africa_full_predictor_data/africa_full_predictor_data_2011-09-19.parquet",278267903
"data/africa_full_predictor_data/africa_full_predictor_data_2011-09-20.parquet",278306591
"data/africa_full_predictor_data/africa_full_predictor_data_2011-09-21.parquet",278384734
"data/africa_full_predictor_data/africa_full_predictor_data_2011-09-22.parquet",278531385
"data/africa_full_predictor_data/africa_full_predictor_data_2011-09-23.parquet",278424606
"data/africa_full_predictor_data/africa_full_predictor_data_2011-09-24.parquet",278576583
"data/africa_full_predictor_data/africa_full_predictor_data_2011-09-25.parquet",278685442
"data/africa_full_predictor_data/africa_full_predictor_data_2011-09-26.parquet",278709214
"data/africa_full_predictor_data/africa_full_predictor_data_2011-09-27.parquet",278902915
"data/africa_full_predictor_data/africa_full_predictor_data_2011-09-28.parquet",279068498
"data/africa_full_predictor_data/africa_full_predictor_data_2011-09-29.parquet",278698180
"data/africa_full_predictor_data/africa_full_predictor_data_2011-09-30.parquet",279474923
"data/africa_full_predictor_data/africa_full_predictor_data_2011-10-01.parquet",279650613
"data/africa_full_predictor_data/africa_full_predictor_data_2011-10-02.parquet",279513412
"data/africa_full_predictor_data/africa_full_predictor_data_2011-10-03.parquet",279485228
"data/africa_full_predictor_data/africa_full_predictor_data_2011-10-04.parquet",279772135
"data/africa_full_predictor_data/africa_full_predictor_data_2011-10-05.parquet",279541237
"data/africa_full_predictor_data/africa_full_predictor_data_2011-10-06.parquet",279693681
"data/africa_full_predictor_data/africa_full_predictor_data_2011-10-07.parquet",279718208
"data/africa_full_predictor_data/africa_full_predictor_data_2011-10-08.parquet",279404034
"data/africa_full_predictor_data/africa_full_predictor_data_2011-10-09.parquet",279481094
"data/africa_full_predictor_data/africa_full_predictor_data_2011-10-10.parquet",279817143
"data/africa_full_predictor_data/africa_full_predictor_data_2011-10-11.parquet",279827582
"data/africa_full_predictor_data/africa_full_predictor_data_2011-10-12.parquet",279551473
"data/africa_full_predictor_data/africa_full_predictor_data_2011-10-13.parquet",279638328
"data/africa_full_predictor_data/africa_full_predictor_data_2011-10-14.parquet",280314031
"data/africa_full_predictor_data/africa_full_predictor_data_2011-10-15.parquet",279831003
"data/africa_full_predictor_data/africa_full_predictor_data_2011-10-16.parquet",280131734
"data/africa_full_predictor_data/africa_full_predictor_data_2011-10-17.parquet",279868185
"data/africa_full_predictor_data/africa_full_predictor_data_2011-10-18.parquet",279614998
"data/africa_full_predictor_data/africa_full_predictor_data_2011-10-19.parquet",279389133
"data/africa_full_predictor_data/africa_full_predictor_data_2011-10-20.parquet",279695935
"data/africa_full_predictor_data/africa_full_predictor_data_2011-10-21.parquet",280107271
"data/africa_full_predictor_data/africa_full_predictor_data_2011-10-22.parquet",280363192
"data/africa_full_predictor_data/africa_full_predictor_data_2011-10-23.parquet",279729499
"data/africa_full_predictor_data/africa_full_predictor_data_2011-10-24.parquet",279987983
"data/africa_full_predictor_data/africa_full_predictor_data_2011-10-25.parquet",279977776
"data/africa_full_predictor_data/africa_full_predictor_data_2011-10-26.parquet",279892186
"data/africa_full_predictor_data/africa_full_predictor_data_2011-10-27.parquet",280376249
"data/africa_full_predictor_data/africa_full_predictor_data_2011-10-28.parquet",280056439
"data/africa_full_predictor_data/africa_full_predictor_data_2011-10-29.parquet",279942996
"data/africa_full_predictor_data/africa_full_predictor_data_2011-10-30.parquet",279929545
"data/africa_full_predictor_data/africa_full_predictor_data_2011-10-31.parquet",279397919
"data/africa_full_predictor_data/africa_full_predictor_data_2011-11-01.parquet",279380378
"data/africa_full_predictor_data/africa_full_predictor_data_2011-11-02.parquet",279831912
"data/africa_full_predictor_data/africa_full_predictor_data_2011-11-03.parquet",279616622
"data/africa_full_predictor_data/africa_full_predictor_data_2011-11-04.parquet",279518897
"data/africa_full_predictor_data/africa_full_predictor_data_2011-11-05.parquet",280028925
"data/africa_full_predictor_data/africa_full_predictor_data_2011-11-06.parquet",279522297
"data/africa_full_predictor_data/africa_full_predictor_data_2011-11-07.parquet",279414875
"data/africa_full_predictor_data/africa_full_predictor_data_2011-11-08.parquet",279027233
"data/africa_full_predictor_data/africa_full_predictor_data_2011-11-09.parquet",279308713
"data/africa_full_predictor_data/africa_full_predictor_data_2011-11-10.parquet",279106670
"data/africa_full_predictor_data/africa_full_predictor_data_2011-11-11.parquet",279170313
"data/africa_full_predictor_data/africa_full_predictor_data_2011-11-12.parquet",278679187
"data/africa_full_predictor_data/africa_full_predictor_data_2011-11-13.parquet",278874262
"data/africa_full_predictor_data/africa_full_predictor_data_2011-11-14.parquet",278844559
"data/africa_full_predictor_data/africa_full_predictor_data_2011-11-15.parquet",278874315
"data/africa_full_predictor_data/africa_full_predictor_data_2011-11-16.parquet",278546594
"data/africa_full_predictor_data/africa_full_predictor_data_2011-11-17.parquet",278717944
"data/africa_full_predictor_data/africa_full_predictor_data_2011-11-18.parquet",278838175
"data/africa_full_predictor_data/africa_full_predictor_data_2011-11-19.parquet",279144496
"data/africa_full_predictor_data/africa_full_predictor_data_2011-11-20.parquet",279075310
"data/africa_full_predictor_data/africa_full_predictor_data_2011-11-21.parquet",278769017
"data/africa_full_predictor_data/africa_full_predictor_data_2011-11-22.parquet",278867347
"data/africa_full_predictor_data/africa_full_predictor_data_2011-11-23.parquet",278720889
"data/africa_full_predictor_data/africa_full_predictor_data_2011-11-24.parquet",278696497
"data/africa_full_predictor_data/africa_full_predictor_data_2011-11-25.parquet",278371156
"data/africa_full_predictor_data/africa_full_predictor_data_2011-11-26.parquet",278640958
"data/africa_full_predictor_data/africa_full_predictor_data_2011-11-27.parquet",278016117
"data/africa_full_predictor_data/africa_full_predictor_data_2011-11-28.parquet",278563485
"data/africa_full_predictor_data/africa_full_predictor_data_2011-11-29.parquet",278623541
"data/africa_full_predictor_data/africa_full_predictor_data_2011-11-30.parquet",278826658
"data/africa_full_predictor_data/africa_full_predictor_data_2011-12-01.parquet",278488515
"data/africa_full_predictor_data/africa_full_predictor_data_2011-12-02.parquet",279161455
"data/africa_full_predictor_data/africa_full_predictor_data_2011-12-03.parquet",278365448
"data/africa_full_predictor_data/africa_full_predictor_data_2011-12-04.parquet",278637329
"data/africa_full_predictor_data/africa_full_predictor_data_2011-12-05.parquet",278379193
"data/africa_full_predictor_data/africa_full_predictor_data_2011-12-06.parquet",278210835
"data/africa_full_predictor_data/africa_full_predictor_data_2011-12-07.parquet",277935703
"data/africa_full_predictor_data/africa_full_predictor_data_2011-12-08.parquet",278108556
"data/africa_full_predictor_data/africa_full_predictor_data_2011-12-09.parquet",277845415
"data/africa_full_predictor_data/africa_full_predictor_data_2011-12-10.parquet",278441055
"data/africa_full_predictor_data/africa_full_predictor_data_2011-12-11.parquet",277846682
"data/africa_full_predictor_data/africa_full_predictor_data_2011-12-12.parquet",278343024
"data/africa_full_predictor_data/africa_full_predictor_data_2011-12-13.parquet",277447345
"data/africa_full_predictor_data/africa_full_predictor_data_2011-12-14.parquet",278208393
"data/africa_full_predictor_data/africa_full_predictor_data_2011-12-15.parquet",278226738
"data/africa_full_predictor_data/africa_full_predictor_data_2011-12-16.parquet",277563622
"data/africa_full_predictor_data/africa_full_predictor_data_2011-12-17.parquet",277294152
"data/africa_full_predictor_data/africa_full_predictor_data_2011-12-18.parquet",276922454
"data/africa_full_predictor_data/africa_full_predictor_data_2011-12-19.parquet",277151154
"data/africa_full_predictor_data/africa_full_predictor_data_2011-12-20.parquet",277500865
"data/africa_full_predictor_data/africa_full_predictor_data_2011-12-21.parquet",277631957
"data/africa_full_predictor_data/africa_full_predictor_data_2011-12-22.parquet",277460920
"data/africa_full_predictor_data/africa_full_predictor_data_2011-12-23.parquet",277477760
"data/africa_full_predictor_data/africa_full_predictor_data_2011-12-24.parquet",276939603
"data/africa_full_predictor_data/africa_full_predictor_data_2011-12-25.parquet",277352687
"data/africa_full_predictor_data/africa_full_predictor_data_2011-12-26.parquet",277521452
"data/africa_full_predictor_data/africa_full_predictor_data_2011-12-27.parquet",277446198
"data/africa_full_predictor_data/africa_full_predictor_data_2011-12-28.parquet",277554332
"data/africa_full_predictor_data/africa_full_predictor_data_2011-12-29.parquet",277749630
"data/africa_full_predictor_data/africa_full_predictor_data_2011-12-30.parquet",277634376
"data/africa_full_predictor_data/africa_full_predictor_data_2011-12-31.parquet",277866174
"data/africa_full_predictor_data/africa_full_predictor_data_2012-01-01.parquet",277981711
"data/africa_full_predictor_data/africa_full_predictor_data_2012-01-02.parquet",277487637
"data/africa_full_predictor_data/africa_full_predictor_data_2012-01-03.parquet",277580505
"data/africa_full_predictor_data/africa_full_predictor_data_2012-01-04.parquet",277680083
"data/africa_full_predictor_data/africa_full_predictor_data_2012-01-05.parquet",278253131
"data/africa_full_predictor_data/africa_full_predictor_data_2012-01-06.parquet",278085627
"data/africa_full_predictor_data/africa_full_predictor_data_2012-01-07.parquet",278178967
"data/africa_full_predictor_data/africa_full_predictor_data_2012-01-08.parquet",278208470
"data/africa_full_predictor_data/africa_full_predictor_data_2012-01-09.parquet",277620814
"data/africa_full_predictor_data/africa_full_predictor_data_2012-01-10.parquet",278155169
"data/africa_full_predictor_data/africa_full_predictor_data_2012-01-11.parquet",278071342
"data/africa_full_predictor_data/africa_full_predictor_data_2012-01-12.parquet",277840164
"data/africa_full_predictor_data/africa_full_predictor_data_2012-01-13.parquet",277607516
"data/africa_full_predictor_data/africa_full_predictor_data_2012-01-14.parquet",277494100
"data/africa_full_predictor_data/africa_full_predictor_data_2012-01-15.parquet",277706849
"data/africa_full_predictor_data/africa_full_predictor_data_2012-01-16.parquet",277854051
"data/africa_full_predictor_data/africa_full_predictor_data_2012-01-17.parquet",278494215
"data/africa_full_predictor_data/africa_full_predictor_data_2012-01-18.parquet",278947156
"data/africa_full_predictor_data/africa_full_predictor_data_2012-01-19.parquet",278602505
"data/africa_full_predictor_data/africa_full_predictor_data_2012-01-20.parquet",278941810
"data/africa_full_predictor_data/africa_full_predictor_data_2012-01-21.parquet",278632451
"data/africa_full_predictor_data/africa_full_predictor_data_2012-01-22.parquet",278230510
"data/africa_full_predictor_data/africa_full_predictor_data_2012-01-23.parquet",277945110
"data/africa_full_predictor_data/africa_full_predictor_data_2012-01-24.parquet",277785727
"data/africa_full_predictor_data/africa_full_predictor_data_2012-01-25.parquet",278365982
"data/africa_full_predictor_data/africa_full_predictor_data_2012-01-26.parquet",278479873
"data/africa_full_predictor_data/africa_full_predictor_data_2012-01-27.parquet",278494157
"data/africa_full_predictor_data/africa_full_predictor_data_2012-01-28.parquet",278811430
"data/africa_full_predictor_data/africa_full_predictor_data_2012-01-29.parquet",278681346
"data/africa_full_predictor_data/africa_full_predictor_data_2012-01-30.parquet",278265932
"data/africa_full_predictor_data/africa_full_predictor_data_2012-01-31.parquet",278492109
"data/africa_full_predictor_data/africa_full_predictor_data_2012-02-01.parquet",278480370
"data/africa_full_predictor_data/africa_full_predictor_data_2012-02-02.parquet",278972788
"data/africa_full_predictor_data/africa_full_predictor_data_2012-02-03.parquet",278859087
"data/africa_full_predictor_data/africa_full_predictor_data_2012-02-04.parquet",278136527
"data/africa_full_predictor_data/africa_full_predictor_data_2012-02-05.parquet",278528837
"data/africa_full_predictor_data/africa_full_predictor_data_2012-02-06.parquet",279049362
"data/africa_full_predictor_data/africa_full_predictor_data_2012-02-07.parquet",279019861
"data/africa_full_predictor_data/africa_full_predictor_data_2012-02-08.parquet",278481384
"data/africa_full_predictor_data/africa_full_predictor_data_2012-02-09.parquet",278726403
"data/africa_full_predictor_data/africa_full_predictor_data_2012-02-10.parquet",278672281
"data/africa_full_predictor_data/africa_full_predictor_data_2012-02-11.parquet",278565750
"data/africa_full_predictor_data/africa_full_predictor_data_2012-02-12.parquet",278896413
"data/africa_full_predictor_data/africa_full_predictor_data_2012-02-13.parquet",279038822
"data/africa_full_predictor_data/africa_full_predictor_data_2012-02-14.parquet",279008008
"data/africa_full_predictor_data/africa_full_predictor_data_2012-02-15.parquet",279326260
"data/africa_full_predictor_data/africa_full_predictor_data_2012-02-16.parquet",278748729
"data/africa_full_predictor_data/africa_full_predictor_data_2012-02-17.parquet",279386678
"data/africa_full_predictor_data/africa_full_predictor_data_2012-02-18.parquet",278994535
"data/africa_full_predictor_data/africa_full_predictor_data_2012-02-19.parquet",279351628
"data/africa_full_predictor_data/africa_full_predictor_data_2012-02-20.parquet",279554849
"data/africa_full_predictor_data/africa_full_predictor_data_2012-02-21.parquet",278780454
"data/africa_full_predictor_data/africa_full_predictor_data_2012-02-22.parquet",279583594
"data/africa_full_predictor_data/africa_full_predictor_data_2012-02-23.parquet",279294954
"data/africa_full_predictor_data/africa_full_predictor_data_2012-02-24.parquet",279546676
"data/africa_full_predictor_data/africa_full_predictor_data_2012-02-25.parquet",278959145
"data/africa_full_predictor_data/africa_full_predictor_data_2012-02-26.parquet",278443237
"data/africa_full_predictor_data/africa_full_predictor_data_2012-02-27.parquet",278421287
"data/africa_full_predictor_data/africa_full_predictor_data_2012-02-28.parquet",278937792
"data/africa_full_predictor_data/africa_full_predictor_data_2012-02-29.parquet",278818138
"data/africa_full_predictor_data/africa_full_predictor_data_2012-03-01.parquet",278672406
"data/africa_full_predictor_data/africa_full_predictor_data_2012-03-02.parquet",278844573
"data/africa_full_predictor_data/africa_full_predictor_data_2012-03-03.parquet",278873914
"data/africa_full_predictor_data/africa_full_predictor_data_2012-03-04.parquet",278989485
"data/africa_full_predictor_data/africa_full_predictor_data_2012-03-05.parquet",278900631
"data/africa_full_predictor_data/africa_full_predictor_data_2012-03-06.parquet",278785186
"data/africa_full_predictor_data/africa_full_predictor_data_2012-03-07.parquet",278693179
"data/africa_full_predictor_data/africa_full_predictor_data_2012-03-08.parquet",278961395
"data/africa_full_predictor_data/africa_full_predictor_data_2012-03-09.parquet",279179196
"data/africa_full_predictor_data/africa_full_predictor_data_2012-03-10.parquet",279409938
"data/africa_full_predictor_data/africa_full_predictor_data_2012-03-11.parquet",279533270
"data/africa_full_predictor_data/africa_full_predictor_data_2012-03-12.parquet",279849989
"data/africa_full_predictor_data/africa_full_predictor_data_2012-03-13.parquet",279049082
"data/africa_full_predictor_data/africa_full_predictor_data_2012-03-14.parquet",279422458
"data/africa_full_predictor_data/africa_full_predictor_data_2012-03-15.parquet",279454295
"data/africa_full_predictor_data/africa_full_predictor_data_2012-03-16.parquet",279247707
"data/africa_full_predictor_data/africa_full_predictor_data_2012-03-17.parquet",279656581
"data/africa_full_predictor_data/africa_full_predictor_data_2012-03-18.parquet",279845004
"data/africa_full_predictor_data/africa_full_predictor_data_2012-03-19.parquet",279625901
"data/africa_full_predictor_data/africa_full_predictor_data_2012-03-20.parquet",279446219
"data/africa_full_predictor_data/africa_full_predictor_data_2012-03-21.parquet",279897286
"data/africa_full_predictor_data/africa_full_predictor_data_2012-03-22.parquet",279589090
"data/africa_full_predictor_data/africa_full_predictor_data_2012-03-23.parquet",280169361
"data/africa_full_predictor_data/africa_full_predictor_data_2012-03-24.parquet",279779279
"data/africa_full_predictor_data/africa_full_predictor_data_2012-03-25.parquet",279744189
"data/africa_full_predictor_data/africa_full_predictor_data_2012-03-26.parquet",279591133
"data/africa_full_predictor_data/africa_full_predictor_data_2012-03-27.parquet",279973943
"data/africa_full_predictor_data/africa_full_predictor_data_2012-03-28.parquet",280195364
"data/africa_full_predictor_data/africa_full_predictor_data_2012-03-29.parquet",280243010
"data/africa_full_predictor_data/africa_full_predictor_data_2012-03-30.parquet",280038373
"data/africa_full_predictor_data/africa_full_predictor_data_2012-03-31.parquet",279654490
"data/africa_full_predictor_data/africa_full_predictor_data_2012-04-01.parquet",279386868
"data/africa_full_predictor_data/africa_full_predictor_data_2012-04-02.parquet",279379094
"data/africa_full_predictor_data/africa_full_predictor_data_2012-04-03.parquet",279794937
"data/africa_full_predictor_data/africa_full_predictor_data_2012-04-04.parquet",279990711
"data/africa_full_predictor_data/africa_full_predictor_data_2012-04-05.parquet",280118990
"data/africa_full_predictor_data/africa_full_predictor_data_2012-04-06.parquet",279780834
"data/africa_full_predictor_data/africa_full_predictor_data_2012-04-07.parquet",279779182
"data/africa_full_predictor_data/africa_full_predictor_data_2012-04-08.parquet",280307679
"data/africa_full_predictor_data/africa_full_predictor_data_2012-04-09.parquet",280403665
"data/africa_full_predictor_data/africa_full_predictor_data_2012-04-10.parquet",280070940
"data/africa_full_predictor_data/africa_full_predictor_data_2012-04-11.parquet",280333221
"data/africa_full_predictor_data/africa_full_predictor_data_2012-04-12.parquet",280440498
"data/africa_full_predictor_data/africa_full_predictor_data_2012-04-13.parquet",280582606
"data/africa_full_predictor_data/africa_full_predictor_data_2012-04-14.parquet",280239019
"data/africa_full_predictor_data/africa_full_predictor_data_2012-04-15.parquet",280174529
"data/africa_full_predictor_data/africa_full_predictor_data_2012-04-16.parquet",280097655
"data/africa_full_predictor_data/africa_full_predictor_data_2012-04-17.parquet",280068526
"data/africa_full_predictor_data/africa_full_predictor_data_2012-04-18.parquet",280281410
"data/africa_full_predictor_data/africa_full_predictor_data_2012-04-19.parquet",280218156
"data/africa_full_predictor_data/africa_full_predictor_data_2012-04-20.parquet",280048719
"data/africa_full_predictor_data/africa_full_predictor_data_2012-04-21.parquet",280203858
"data/africa_full_predictor_data/africa_full_predictor_data_2012-04-22.parquet",280185375
"data/africa_full_predictor_data/africa_full_predictor_data_2012-04-23.parquet",280345074
"data/africa_full_predictor_data/africa_full_predictor_data_2012-04-24.parquet",281022547
"data/africa_full_predictor_data/africa_full_predictor_data_2012-04-25.parquet",280526321
"data/africa_full_predictor_data/africa_full_predictor_data_2012-04-26.parquet",280820994
"data/africa_full_predictor_data/africa_full_predictor_data_2012-04-27.parquet",280370470
"data/africa_full_predictor_data/africa_full_predictor_data_2012-04-28.parquet",280720525
"data/africa_full_predictor_data/africa_full_predictor_data_2012-04-29.parquet",280711927
"data/africa_full_predictor_data/africa_full_predictor_data_2012-04-30.parquet",280708029
"data/africa_full_predictor_data/africa_full_predictor_data_2012-05-01.parquet",280590195
"data/africa_full_predictor_data/africa_full_predictor_data_2012-05-02.parquet",280580026
"data/africa_full_predictor_data/africa_full_predictor_data_2012-05-03.parquet",280316682
"data/africa_full_predictor_data/africa_full_predictor_data_2012-05-04.parquet",280261175
"data/africa_full_predictor_data/africa_full_predictor_data_2012-05-05.parquet",280552936
"data/africa_full_predictor_data/africa_full_predictor_data_2012-05-06.parquet",280712083
"data/africa_full_predictor_data/africa_full_predictor_data_2012-05-07.parquet",280553542
"data/africa_full_predictor_data/africa_full_predictor_data_2012-05-08.parquet",280087591
"data/africa_full_predictor_data/africa_full_predictor_data_2012-05-09.parquet",280428107
"data/africa_full_predictor_data/africa_full_predictor_data_2012-05-10.parquet",280209901
"data/africa_full_predictor_data/africa_full_predictor_data_2012-05-11.parquet",280078699
"data/africa_full_predictor_data/africa_full_predictor_data_2012-05-12.parquet",280591542
"data/africa_full_predictor_data/africa_full_predictor_data_2012-05-13.parquet",280352667
"data/africa_full_predictor_data/africa_full_predictor_data_2012-05-14.parquet",280343059
"data/africa_full_predictor_data/africa_full_predictor_data_2012-05-15.parquet",280004470
"data/africa_full_predictor_data/africa_full_predictor_data_2012-05-16.parquet",279788678
"data/africa_full_predictor_data/africa_full_predictor_data_2012-05-17.parquet",279922858
"data/africa_full_predictor_data/africa_full_predictor_data_2012-05-18.parquet",279890133
"data/africa_full_predictor_data/africa_full_predictor_data_2012-05-19.parquet",280138849
"data/africa_full_predictor_data/africa_full_predictor_data_2012-05-20.parquet",279587868
"data/africa_full_predictor_data/africa_full_predictor_data_2012-05-21.parquet",279872579
"data/africa_full_predictor_data/africa_full_predictor_data_2012-05-22.parquet",279192714
"data/africa_full_predictor_data/africa_full_predictor_data_2012-05-23.parquet",279407429
"data/africa_full_predictor_data/africa_full_predictor_data_2012-05-24.parquet",279778658
"data/africa_full_predictor_data/africa_full_predictor_data_2012-05-25.parquet",280094744
"data/africa_full_predictor_data/africa_full_predictor_data_2012-05-26.parquet",280483835
"data/africa_full_predictor_data/africa_full_predictor_data_2012-05-27.parquet",280515277
"data/africa_full_predictor_data/africa_full_predictor_data_2012-05-28.parquet",279940095
"data/africa_full_predictor_data/africa_full_predictor_data_2012-05-29.parquet",279932862
"data/africa_full_predictor_data/africa_full_predictor_data_2012-05-30.parquet",279559947
"data/africa_full_predictor_data/africa_full_predictor_data_2012-05-31.parquet",279229785
"data/africa_full_predictor_data/africa_full_predictor_data_2012-06-01.parquet",279057194
"data/africa_full_predictor_data/africa_full_predictor_data_2012-06-02.parquet",279168349
"data/africa_full_predictor_data/africa_full_predictor_data_2012-06-03.parquet",278789868
"data/africa_full_predictor_data/africa_full_predictor_data_2012-06-04.parquet",278917964
"data/africa_full_predictor_data/africa_full_predictor_data_2012-06-05.parquet",279339895
"data/africa_full_predictor_data/africa_full_predictor_data_2012-06-06.parquet",279193686
"data/africa_full_predictor_data/africa_full_predictor_data_2012-06-07.parquet",279077597
"data/africa_full_predictor_data/africa_full_predictor_data_2012-06-08.parquet",278810015
"data/africa_full_predictor_data/africa_full_predictor_data_2012-06-09.parquet",279080367
"data/africa_full_predictor_data/africa_full_predictor_data_2012-06-10.parquet",278317407
"data/africa_full_predictor_data/africa_full_predictor_data_2012-06-11.parquet",278635338
"data/africa_full_predictor_data/africa_full_predictor_data_2012-06-12.parquet",278564847
"data/africa_full_predictor_data/africa_full_predictor_data_2012-06-13.parquet",278734823
"data/africa_full_predictor_data/africa_full_predictor_data_2012-06-14.parquet",278402995
"data/africa_full_predictor_data/africa_full_predictor_data_2012-06-15.parquet",277608755
"data/africa_full_predictor_data/africa_full_predictor_data_2012-06-16.parquet",278303333
"data/africa_full_predictor_data/africa_full_predictor_data_2012-06-17.parquet",278486939
"data/africa_full_predictor_data/africa_full_predictor_data_2012-06-18.parquet",278062349
"data/africa_full_predictor_data/africa_full_predictor_data_2012-06-19.parquet",278033709
"data/africa_full_predictor_data/africa_full_predictor_data_2012-06-20.parquet",278356409
"data/africa_full_predictor_data/africa_full_predictor_data_2012-06-21.parquet",278393863
"data/africa_full_predictor_data/africa_full_predictor_data_2012-06-22.parquet",278488827
"data/africa_full_predictor_data/africa_full_predictor_data_2012-06-23.parquet",278460027
"data/africa_full_predictor_data/africa_full_predictor_data_2012-06-24.parquet",278492165
"data/africa_full_predictor_data/africa_full_predictor_data_2012-06-25.parquet",278386615
"data/africa_full_predictor_data/africa_full_predictor_data_2012-06-26.parquet",278322350
"data/africa_full_predictor_data/africa_full_predictor_data_2012-06-27.parquet",278074995
"data/africa_full_predictor_data/africa_full_predictor_data_2012-06-28.parquet",278129518
"data/africa_full_predictor_data/africa_full_predictor_data_2012-06-29.parquet",278225001
"data/africa_full_predictor_data/africa_full_predictor_data_2012-06-30.parquet",277658657
"data/africa_full_predictor_data/africa_full_predictor_data_2012-07-01.parquet",276630859
"data/africa_full_predictor_data/africa_full_predictor_data_2012-07-02.parquet",276869876
"data/africa_full_predictor_data/africa_full_predictor_data_2012-07-03.parquet",276880391
"data/africa_full_predictor_data/africa_full_predictor_data_2012-07-04.parquet",277207170
"data/africa_full_predictor_data/africa_full_predictor_data_2012-07-05.parquet",277359522
"data/africa_full_predictor_data/africa_full_predictor_data_2012-07-06.parquet",277780574
"data/africa_full_predictor_data/africa_full_predictor_data_2012-07-07.parquet",277729427
"data/africa_full_predictor_data/africa_full_predictor_data_2012-07-08.parquet",277327702
"data/africa_full_predictor_data/africa_full_predictor_data_2012-07-09.parquet",277420696
"data/africa_full_predictor_data/africa_full_predictor_data_2012-07-10.parquet",277096982
"data/africa_full_predictor_data/africa_full_predictor_data_2012-07-11.parquet",277188419
"data/africa_full_predictor_data/africa_full_predictor_data_2012-07-12.parquet",277178902
"data/africa_full_predictor_data/africa_full_predictor_data_2012-07-13.parquet",277106420
"data/africa_full_predictor_data/africa_full_predictor_data_2012-07-14.parquet",277524130
"data/africa_full_predictor_data/africa_full_predictor_data_2012-07-15.parquet",277575554
"data/africa_full_predictor_data/africa_full_predictor_data_2012-07-16.parquet",277252159
"data/africa_full_predictor_data/africa_full_predictor_data_2012-07-17.parquet",277633690
"data/africa_full_predictor_data/africa_full_predictor_data_2012-07-18.parquet",278024995
"data/africa_full_predictor_data/africa_full_predictor_data_2012-07-19.parquet",277735702
"data/africa_full_predictor_data/africa_full_predictor_data_2012-07-20.parquet",277601579
"data/africa_full_predictor_data/africa_full_predictor_data_2012-07-21.parquet",277903915
"data/africa_full_predictor_data/africa_full_predictor_data_2012-07-22.parquet",277748918
"data/africa_full_predictor_data/africa_full_predictor_data_2012-07-23.parquet",278334754
"data/africa_full_predictor_data/africa_full_predictor_data_2012-07-24.parquet",277967059
"data/africa_full_predictor_data/africa_full_predictor_data_2012-07-25.parquet",277935587
"data/africa_full_predictor_data/africa_full_predictor_data_2012-07-26.parquet",277758594
"data/africa_full_predictor_data/africa_full_predictor_data_2012-07-27.parquet",277878777
"data/africa_full_predictor_data/africa_full_predictor_data_2012-07-28.parquet",277792062
"data/africa_full_predictor_data/africa_full_predictor_data_2012-07-29.parquet",277879635
"data/africa_full_predictor_data/africa_full_predictor_data_2012-07-30.parquet",277869379
"data/africa_full_predictor_data/africa_full_predictor_data_2012-07-31.parquet",277694121
"data/africa_full_predictor_data/africa_full_predictor_data_2012-08-01.parquet",278206234
"data/africa_full_predictor_data/africa_full_predictor_data_2012-08-02.parquet",278146216
"data/africa_full_predictor_data/africa_full_predictor_data_2012-08-03.parquet",278314782
"data/africa_full_predictor_data/africa_full_predictor_data_2012-08-04.parquet",278252932
"data/africa_full_predictor_data/africa_full_predictor_data_2012-08-05.parquet",278084985
"data/africa_full_predictor_data/africa_full_predictor_data_2012-08-06.parquet",278727266
"data/africa_full_predictor_data/africa_full_predictor_data_2012-08-07.parquet",278668198
"data/africa_full_predictor_data/africa_full_predictor_data_2012-08-08.parquet",277972824
"data/africa_full_predictor_data/africa_full_predictor_data_2012-08-09.parquet",277896720
"data/africa_full_predictor_data/africa_full_predictor_data_2012-08-10.parquet",277627106
"data/africa_full_predictor_data/africa_full_predictor_data_2012-08-11.parquet",277652058
"data/africa_full_predictor_data/africa_full_predictor_data_2012-08-12.parquet",277408808
"data/africa_full_predictor_data/africa_full_predictor_data_2012-08-13.parquet",277329311
"data/africa_full_predictor_data/africa_full_predictor_data_2012-08-14.parquet",277767044
"data/africa_full_predictor_data/africa_full_predictor_data_2012-08-15.parquet",277555270
"data/africa_full_predictor_data/africa_full_predictor_data_2012-08-16.parquet",277064759
"data/africa_full_predictor_data/africa_full_predictor_data_2012-08-17.parquet",277373438
"data/africa_full_predictor_data/africa_full_predictor_data_2012-08-18.parquet",277565883
"data/africa_full_predictor_data/africa_full_predictor_data_2012-08-19.parquet",277428790
"data/africa_full_predictor_data/africa_full_predictor_data_2012-08-20.parquet",278136096
"data/africa_full_predictor_data/africa_full_predictor_data_2012-08-21.parquet",277932952
"data/africa_full_predictor_data/africa_full_predictor_data_2012-08-22.parquet",278488505
"data/africa_full_predictor_data/africa_full_predictor_data_2012-08-23.parquet",278245512
"data/africa_full_predictor_data/africa_full_predictor_data_2012-08-24.parquet",278499340
"data/africa_full_predictor_data/africa_full_predictor_data_2012-08-25.parquet",278023016
"data/africa_full_predictor_data/africa_full_predictor_data_2012-08-26.parquet",278112138
"data/africa_full_predictor_data/africa_full_predictor_data_2012-08-27.parquet",278156514
"data/africa_full_predictor_data/africa_full_predictor_data_2012-08-28.parquet",277641701
"data/africa_full_predictor_data/africa_full_predictor_data_2012-08-29.parquet",278265116
"data/africa_full_predictor_data/africa_full_predictor_data_2012-08-30.parquet",278359841
"data/africa_full_predictor_data/africa_full_predictor_data_2012-08-31.parquet",278405777
"data/africa_full_predictor_data/africa_full_predictor_data_2012-09-01.parquet",278178169
"data/africa_full_predictor_data/africa_full_predictor_data_2012-09-02.parquet",277980959
"data/africa_full_predictor_data/africa_full_predictor_data_2012-09-03.parquet",277941456
"data/africa_full_predictor_data/africa_full_predictor_data_2012-09-04.parquet",278954406
"data/africa_full_predictor_data/africa_full_predictor_data_2012-09-05.parquet",278643001
"data/africa_full_predictor_data/africa_full_predictor_data_2012-09-06.parquet",278372799
"data/africa_full_predictor_data/africa_full_predictor_data_2012-09-07.parquet",278275250
"data/africa_full_predictor_data/africa_full_predictor_data_2012-09-08.parquet",278314018
"data/africa_full_predictor_data/africa_full_predictor_data_2012-09-09.parquet",278193929
"data/africa_full_predictor_data/africa_full_predictor_data_2012-09-10.parquet",278242805
"data/africa_full_predictor_data/africa_full_predictor_data_2012-09-11.parquet",278200220
"data/africa_full_predictor_data/africa_full_predictor_data_2012-09-12.parquet",278220908
"data/africa_full_predictor_data/africa_full_predictor_data_2012-09-13.parquet",277930211
"data/africa_full_predictor_data/africa_full_predictor_data_2012-09-14.parquet",277977182
"data/africa_full_predictor_data/africa_full_predictor_data_2012-09-15.parquet",278127264
"data/africa_full_predictor_data/africa_full_predictor_data_2012-09-16.parquet",278266265
"data/africa_full_predictor_data/africa_full_predictor_data_2012-09-17.parquet",279036252
"data/africa_full_predictor_data/africa_full_predictor_data_2012-09-18.parquet",278766230
"data/africa_full_predictor_data/africa_full_predictor_data_2012-09-19.parquet",278462661
"data/africa_full_predictor_data/africa_full_predictor_data_2012-09-20.parquet",278458800
"data/africa_full_predictor_data/africa_full_predictor_data_2012-09-21.parquet",278633149
"data/africa_full_predictor_data/africa_full_predictor_data_2012-09-22.parquet",278941147
"data/africa_full_predictor_data/africa_full_predictor_data_2012-09-23.parquet",278239564
"data/africa_full_predictor_data/africa_full_predictor_data_2012-09-24.parquet",278532869
"data/africa_full_predictor_data/africa_full_predictor_data_2012-09-25.parquet",278572636
"data/africa_full_predictor_data/africa_full_predictor_data_2012-09-26.parquet",278436197
"data/africa_full_predictor_data/africa_full_predictor_data_2012-09-27.parquet",279078761
"data/africa_full_predictor_data/africa_full_predictor_data_2012-09-28.parquet",279226893
"data/africa_full_predictor_data/africa_full_predictor_data_2012-09-29.parquet",279553952
"data/africa_full_predictor_data/africa_full_predictor_data_2012-09-30.parquet",279328440
"data/africa_full_predictor_data/africa_full_predictor_data_2012-10-01.parquet",279300984
"data/africa_full_predictor_data/africa_full_predictor_data_2012-10-02.parquet",278965097
"data/africa_full_predictor_data/africa_full_predictor_data_2012-10-03.parquet",279080301
"data/africa_full_predictor_data/africa_full_predictor_data_2012-10-04.parquet",278910565
"data/africa_full_predictor_data/africa_full_predictor_data_2012-10-05.parquet",279677992
"data/africa_full_predictor_data/africa_full_predictor_data_2012-10-06.parquet",278950640
"data/africa_full_predictor_data/africa_full_predictor_data_2012-10-07.parquet",279283020
"data/africa_full_predictor_data/africa_full_predictor_data_2012-10-08.parquet",279034177
"data/africa_full_predictor_data/africa_full_predictor_data_2012-10-09.parquet",279310136
"data/africa_full_predictor_data/africa_full_predictor_data_2012-10-10.parquet",279592621
"data/africa_full_predictor_data/africa_full_predictor_data_2012-10-11.parquet",278802463
"data/africa_full_predictor_data/africa_full_predictor_data_2012-10-12.parquet",279312332
"data/africa_full_predictor_data/africa_full_predictor_data_2012-10-13.parquet",279804713
"data/africa_full_predictor_data/africa_full_predictor_data_2012-10-14.parquet",279440862
"data/africa_full_predictor_data/africa_full_predictor_data_2012-10-15.parquet",279841945
"data/africa_full_predictor_data/africa_full_predictor_data_2012-10-16.parquet",279445606
"data/africa_full_predictor_data/africa_full_predictor_data_2012-10-17.parquet",279549054
"data/africa_full_predictor_data/africa_full_predictor_data_2012-10-18.parquet",279727777
"data/africa_full_predictor_data/africa_full_predictor_data_2012-10-19.parquet",280169021
"data/africa_full_predictor_data/africa_full_predictor_data_2012-10-20.parquet",279907661
"data/africa_full_predictor_data/africa_full_predictor_data_2012-10-21.parquet",279648012
"data/africa_full_predictor_data/africa_full_predictor_data_2012-10-22.parquet",279606252
"data/africa_full_predictor_data/africa_full_predictor_data_2012-10-23.parquet",280271261
"data/africa_full_predictor_data/africa_full_predictor_data_2012-10-24.parquet",279680675
"data/africa_full_predictor_data/africa_full_predictor_data_2012-10-25.parquet",279877513
"data/africa_full_predictor_data/africa_full_predictor_data_2012-10-26.parquet",279864153
"data/africa_full_predictor_data/africa_full_predictor_data_2012-10-27.parquet",279849454
"data/africa_full_predictor_data/africa_full_predictor_data_2012-10-28.parquet",279565590
"data/africa_full_predictor_data/africa_full_predictor_data_2012-10-29.parquet",279680135
"data/africa_full_predictor_data/africa_full_predictor_data_2012-10-30.parquet",279447542
"data/africa_full_predictor_data/africa_full_predictor_data_2012-10-31.parquet",279733353
"data/africa_full_predictor_data/africa_full_predictor_data_2012-11-01.parquet",279617693
"data/africa_full_predictor_data/africa_full_predictor_data_2012-11-02.parquet",280080198
"data/africa_full_predictor_data/africa_full_predictor_data_2012-11-03.parquet",279854887
"data/africa_full_predictor_data/africa_full_predictor_data_2012-11-04.parquet",279602214
"data/africa_full_predictor_data/africa_full_predictor_data_2012-11-05.parquet",279596190
"data/africa_full_predictor_data/africa_full_predictor_data_2012-11-06.parquet",279607816
"data/africa_full_predictor_data/africa_full_predictor_data_2012-11-07.parquet",279137999
"data/africa_full_predictor_data/africa_full_predictor_data_2012-11-08.parquet",279333793
"data/africa_full_predictor_data/africa_full_predictor_data_2012-11-09.parquet",279704785
"data/africa_full_predictor_data/africa_full_predictor_data_2012-11-10.parquet",279400545
"data/africa_full_predictor_data/africa_full_predictor_data_2012-11-11.parquet",278974564
"data/africa_full_predictor_data/africa_full_predictor_data_2012-11-12.parquet",278959160
"data/africa_full_predictor_data/africa_full_predictor_data_2012-11-13.parquet",278825040
"data/africa_full_predictor_data/africa_full_predictor_data_2012-11-14.parquet",278646833
"data/africa_full_predictor_data/africa_full_predictor_data_2012-11-15.parquet",278854143
"data/africa_full_predictor_data/africa_full_predictor_data_2012-11-16.parquet",278505473
"data/africa_full_predictor_data/africa_full_predictor_data_2012-11-17.parquet",279369678
"data/africa_full_predictor_data/africa_full_predictor_data_2012-11-18.parquet",279266172
"data/africa_full_predictor_data/africa_full_predictor_data_2012-11-19.parquet",278813725
"data/africa_full_predictor_data/africa_full_predictor_data_2012-11-20.parquet",278861641
"data/africa_full_predictor_data/africa_full_predictor_data_2012-11-21.parquet",278798533
"data/africa_full_predictor_data/africa_full_predictor_data_2012-11-22.parquet",278776011
"data/africa_full_predictor_data/africa_full_predictor_data_2012-11-23.parquet",278556112
"data/africa_full_predictor_data/africa_full_predictor_data_2012-11-24.parquet",278726940
"data/africa_full_predictor_data/africa_full_predictor_data_2012-11-25.parquet",278770968
"data/africa_full_predictor_data/africa_full_predictor_data_2012-11-26.parquet",278424222
"data/africa_full_predictor_data/africa_full_predictor_data_2012-11-27.parquet",278576024
"data/africa_full_predictor_data/africa_full_predictor_data_2012-11-28.parquet",278735098
"data/africa_full_predictor_data/africa_full_predictor_data_2012-11-29.parquet",278795116
"data/africa_full_predictor_data/africa_full_predictor_data_2012-11-30.parquet",278950880
"data/africa_full_predictor_data/africa_full_predictor_data_2012-12-01.parquet",278803019
"data/africa_full_predictor_data/africa_full_predictor_data_2012-12-02.parquet",278416898
"data/africa_full_predictor_data/africa_full_predictor_data_2012-12-03.parquet",278625042
"data/africa_full_predictor_data/africa_full_predictor_data_2012-12-04.parquet",279062032
"data/africa_full_predictor_data/africa_full_predictor_data_2012-12-05.parquet",278201746
"data/africa_full_predictor_data/africa_full_predictor_data_2012-12-06.parquet",278205740
"data/africa_full_predictor_data/africa_full_predictor_data_2012-12-07.parquet",277945736
"data/africa_full_predictor_data/africa_full_predictor_data_2012-12-08.parquet",277843706
"data/africa_full_predictor_data/africa_full_predictor_data_2012-12-09.parquet",278241274
"data/africa_full_predictor_data/africa_full_predictor_data_2012-12-10.parquet",277921936
"data/africa_full_predictor_data/africa_full_predictor_data_2012-12-11.parquet",278009409
"data/africa_full_predictor_data/africa_full_predictor_data_2012-12-12.parquet",277894345
"data/africa_full_predictor_data/africa_full_predictor_data_2012-12-13.parquet",278159089
"data/africa_full_predictor_data/africa_full_predictor_data_2012-12-14.parquet",278248370
"data/africa_full_predictor_data/africa_full_predictor_data_2012-12-15.parquet",277876796
"data/africa_full_predictor_data/africa_full_predictor_data_2012-12-16.parquet",277187919
"data/africa_full_predictor_data/africa_full_predictor_data_2012-12-17.parquet",277236101
"data/africa_full_predictor_data/africa_full_predictor_data_2012-12-18.parquet",277349024
"data/africa_full_predictor_data/africa_full_predictor_data_2012-12-19.parquet",277756941
"data/africa_full_predictor_data/africa_full_predictor_data_2012-12-20.parquet",277701033
"data/africa_full_predictor_data/africa_full_predictor_data_2012-12-21.parquet",277654079
"data/africa_full_predictor_data/africa_full_predictor_data_2012-12-22.parquet",277659922
"data/africa_full_predictor_data/africa_full_predictor_data_2012-12-23.parquet",277258805
"data/africa_full_predictor_data/africa_full_predictor_data_2012-12-24.parquet",277446056
"data/africa_full_predictor_data/africa_full_predictor_data_2012-12-25.parquet",277801040
"data/africa_full_predictor_data/africa_full_predictor_data_2012-12-26.parquet",277682019
"data/africa_full_predictor_data/africa_full_predictor_data_2012-12-27.parquet",277837182
"data/africa_full_predictor_data/africa_full_predictor_data_2012-12-28.parquet",277639335
"data/africa_full_predictor_data/africa_full_predictor_data_2012-12-29.parquet",277579008
"data/africa_full_predictor_data/africa_full_predictor_data_2012-12-30.parquet",278177734
"data/africa_full_predictor_data/africa_full_predictor_data_2012-12-31.parquet",273036441
"data/africa_full_predictor_data/africa_full_predictor_data_2013-01-01.parquet",277962162
"data/africa_full_predictor_data/africa_full_predictor_data_2013-01-02.parquet",277663171
"data/africa_full_predictor_data/africa_full_predictor_data_2013-01-03.parquet",278156898
"data/africa_full_predictor_data/africa_full_predictor_data_2013-01-04.parquet",277777451
"data/africa_full_predictor_data/africa_full_predictor_data_2013-01-05.parquet",278168375
"data/africa_full_predictor_data/africa_full_predictor_data_2013-01-06.parquet",278376965
"data/africa_full_predictor_data/africa_full_predictor_data_2013-01-07.parquet",278550551
"data/africa_full_predictor_data/africa_full_predictor_data_2013-01-08.parquet",278219585
"data/africa_full_predictor_data/africa_full_predictor_data_2013-01-09.parquet",278069483
"data/africa_full_predictor_data/africa_full_predictor_data_2013-01-10.parquet",278329131
"data/africa_full_predictor_data/africa_full_predictor_data_2013-01-11.parquet",277992924
"data/africa_full_predictor_data/africa_full_predictor_data_2013-01-12.parquet",277815333
"data/africa_full_predictor_data/africa_full_predictor_data_2013-01-13.parquet",277432558
"data/africa_full_predictor_data/africa_full_predictor_data_2013-01-14.parquet",277617187
"data/africa_full_predictor_data/africa_full_predictor_data_2013-01-15.parquet",278125009
"data/africa_full_predictor_data/africa_full_predictor_data_2013-01-16.parquet",278282999
"data/africa_full_predictor_data/africa_full_predictor_data_2013-01-17.parquet",278905227
"data/africa_full_predictor_data/africa_full_predictor_data_2013-01-18.parquet",279297707
"data/africa_full_predictor_data/africa_full_predictor_data_2013-01-19.parquet",278999879
"data/africa_full_predictor_data/africa_full_predictor_data_2013-01-20.parquet",279014953
"data/africa_full_predictor_data/africa_full_predictor_data_2013-01-21.parquet",279401172
"data/africa_full_predictor_data/africa_full_predictor_data_2013-01-22.parquet",278196574
"data/africa_full_predictor_data/africa_full_predictor_data_2013-01-23.parquet",278210340
"data/africa_full_predictor_data/africa_full_predictor_data_2013-01-24.parquet",278320251
"data/africa_full_predictor_data/africa_full_predictor_data_2013-01-25.parquet",278787007
"data/africa_full_predictor_data/africa_full_predictor_data_2013-01-26.parquet",278980697
"data/africa_full_predictor_data/africa_full_predictor_data_2013-01-27.parquet",279274392
"data/africa_full_predictor_data/africa_full_predictor_data_2013-01-28.parquet",279358258
"data/africa_full_predictor_data/africa_full_predictor_data_2013-01-29.parquet",278717454
"data/africa_full_predictor_data/africa_full_predictor_data_2013-01-30.parquet",278469639
"data/africa_full_predictor_data/africa_full_predictor_data_2013-01-31.parquet",278813022
"data/africa_full_predictor_data/africa_full_predictor_data_2013-02-01.parquet",278315122
"data/africa_full_predictor_data/africa_full_predictor_data_2013-02-02.parquet",278738203
"data/africa_full_predictor_data/africa_full_predictor_data_2013-02-03.parquet",278701148
"data/africa_full_predictor_data/africa_full_predictor_data_2013-02-04.parquet",278132011
"data/africa_full_predictor_data/africa_full_predictor_data_2013-02-05.parquet",278496091
"data/africa_full_predictor_data/africa_full_predictor_data_2013-02-06.parquet",278769169
"data/africa_full_predictor_data/africa_full_predictor_data_2013-02-07.parquet",278965419
"data/africa_full_predictor_data/africa_full_predictor_data_2013-02-08.parquet",279037734
"data/africa_full_predictor_data/africa_full_predictor_data_2013-02-09.parquet",278580280
"data/africa_full_predictor_data/africa_full_predictor_data_2013-02-10.parquet",278840934
"data/africa_full_predictor_data/africa_full_predictor_data_2013-02-11.parquet",278859984
"data/africa_full_predictor_data/africa_full_predictor_data_2013-02-12.parquet",278969107
"data/africa_full_predictor_data/africa_full_predictor_data_2013-02-13.parquet",279009801
"data/africa_full_predictor_data/africa_full_predictor_data_2013-02-14.parquet",278792924
"data/africa_full_predictor_data/africa_full_predictor_data_2013-02-15.parquet",279200318
"data/africa_full_predictor_data/africa_full_predictor_data_2013-02-16.parquet",279031604
"data/africa_full_predictor_data/africa_full_predictor_data_2013-02-17.parquet",279547329
"data/africa_full_predictor_data/africa_full_predictor_data_2013-02-18.parquet",278515851
"data/africa_full_predictor_data/africa_full_predictor_data_2013-02-19.parquet",279270602
"data/africa_full_predictor_data/africa_full_predictor_data_2013-02-20.parquet",279133853
"data/africa_full_predictor_data/africa_full_predictor_data_2013-02-21.parquet",279141888
"data/africa_full_predictor_data/africa_full_predictor_data_2013-02-22.parquet",278997702
"data/africa_full_predictor_data/africa_full_predictor_data_2013-02-23.parquet",278947522
"data/africa_full_predictor_data/africa_full_predictor_data_2013-02-24.parquet",279581955
"data/africa_full_predictor_data/africa_full_predictor_data_2013-02-25.parquet",279387190
"data/africa_full_predictor_data/africa_full_predictor_data_2013-02-26.parquet",279032465
"data/africa_full_predictor_data/africa_full_predictor_data_2013-02-27.parquet",278578809
"data/africa_full_predictor_data/africa_full_predictor_data_2013-02-28.parquet",279164109
"data/africa_full_predictor_data/africa_full_predictor_data_2013-03-01.parquet",279444272
"data/africa_full_predictor_data/africa_full_predictor_data_2013-03-02.parquet",278900435
"data/africa_full_predictor_data/africa_full_predictor_data_2013-03-03.parquet",279282054
"data/africa_full_predictor_data/africa_full_predictor_data_2013-03-04.parquet",278878310
"data/africa_full_predictor_data/africa_full_predictor_data_2013-03-05.parquet",279222544
"data/africa_full_predictor_data/africa_full_predictor_data_2013-03-06.parquet",279305589
"data/africa_full_predictor_data/africa_full_predictor_data_2013-03-07.parquet",279255034
"data/africa_full_predictor_data/africa_full_predictor_data_2013-03-08.parquet",279028554
"data/africa_full_predictor_data/africa_full_predictor_data_2013-03-09.parquet",279374671
"data/africa_full_predictor_data/africa_full_predictor_data_2013-03-10.parquet",279346284
"data/africa_full_predictor_data/africa_full_predictor_data_2013-03-11.parquet",279477711
"data/africa_full_predictor_data/africa_full_predictor_data_2013-03-12.parquet",279775859
"data/africa_full_predictor_data/africa_full_predictor_data_2013-03-13.parquet",279707533
"data/africa_full_predictor_data/africa_full_predictor_data_2013-03-14.parquet",279209893
"data/africa_full_predictor_data/africa_full_predictor_data_2013-03-15.parquet",279598194
"data/africa_full_predictor_data/africa_full_predictor_data_2013-03-16.parquet",279946432
"data/africa_full_predictor_data/africa_full_predictor_data_2013-03-17.parquet",279227897
"data/africa_full_predictor_data/africa_full_predictor_data_2013-03-18.parquet",280167456
"data/africa_full_predictor_data/africa_full_predictor_data_2013-03-19.parquet",279860181
"data/africa_full_predictor_data/africa_full_predictor_data_2013-03-20.parquet",279887451
"data/africa_full_predictor_data/africa_full_predictor_data_2013-03-21.parquet",279705553
"data/africa_full_predictor_data/africa_full_predictor_data_2013-03-22.parquet",280103614
"data/africa_full_predictor_data/africa_full_predictor_data_2013-03-23.parquet",279556858
"data/africa_full_predictor_data/africa_full_predictor_data_2013-03-24.parquet",279902297
"data/africa_full_predictor_data/africa_full_predictor_data_2013-03-25.parquet",279849808
"data/africa_full_predictor_data/africa_full_predictor_data_2013-03-26.parquet",279855532
"data/africa_full_predictor_data/africa_full_predictor_data_2013-03-27.parquet",279845550
"data/africa_full_predictor_data/africa_full_predictor_data_2013-03-28.parquet",280029147
"data/africa_full_predictor_data/africa_full_predictor_data_2013-03-29.parquet",280125381
"data/africa_full_predictor_data/africa_full_predictor_data_2013-03-30.parquet",280273054
"data/africa_full_predictor_data/africa_full_predictor_data_2013-03-31.parquet",280195507
"data/africa_full_predictor_data/africa_full_predictor_data_2013-04-01.parquet",280057949
"data/africa_full_predictor_data/africa_full_predictor_data_2013-04-02.parquet",279326501
"data/africa_full_predictor_data/africa_full_predictor_data_2013-04-03.parquet",279406351
"data/africa_full_predictor_data/africa_full_predictor_data_2013-04-04.parquet",279899532
"data/africa_full_predictor_data/africa_full_predictor_data_2013-04-05.parquet",280173482
"data/africa_full_predictor_data/africa_full_predictor_data_2013-04-06.parquet",279642081
"data/africa_full_predictor_data/africa_full_predictor_data_2013-04-07.parquet",279939730
"data/africa_full_predictor_data/africa_full_predictor_data_2013-04-08.parquet",279976436
"data/africa_full_predictor_data/africa_full_predictor_data_2013-04-09.parquet",280134243
"data/africa_full_predictor_data/africa_full_predictor_data_2013-04-10.parquet",280539170
"data/africa_full_predictor_data/africa_full_predictor_data_2013-04-11.parquet",280002297
"data/africa_full_predictor_data/africa_full_predictor_data_2013-04-12.parquet",280191555
"data/africa_full_predictor_data/africa_full_predictor_data_2013-04-13.parquet",280406559
"data/africa_full_predictor_data/africa_full_predictor_data_2013-04-14.parquet",280051491
"data/africa_full_predictor_data/africa_full_predictor_data_2013-04-15.parquet",280899462
"data/africa_full_predictor_data/africa_full_predictor_data_2013-04-16.parquet",280143995
"data/africa_full_predictor_data/africa_full_predictor_data_2013-04-17.parquet",280055189
"data/africa_full_predictor_data/africa_full_predictor_data_2013-04-18.parquet",280378786
"data/africa_full_predictor_data/africa_full_predictor_data_2013-04-19.parquet",280636433
"data/africa_full_predictor_data/africa_full_predictor_data_2013-04-20.parquet",280526572
"data/africa_full_predictor_data/africa_full_predictor_data_2013-04-21.parquet",280413012
"data/africa_full_predictor_data/africa_full_predictor_data_2013-04-22.parquet",280499286
"data/africa_full_predictor_data/africa_full_predictor_data_2013-04-23.parquet",280826479
"data/africa_full_predictor_data/africa_full_predictor_data_2013-04-24.parquet",280767897
"data/africa_full_predictor_data/africa_full_predictor_data_2013-04-25.parquet",281137213
"data/africa_full_predictor_data/africa_full_predictor_data_2013-04-26.parquet",281295542
"data/africa_full_predictor_data/africa_full_predictor_data_2013-04-27.parquet",280738515
"data/africa_full_predictor_data/africa_full_predictor_data_2013-04-28.parquet",280854570
"data/africa_full_predictor_data/africa_full_predictor_data_2013-04-29.parquet",280822102
"data/africa_full_predictor_data/africa_full_predictor_data_2013-04-30.parquet",281140842
"data/africa_full_predictor_data/africa_full_predictor_data_2013-05-01.parquet",280938423
"data/africa_full_predictor_data/africa_full_predictor_data_2013-05-02.parquet",280553976
"data/africa_full_predictor_data/africa_full_predictor_data_2013-05-03.parquet",280656217
"data/africa_full_predictor_data/africa_full_predictor_data_2013-05-04.parquet",280513669
"data/africa_full_predictor_data/africa_full_predictor_data_2013-05-05.parquet",280233807
"data/africa_full_predictor_data/africa_full_predictor_data_2013-05-06.parquet",280669812
"data/africa_full_predictor_data/africa_full_predictor_data_2013-05-07.parquet",280945791
"data/africa_full_predictor_data/africa_full_predictor_data_2013-05-08.parquet",280229916
"data/africa_full_predictor_data/africa_full_predictor_data_2013-05-09.parquet",280609090
"data/africa_full_predictor_data/africa_full_predictor_data_2013-05-10.parquet",280414220
"data/africa_full_predictor_data/africa_full_predictor_data_2013-05-11.parquet",279995051
"data/africa_full_predictor_data/africa_full_predictor_data_2013-05-12.parquet",280261712
"data/africa_full_predictor_data/africa_full_predictor_data_2013-05-13.parquet",280133841
"data/africa_full_predictor_data/africa_full_predictor_data_2013-05-14.parquet",280269531
"data/africa_full_predictor_data/africa_full_predictor_data_2013-05-15.parquet",280316935
"data/africa_full_predictor_data/africa_full_predictor_data_2013-05-16.parquet",279691763
"data/africa_full_predictor_data/africa_full_predictor_data_2013-05-17.parquet",280004223
"data/africa_full_predictor_data/africa_full_predictor_data_2013-05-18.parquet",280232819
"data/africa_full_predictor_data/africa_full_predictor_data_2013-05-19.parquet",280149181
"data/africa_full_predictor_data/africa_full_predictor_data_2013-05-20.parquet",280380092
"data/africa_full_predictor_data/africa_full_predictor_data_2013-05-21.parquet",279825757
"data/africa_full_predictor_data/africa_full_predictor_data_2013-05-22.parquet",279621461
"data/africa_full_predictor_data/africa_full_predictor_data_2013-05-23.parquet",279601997
"data/africa_full_predictor_data/africa_full_predictor_data_2013-05-24.parquet",279608630
"data/africa_full_predictor_data/africa_full_predictor_data_2013-05-25.parquet",280240553
"data/africa_full_predictor_data/africa_full_predictor_data_2013-05-26.parquet",279736455
"data/africa_full_predictor_data/africa_full_predictor_data_2013-05-27.parquet",280464185
"data/africa_full_predictor_data/africa_full_predictor_data_2013-05-28.parquet",280807700
"data/africa_full_predictor_data/africa_full_predictor_data_2013-05-29.parquet",279884304
"data/africa_full_predictor_data/africa_full_predictor_data_2013-05-30.parquet",279439598
"data/africa_full_predictor_data/africa_full_predictor_data_2013-05-31.parquet",279500831
"data/africa_full_predictor_data/africa_full_predictor_data_2013-06-01.parquet",278926693
"data/africa_full_predictor_data/africa_full_predictor_data_2013-06-02.parquet",279225982
"data/africa_full_predictor_data/africa_full_predictor_data_2013-06-03.parquet",279153504
"data/africa_full_predictor_data/africa_full_predictor_data_2013-06-04.parquet",278817927
"data/africa_full_predictor_data/africa_full_predictor_data_2013-06-05.parquet",279035410
"data/africa_full_predictor_data/africa_full_predictor_data_2013-06-06.parquet",279079942
"data/africa_full_predictor_data/africa_full_predictor_data_2013-06-07.parquet",279084098
"data/africa_full_predictor_data/africa_full_predictor_data_2013-06-08.parquet",279228067
"data/africa_full_predictor_data/africa_full_predictor_data_2013-06-09.parquet",278745924
"data/africa_full_predictor_data/africa_full_predictor_data_2013-06-10.parquet",278943057
"data/africa_full_predictor_data/africa_full_predictor_data_2013-06-11.parquet",278220971
"data/africa_full_predictor_data/africa_full_predictor_data_2013-06-12.parquet",278414962
"data/africa_full_predictor_data/africa_full_predictor_data_2013-06-13.parquet",278315224
"data/africa_full_predictor_data/africa_full_predictor_data_2013-06-14.parquet",278970087
"data/africa_full_predictor_data/africa_full_predictor_data_2013-06-15.parquet",277790983
"data/africa_full_predictor_data/africa_full_predictor_data_2013-06-16.parquet",277625709
"data/africa_full_predictor_data/africa_full_predictor_data_2013-06-17.parquet",278056941
"data/africa_full_predictor_data/africa_full_predictor_data_2013-06-18.parquet",278583409
"data/africa_full_predictor_data/africa_full_predictor_data_2013-06-19.parquet",277948109
"data/africa_full_predictor_data/africa_full_predictor_data_2013-06-20.parquet",278015670
"data/africa_full_predictor_data/africa_full_predictor_data_2013-06-21.parquet",278490297
"data/africa_full_predictor_data/africa_full_predictor_data_2013-06-22.parquet",278299794
"data/africa_full_predictor_data/africa_full_predictor_data_2013-06-23.parquet",278011194
"data/africa_full_predictor_data/africa_full_predictor_data_2013-06-24.parquet",278227968
"data/africa_full_predictor_data/africa_full_predictor_data_2013-06-25.parquet",278158028
"data/africa_full_predictor_data/africa_full_predictor_data_2013-06-26.parquet",278187817
"data/africa_full_predictor_data/africa_full_predictor_data_2013-06-27.parquet",277978981
"data/africa_full_predictor_data/africa_full_predictor_data_2013-06-28.parquet",278075886
"data/africa_full_predictor_data/africa_full_predictor_data_2013-06-29.parquet",277768235
"data/africa_full_predictor_data/africa_full_predictor_data_2013-06-30.parquet",278621523
"data/africa_full_predictor_data/africa_full_predictor_data_2013-07-01.parquet",277390613
"data/africa_full_predictor_data/africa_full_predictor_data_2013-07-02.parquet",276809151
"data/africa_full_predictor_data/africa_full_predictor_data_2013-07-03.parquet",276677553
"data/africa_full_predictor_data/africa_full_predictor_data_2013-07-04.parquet",276849048
"data/africa_full_predictor_data/africa_full_predictor_data_2013-07-05.parquet",277302342
"data/africa_full_predictor_data/africa_full_predictor_data_2013-07-06.parquet",277375759
"data/africa_full_predictor_data/africa_full_predictor_data_2013-07-07.parquet",277824885
"data/africa_full_predictor_data/africa_full_predictor_data_2013-07-08.parquet",277394231
"data/africa_full_predictor_data/africa_full_predictor_data_2013-07-09.parquet",277575808
"data/africa_full_predictor_data/africa_full_predictor_data_2013-07-10.parquet",277627351
"data/africa_full_predictor_data/africa_full_predictor_data_2013-07-11.parquet",277529109
"data/africa_full_predictor_data/africa_full_predictor_data_2013-07-12.parquet",277136735
"data/africa_full_predictor_data/africa_full_predictor_data_2013-07-13.parquet",277311214
"data/africa_full_predictor_data/africa_full_predictor_data_2013-07-14.parquet",277193743
"data/africa_full_predictor_data/africa_full_predictor_data_2013-07-15.parquet",277329430
"data/africa_full_predictor_data/africa_full_predictor_data_2013-07-16.parquet",277358079
"data/africa_full_predictor_data/africa_full_predictor_data_2013-07-17.parquet",277658463
"data/africa_full_predictor_data/africa_full_predictor_data_2013-07-18.parquet",277524776
"data/africa_full_predictor_data/africa_full_predictor_data_2013-07-19.parquet",277505828
"data/africa_full_predictor_data/africa_full_predictor_data_2013-07-20.parquet",278287984
"data/africa_full_predictor_data/africa_full_predictor_data_2013-07-21.parquet",277663227
"data/africa_full_predictor_data/africa_full_predictor_data_2013-07-22.parquet",277733167
"data/africa_full_predictor_data/africa_full_predictor_data_2013-07-23.parquet",277745061
"data/africa_full_predictor_data/africa_full_predictor_data_2013-07-24.parquet",277837472
"data/africa_full_predictor_data/africa_full_predictor_data_2013-07-25.parquet",277887090
"data/africa_full_predictor_data/africa_full_predictor_data_2013-07-26.parquet",277943108
"data/africa_full_predictor_data/africa_full_predictor_data_2013-07-27.parquet",277932194
"data/africa_full_predictor_data/africa_full_predictor_data_2013-07-28.parquet",278136497
"data/africa_full_predictor_data/africa_full_predictor_data_2013-07-29.parquet",277906283
"data/africa_full_predictor_data/africa_full_predictor_data_2013-07-30.parquet",278083096
"data/africa_full_predictor_data/africa_full_predictor_data_2013-07-31.parquet",277581397
"data/africa_full_predictor_data/africa_full_predictor_data_2013-08-01.parquet",278164974
"data/africa_full_predictor_data/africa_full_predictor_data_2013-08-02.parquet",278022517
"data/africa_full_predictor_data/africa_full_predictor_data_2013-08-03.parquet",278232701
"data/africa_full_predictor_data/africa_full_predictor_data_2013-08-04.parquet",278339488
"data/africa_full_predictor_data/africa_full_predictor_data_2013-08-05.parquet",278174296
"data/africa_full_predictor_data/africa_full_predictor_data_2013-08-06.parquet",278089352
"data/africa_full_predictor_data/africa_full_predictor_data_2013-08-07.parquet",278063300
"data/africa_full_predictor_data/africa_full_predictor_data_2013-08-08.parquet",278398595
"data/africa_full_predictor_data/africa_full_predictor_data_2013-08-09.parquet",277886099
"data/africa_full_predictor_data/africa_full_predictor_data_2013-08-10.parquet",277535202
"data/africa_full_predictor_data/africa_full_predictor_data_2013-08-11.parquet",277362320
"data/africa_full_predictor_data/africa_full_predictor_data_2013-08-12.parquet",277230587
"data/africa_full_predictor_data/africa_full_predictor_data_2013-08-13.parquet",277279794
"data/africa_full_predictor_data/africa_full_predictor_data_2013-08-14.parquet",277857763
"data/africa_full_predictor_data/africa_full_predictor_data_2013-08-15.parquet",277949660
"data/africa_full_predictor_data/africa_full_predictor_data_2013-08-16.parquet",277326456
"data/africa_full_predictor_data/africa_full_predictor_data_2013-08-17.parquet",278000490
"data/africa_full_predictor_data/africa_full_predictor_data_2013-08-18.parquet",277454037
"data/africa_full_predictor_data/africa_full_predictor_data_2013-08-19.parquet",277465538
"data/africa_full_predictor_data/africa_full_predictor_data_2013-08-20.parquet",277599747
"data/africa_full_predictor_data/africa_full_predictor_data_2013-08-21.parquet",277964840
"data/africa_full_predictor_data/africa_full_predictor_data_2013-08-22.parquet",277908310
"data/africa_full_predictor_data/africa_full_predictor_data_2013-08-23.parquet",278311549
"data/africa_full_predictor_data/africa_full_predictor_data_2013-08-24.parquet",277850367
"data/africa_full_predictor_data/africa_full_predictor_data_2013-08-25.parquet",277626571
"data/africa_full_predictor_data/africa_full_predictor_data_2013-08-26.parquet",277769390
"data/africa_full_predictor_data/africa_full_predictor_data_2013-08-27.parquet",278189492
"data/africa_full_predictor_data/africa_full_predictor_data_2013-08-28.parquet",278327368
"data/africa_full_predictor_data/africa_full_predictor_data_2013-08-29.parquet",278716504
"data/africa_full_predictor_data/africa_full_predictor_data_2013-08-30.parquet",278438977
"data/africa_full_predictor_data/africa_full_predictor_data_2013-08-31.parquet",278323187
"data/africa_full_predictor_data/africa_full_predictor_data_2013-09-01.parquet",278213698
"data/africa_full_predictor_data/africa_full_predictor_data_2013-09-02.parquet",278005602
"data/africa_full_predictor_data/africa_full_predictor_data_2013-09-03.parquet",277761165
"data/africa_full_predictor_data/africa_full_predictor_data_2013-09-04.parquet",278373402
"data/africa_full_predictor_data/africa_full_predictor_data_2013-09-05.parquet",278459597
"data/africa_full_predictor_data/africa_full_predictor_data_2013-09-06.parquet",278621210
"data/africa_full_predictor_data/africa_full_predictor_data_2013-09-07.parquet",278315824
"data/africa_full_predictor_data/africa_full_predictor_data_2013-09-08.parquet",277994285
"data/africa_full_predictor_data/africa_full_predictor_data_2013-09-09.parquet",278219530
"data/africa_full_predictor_data/africa_full_predictor_data_2013-09-10.parquet",278126434
"data/africa_full_predictor_data/africa_full_predictor_data_2013-09-11.parquet",277895182
"data/africa_full_predictor_data/africa_full_predictor_data_2013-09-12.parquet",278251004
"data/africa_full_predictor_data/africa_full_predictor_data_2013-09-13.parquet",278119740
"data/africa_full_predictor_data/africa_full_predictor_data_2013-09-14.parquet",278322260
"data/africa_full_predictor_data/africa_full_predictor_data_2013-09-15.parquet",277877653
"data/africa_full_predictor_data/africa_full_predictor_data_2013-09-16.parquet",277881389
"data/africa_full_predictor_data/africa_full_predictor_data_2013-09-17.parquet",277713440
"data/africa_full_predictor_data/africa_full_predictor_data_2013-09-18.parquet",278367005
"data/africa_full_predictor_data/africa_full_predictor_data_2013-09-19.parquet",278757603
"data/africa_full_predictor_data/africa_full_predictor_data_2013-09-20.parquet",278540399
"data/africa_full_predictor_data/africa_full_predictor_data_2013-09-21.parquet",278692318
"data/africa_full_predictor_data/africa_full_predictor_data_2013-09-22.parquet",278651817
"data/africa_full_predictor_data/africa_full_predictor_data_2013-09-23.parquet",278874781
"data/africa_full_predictor_data/africa_full_predictor_data_2013-09-24.parquet",278453977
"data/africa_full_predictor_data/africa_full_predictor_data_2013-09-25.parquet",278655747
"data/africa_full_predictor_data/africa_full_predictor_data_2013-09-26.parquet",278445471
"data/africa_full_predictor_data/africa_full_predictor_data_2013-09-27.parquet",278627651
"data/africa_full_predictor_data/africa_full_predictor_data_2013-09-28.parquet",278659186
"data/africa_full_predictor_data/africa_full_predictor_data_2013-09-29.parquet",278810495
"data/africa_full_predictor_data/africa_full_predictor_data_2013-09-30.parquet",279908596
"data/africa_full_predictor_data/africa_full_predictor_data_2013-10-01.parquet",279610263
"data/africa_full_predictor_data/africa_full_predictor_data_2013-10-02.parquet",279823574
"data/africa_full_predictor_data/africa_full_predictor_data_2013-10-03.parquet",279392219
"data/africa_full_predictor_data/africa_full_predictor_data_2013-10-04.parquet",279637252
"data/africa_full_predictor_data/africa_full_predictor_data_2013-10-05.parquet",279217762
"data/africa_full_predictor_data/africa_full_predictor_data_2013-10-06.parquet",279311152
"data/africa_full_predictor_data/africa_full_predictor_data_2013-10-07.parquet",279615399
"data/africa_full_predictor_data/africa_full_predictor_data_2013-10-08.parquet",279821496
"data/africa_full_predictor_data/africa_full_predictor_data_2013-10-09.parquet",279575200
"data/africa_full_predictor_data/africa_full_predictor_data_2013-10-10.parquet",279288636
"data/africa_full_predictor_data/africa_full_predictor_data_2013-10-11.parquet",279750017
"data/africa_full_predictor_data/africa_full_predictor_data_2013-10-12.parquet",279547208
"data/africa_full_predictor_data/africa_full_predictor_data_2013-10-13.parquet",279531800
"data/africa_full_predictor_data/africa_full_predictor_data_2013-10-14.parquet",279705620
"data/africa_full_predictor_data/africa_full_predictor_data_2013-10-15.parquet",279664150
"data/africa_full_predictor_data/africa_full_predictor_data_2013-10-16.parquet",279725995
"data/africa_full_predictor_data/africa_full_predictor_data_2013-10-17.parquet",280179880
"data/africa_full_predictor_data/africa_full_predictor_data_2013-10-18.parquet",279351553
"data/africa_full_predictor_data/africa_full_predictor_data_2013-10-19.parquet",279405764
"data/africa_full_predictor_data/africa_full_predictor_data_2013-10-20.parquet",280128237
"data/africa_full_predictor_data/africa_full_predictor_data_2013-10-21.parquet",279913580
"data/africa_full_predictor_data/africa_full_predictor_data_2013-10-22.parquet",279914166
"data/africa_full_predictor_data/africa_full_predictor_data_2013-10-23.parquet",279721935
"data/africa_full_predictor_data/africa_full_predictor_data_2013-10-24.parquet",279898735
"data/africa_full_predictor_data/africa_full_predictor_data_2013-10-25.parquet",280047657
"data/africa_full_predictor_data/africa_full_predictor_data_2013-10-26.parquet",279780405
"data/africa_full_predictor_data/africa_full_predictor_data_2013-10-27.parquet",279986941
"data/africa_full_predictor_data/africa_full_predictor_data_2013-10-28.parquet",279997876
"data/africa_full_predictor_data/africa_full_predictor_data_2013-10-29.parquet",279854210
"data/africa_full_predictor_data/africa_full_predictor_data_2013-10-30.parquet",279529551
"data/africa_full_predictor_data/africa_full_predictor_data_2013-10-31.parquet",279521869
"data/africa_full_predictor_data/africa_full_predictor_data_2013-11-01.parquet",279478680
"data/africa_full_predictor_data/africa_full_predictor_data_2013-11-02.parquet",279590621
"data/africa_full_predictor_data/africa_full_predictor_data_2013-11-03.parquet",279455621
"data/africa_full_predictor_data/africa_full_predictor_data_2013-11-04.parquet",279702695
"data/africa_full_predictor_data/africa_full_predictor_data_2013-11-05.parquet",279488409
"data/africa_full_predictor_data/africa_full_predictor_data_2013-11-06.parquet",279456989
"data/africa_full_predictor_data/africa_full_predictor_data_2013-11-07.parquet",279257505
"data/africa_full_predictor_data/africa_full_predictor_data_2013-11-08.parquet",279051189
"data/africa_full_predictor_data/africa_full_predictor_data_2013-11-09.parquet",279144734
"data/africa_full_predictor_data/africa_full_predictor_data_2013-11-10.parquet",279451475
"data/africa_full_predictor_data/africa_full_predictor_data_2013-11-11.parquet",279246928
"data/africa_full_predictor_data/africa_full_predictor_data_2013-11-12.parquet",278733296
"data/africa_full_predictor_data/africa_full_predictor_data_2013-11-13.parquet",278797826
"data/africa_full_predictor_data/africa_full_predictor_data_2013-11-14.parquet",279311699
"data/africa_full_predictor_data/africa_full_predictor_data_2013-11-15.parquet",278973458
"data/africa_full_predictor_data/africa_full_predictor_data_2013-11-16.parquet",278886826
"data/africa_full_predictor_data/africa_full_predictor_data_2013-11-17.parquet",278760291
"data/africa_full_predictor_data/africa_full_predictor_data_2013-11-18.parquet",279181579
"data/africa_full_predictor_data/africa_full_predictor_data_2013-11-19.parquet",279290953
"data/africa_full_predictor_data/africa_full_predictor_data_2013-11-20.parquet",279254017
"data/africa_full_predictor_data/africa_full_predictor_data_2013-11-21.parquet",278940077
"data/africa_full_predictor_data/africa_full_predictor_data_2013-11-22.parquet",279396574
"data/africa_full_predictor_data/africa_full_predictor_data_2013-11-23.parquet",278880722
"data/africa_full_predictor_data/africa_full_predictor_data_2013-11-24.parquet",278740261
"data/africa_full_predictor_data/africa_full_predictor_data_2013-11-25.parquet",278799924
"data/africa_full_predictor_data/africa_full_predictor_data_2013-11-26.parquet",278970185
"data/africa_full_predictor_data/africa_full_predictor_data_2013-11-27.parquet",278600922
"data/africa_full_predictor_data/africa_full_predictor_data_2013-11-28.parquet",278463683
"data/africa_full_predictor_data/africa_full_predictor_data_2013-11-29.parquet",278384786
"data/africa_full_predictor_data/africa_full_predictor_data_2013-11-30.parquet",278866765
"data/africa_full_predictor_data/africa_full_predictor_data_2013-12-01.parquet",278762599
"data/africa_full_predictor_data/africa_full_predictor_data_2013-12-02.parquet",278807005
"data/africa_full_predictor_data/africa_full_predictor_data_2013-12-03.parquet",278510960
"data/africa_full_predictor_data/africa_full_predictor_data_2013-12-04.parquet",278761524
"data/africa_full_predictor_data/africa_full_predictor_data_2013-12-05.parquet",278358617
"data/africa_full_predictor_data/africa_full_predictor_data_2013-12-06.parquet",278335607
"data/africa_full_predictor_data/africa_full_predictor_data_2013-12-07.parquet",278155358
"data/africa_full_predictor_data/africa_full_predictor_data_2013-12-08.parquet",278186149
"data/africa_full_predictor_data/africa_full_predictor_data_2013-12-09.parquet",278238756
"data/africa_full_predictor_data/africa_full_predictor_data_2013-12-10.parquet",278385418
"data/africa_full_predictor_data/africa_full_predictor_data_2013-12-11.parquet",277950421
"data/africa_full_predictor_data/africa_full_predictor_data_2013-12-12.parquet",277887604
"data/africa_full_predictor_data/africa_full_predictor_data_2013-12-13.parquet",278588376
"data/africa_full_predictor_data/africa_full_predictor_data_2013-12-14.parquet",278325405
"data/africa_full_predictor_data/africa_full_predictor_data_2013-12-15.parquet",278386718
"data/africa_full_predictor_data/africa_full_predictor_data_2013-12-16.parquet",277779448
"data/africa_full_predictor_data/africa_full_predictor_data_2013-12-17.parquet",277362491
"data/africa_full_predictor_data/africa_full_predictor_data_2013-12-18.parquet",277034341
"data/africa_full_predictor_data/africa_full_predictor_data_2013-12-19.parquet",277396240
"data/africa_full_predictor_data/africa_full_predictor_data_2013-12-20.parquet",277410875
"data/africa_full_predictor_data/africa_full_predictor_data_2013-12-21.parquet",277591637
"data/africa_full_predictor_data/africa_full_predictor_data_2013-12-22.parquet",277501053
"data/africa_full_predictor_data/africa_full_predictor_data_2013-12-23.parquet",277730814
"data/africa_full_predictor_data/africa_full_predictor_data_2013-12-24.parquet",277264275
"data/africa_full_predictor_data/africa_full_predictor_data_2013-12-25.parquet",277630168
"data/africa_full_predictor_data/africa_full_predictor_data_2013-12-26.parquet",277913189
"data/africa_full_predictor_data/africa_full_predictor_data_2013-12-27.parquet",278233394
"data/africa_full_predictor_data/africa_full_predictor_data_2013-12-28.parquet",277948335
"data/africa_full_predictor_data/africa_full_predictor_data_2013-12-29.parquet",277839529
"data/africa_full_predictor_data/africa_full_predictor_data_2013-12-30.parquet",277307029
"data/africa_full_predictor_data/africa_full_predictor_data_2013-12-31.parquet",277489434
"data/africa_full_predictor_data/africa_full_predictor_data_2014-01-01.parquet",278145285
"data/africa_full_predictor_data/africa_full_predictor_data_2014-01-02.parquet",278132435
"data/africa_full_predictor_data/africa_full_predictor_data_2014-01-03.parquet",277816030
"data/africa_full_predictor_data/africa_full_predictor_data_2014-01-04.parquet",278022631
"data/africa_full_predictor_data/africa_full_predictor_data_2014-01-05.parquet",278297724
"data/africa_full_predictor_data/africa_full_predictor_data_2014-01-06.parquet",278347666
"data/africa_full_predictor_data/africa_full_predictor_data_2014-01-07.parquet",278441296
"data/africa_full_predictor_data/africa_full_predictor_data_2014-01-08.parquet",278157841
"data/africa_full_predictor_data/africa_full_predictor_data_2014-01-09.parquet",278131008
"data/africa_full_predictor_data/africa_full_predictor_data_2014-01-10.parquet",278302863
"data/africa_full_predictor_data/africa_full_predictor_data_2014-01-11.parquet",278243162
"data/africa_full_predictor_data/africa_full_predictor_data_2014-01-12.parquet",277773249
"data/africa_full_predictor_data/africa_full_predictor_data_2014-01-13.parquet",277562851
"data/africa_full_predictor_data/africa_full_predictor_data_2014-01-14.parquet",277586868
"data/africa_full_predictor_data/africa_full_predictor_data_2014-01-15.parquet",278018099
"data/africa_full_predictor_data/africa_full_predictor_data_2014-01-16.parquet",278008672
"data/africa_full_predictor_data/africa_full_predictor_data_2014-01-17.parquet",278541323
"data/africa_full_predictor_data/africa_full_predictor_data_2014-01-18.parquet",279143450
"data/africa_full_predictor_data/africa_full_predictor_data_2014-01-19.parquet",278802268
"data/africa_full_predictor_data/africa_full_predictor_data_2014-01-20.parquet",278672327
"data/africa_full_predictor_data/africa_full_predictor_data_2014-01-21.parquet",278916278
"data/africa_full_predictor_data/africa_full_predictor_data_2014-01-22.parquet",278451725
"data/africa_full_predictor_data/africa_full_predictor_data_2014-01-23.parquet",278026723
"data/africa_full_predictor_data/africa_full_predictor_data_2014-01-24.parquet",278069102
"data/africa_full_predictor_data/africa_full_predictor_data_2014-01-25.parquet",278553688
"data/africa_full_predictor_data/africa_full_predictor_data_2014-01-26.parquet",278949178
"data/africa_full_predictor_data/africa_full_predictor_data_2014-01-27.parquet",279236924
"data/africa_full_predictor_data/africa_full_predictor_data_2014-01-28.parquet",279488187
"data/africa_full_predictor_data/africa_full_predictor_data_2014-01-29.parquet",278837780
"data/africa_full_predictor_data/africa_full_predictor_data_2014-01-30.parquet",278892102
"data/africa_full_predictor_data/africa_full_predictor_data_2014-01-31.parquet",278774715
"data/africa_full_predictor_data/africa_full_predictor_data_2014-02-01.parquet",278754471
"data/africa_full_predictor_data/africa_full_predictor_data_2014-02-02.parquet",279170821
"data/africa_full_predictor_data/africa_full_predictor_data_2014-02-03.parquet",279192189
"data/africa_full_predictor_data/africa_full_predictor_data_2014-02-04.parquet",278361960
"data/africa_full_predictor_data/africa_full_predictor_data_2014-02-05.parquet",278718689
"data/africa_full_predictor_data/africa_full_predictor_data_2014-02-06.parquet",278821939
"data/africa_full_predictor_data/africa_full_predictor_data_2014-02-07.parquet",278500617
"data/africa_full_predictor_data/africa_full_predictor_data_2014-02-08.parquet",278718205
"data/africa_full_predictor_data/africa_full_predictor_data_2014-02-09.parquet",278998103
"data/africa_full_predictor_data/africa_full_predictor_data_2014-02-10.parquet",278685348
"data/africa_full_predictor_data/africa_full_predictor_data_2014-02-11.parquet",278604817
"data/africa_full_predictor_data/africa_full_predictor_data_2014-02-12.parquet",278855714
"data/africa_full_predictor_data/africa_full_predictor_data_2014-02-13.parquet",279014655
"data/africa_full_predictor_data/africa_full_predictor_data_2014-02-14.parquet",278857688
"data/africa_full_predictor_data/africa_full_predictor_data_2014-02-15.parquet",279250236
"data/africa_full_predictor_data/africa_full_predictor_data_2014-02-16.parquet",279125974
"data/africa_full_predictor_data/africa_full_predictor_data_2014-02-17.parquet",279237738
"data/africa_full_predictor_data/africa_full_predictor_data_2014-02-18.parquet",279078897
"data/africa_full_predictor_data/africa_full_predictor_data_2014-02-19.parquet",279204548
"data/africa_full_predictor_data/africa_full_predictor_data_2014-02-20.parquet",279236009
"data/africa_full_predictor_data/africa_full_predictor_data_2014-02-21.parquet",279058804
"data/africa_full_predictor_data/africa_full_predictor_data_2014-02-22.parquet",279135709
"data/africa_full_predictor_data/africa_full_predictor_data_2014-02-23.parquet",279131693
"data/africa_full_predictor_data/africa_full_predictor_data_2014-02-24.parquet",279273477
"data/africa_full_predictor_data/africa_full_predictor_data_2014-02-25.parquet",279502022
"data/africa_full_predictor_data/africa_full_predictor_data_2014-02-26.parquet",278476280
"data/africa_full_predictor_data/africa_full_predictor_data_2014-02-27.parquet",279036258
"data/africa_full_predictor_data/africa_full_predictor_data_2014-02-28.parquet",279219007
"data/africa_full_predictor_data/africa_full_predictor_data_2014-03-01.parquet",279711494
"data/africa_full_predictor_data/africa_full_predictor_data_2014-03-02.parquet",279044350
"data/africa_full_predictor_data/africa_full_predictor_data_2014-03-03.parquet",279381494
"data/africa_full_predictor_data/africa_full_predictor_data_2014-03-04.parquet",278988591
"data/africa_full_predictor_data/africa_full_predictor_data_2014-03-05.parquet",279466899
"data/africa_full_predictor_data/africa_full_predictor_data_2014-03-06.parquet",279377204
"data/africa_full_predictor_data/africa_full_predictor_data_2014-03-07.parquet",279370567
"data/africa_full_predictor_data/africa_full_predictor_data_2014-03-08.parquet",279367346
"data/africa_full_predictor_data/africa_full_predictor_data_2014-03-09.parquet",279503583
"data/africa_full_predictor_data/africa_full_predictor_data_2014-03-10.parquet",279264461
"data/africa_full_predictor_data/africa_full_predictor_data_2014-03-11.parquet",279738061
"data/africa_full_predictor_data/africa_full_predictor_data_2014-03-12.parquet",279846994
"data/africa_full_predictor_data/africa_full_predictor_data_2014-03-13.parquet",279732705
"data/africa_full_predictor_data/africa_full_predictor_data_2014-03-14.parquet",279275264
"data/africa_full_predictor_data/africa_full_predictor_data_2014-03-15.parquet",279687825
"data/africa_full_predictor_data/africa_full_predictor_data_2014-03-16.parquet",279852299
"data/africa_full_predictor_data/africa_full_predictor_data_2014-03-17.parquet",279797177
"data/africa_full_predictor_data/africa_full_predictor_data_2014-03-18.parquet",279529901
"data/africa_full_predictor_data/africa_full_predictor_data_2014-03-19.parquet",279826830
"data/africa_full_predictor_data/africa_full_predictor_data_2014-03-20.parquet",279667773
"data/africa_full_predictor_data/africa_full_predictor_data_2014-03-21.parquet",279616487
"data/africa_full_predictor_data/africa_full_predictor_data_2014-03-22.parquet",279949018
"data/africa_full_predictor_data/africa_full_predictor_data_2014-03-23.parquet",279504085
"data/africa_full_predictor_data/africa_full_predictor_data_2014-03-24.parquet",279723191
"data/africa_full_predictor_data/africa_full_predictor_data_2014-03-25.parquet",279728926
"data/africa_full_predictor_data/africa_full_predictor_data_2014-03-26.parquet",279947514
"data/africa_full_predictor_data/africa_full_predictor_data_2014-03-27.parquet",279767253
"data/africa_full_predictor_data/africa_full_predictor_data_2014-03-28.parquet",280087531
"data/africa_full_predictor_data/africa_full_predictor_data_2014-03-29.parquet",280307304
"data/africa_full_predictor_data/africa_full_predictor_data_2014-03-30.parquet",280678616
"data/africa_full_predictor_data/africa_full_predictor_data_2014-03-31.parquet",279977197
"data/africa_full_predictor_data/africa_full_predictor_data_2014-04-01.parquet",279908631
"data/africa_full_predictor_data/africa_full_predictor_data_2014-04-02.parquet",279549132
"data/africa_full_predictor_data/africa_full_predictor_data_2014-04-03.parquet",279527018
"data/africa_full_predictor_data/africa_full_predictor_data_2014-04-04.parquet",279793415
"data/africa_full_predictor_data/africa_full_predictor_data_2014-04-05.parquet",279964689
"data/africa_full_predictor_data/africa_full_predictor_data_2014-04-06.parquet",279976761
"data/africa_full_predictor_data/africa_full_predictor_data_2014-04-07.parquet",279953893
"data/africa_full_predictor_data/africa_full_predictor_data_2014-04-08.parquet",279960364
"data/africa_full_predictor_data/africa_full_predictor_data_2014-04-09.parquet",280292630
"data/africa_full_predictor_data/africa_full_predictor_data_2014-04-10.parquet",280971891
"data/africa_full_predictor_data/africa_full_predictor_data_2014-04-11.parquet",280410915
"data/africa_full_predictor_data/africa_full_predictor_data_2014-04-12.parquet",280514127
"data/africa_full_predictor_data/africa_full_predictor_data_2014-04-13.parquet",280685899
"data/africa_full_predictor_data/africa_full_predictor_data_2014-04-14.parquet",280706541
"data/africa_full_predictor_data/africa_full_predictor_data_2014-04-15.parquet",280724737
"data/africa_full_predictor_data/africa_full_predictor_data_2014-04-16.parquet",280508927
"data/africa_full_predictor_data/africa_full_predictor_data_2014-04-17.parquet",280414982
"data/africa_full_predictor_data/africa_full_predictor_data_2014-04-18.parquet",280590243
"data/africa_full_predictor_data/africa_full_predictor_data_2014-04-19.parquet",280526484
"data/africa_full_predictor_data/africa_full_predictor_data_2014-04-20.parquet",280612240
"data/africa_full_predictor_data/africa_full_predictor_data_2014-04-21.parquet",279912126
"data/africa_full_predictor_data/africa_full_predictor_data_2014-04-22.parquet",280370689
"data/africa_full_predictor_data/africa_full_predictor_data_2014-04-23.parquet",280439023
"data/africa_full_predictor_data/africa_full_predictor_data_2014-04-24.parquet",280548539
"data/africa_full_predictor_data/africa_full_predictor_data_2014-04-25.parquet",280884309
"data/africa_full_predictor_data/africa_full_predictor_data_2014-04-26.parquet",280901060
"data/africa_full_predictor_data/africa_full_predictor_data_2014-04-27.parquet",280914573
"data/africa_full_predictor_data/africa_full_predictor_data_2014-04-28.parquet",281118972
"data/africa_full_predictor_data/africa_full_predictor_data_2014-04-29.parquet",280944505
"data/africa_full_predictor_data/africa_full_predictor_data_2014-04-30.parquet",281022753
"data/africa_full_predictor_data/africa_full_predictor_data_2014-05-01.parquet",280960018
"data/africa_full_predictor_data/africa_full_predictor_data_2014-05-02.parquet",280687329
"data/africa_full_predictor_data/africa_full_predictor_data_2014-05-03.parquet",280745171
"data/africa_full_predictor_data/africa_full_predictor_data_2014-05-04.parquet",280628640
"data/africa_full_predictor_data/africa_full_predictor_data_2014-05-05.parquet",280583256
"data/africa_full_predictor_data/africa_full_predictor_data_2014-05-06.parquet",280685601
"data/africa_full_predictor_data/africa_full_predictor_data_2014-05-07.parquet",281017413
"data/africa_full_predictor_data/africa_full_predictor_data_2014-05-08.parquet",281010521
"data/africa_full_predictor_data/africa_full_predictor_data_2014-05-09.parquet",280892317
"data/africa_full_predictor_data/africa_full_predictor_data_2014-05-10.parquet",280515406
"data/africa_full_predictor_data/africa_full_predictor_data_2014-05-11.parquet",280214393
"data/africa_full_predictor_data/africa_full_predictor_data_2014-05-12.parquet",280297179
"data/africa_full_predictor_data/africa_full_predictor_data_2014-05-13.parquet",280124528
"data/africa_full_predictor_data/africa_full_predictor_data_2014-05-14.parquet",280304772
"data/africa_full_predictor_data/africa_full_predictor_data_2014-05-15.parquet",279856666
"data/africa_full_predictor_data/africa_full_predictor_data_2014-05-16.parquet",279939991
"data/africa_full_predictor_data/africa_full_predictor_data_2014-05-17.parquet",280020337
"data/africa_full_predictor_data/africa_full_predictor_data_2014-05-18.parquet",280225821
"data/africa_full_predictor_data/africa_full_predictor_data_2014-05-19.parquet",280183160
"data/africa_full_predictor_data/africa_full_predictor_data_2014-05-20.parquet",280238571
"data/africa_full_predictor_data/africa_full_predictor_data_2014-05-21.parquet",279783312
"data/africa_full_predictor_data/africa_full_predictor_data_2014-05-22.parquet",279793258
"data/africa_full_predictor_data/africa_full_predictor_data_2014-05-23.parquet",280143815
"data/africa_full_predictor_data/africa_full_predictor_data_2014-05-24.parquet",280233406
"data/africa_full_predictor_data/africa_full_predictor_data_2014-05-25.parquet",279996536
"data/africa_full_predictor_data/africa_full_predictor_data_2014-05-26.parquet",279674232
"data/africa_full_predictor_data/africa_full_predictor_data_2014-05-27.parquet",280457155
"data/africa_full_predictor_data/africa_full_predictor_data_2014-05-28.parquet",280354901
"data/africa_full_predictor_data/africa_full_predictor_data_2014-05-29.parquet",279936525
"data/africa_full_predictor_data/africa_full_predictor_data_2014-05-30.parquet",279723687
"data/africa_full_predictor_data/africa_full_predictor_data_2014-05-31.parquet",279548987
"data/africa_full_predictor_data/africa_full_predictor_data_2014-06-01.parquet",279315090
"data/africa_full_predictor_data/africa_full_predictor_data_2014-06-02.parquet",279257794
"data/africa_full_predictor_data/africa_full_predictor_data_2014-06-03.parquet",279255737
"data/africa_full_predictor_data/africa_full_predictor_data_2014-06-04.parquet",279261154
"data/africa_full_predictor_data/africa_full_predictor_data_2014-06-05.parquet",279251868
"data/africa_full_predictor_data/africa_full_predictor_data_2014-06-06.parquet",279447243
"data/africa_full_predictor_data/africa_full_predictor_data_2014-06-07.parquet",279590161
"data/africa_full_predictor_data/africa_full_predictor_data_2014-06-08.parquet",279140014
"data/africa_full_predictor_data/africa_full_predictor_data_2014-06-09.parquet",279065041
"data/africa_full_predictor_data/africa_full_predictor_data_2014-06-10.parquet",278963258
"data/africa_full_predictor_data/africa_full_predictor_data_2014-06-11.parquet",278500403
"data/africa_full_predictor_data/africa_full_predictor_data_2014-06-12.parquet",278767858
"data/africa_full_predictor_data/africa_full_predictor_data_2014-06-13.parquet",278605982
"data/africa_full_predictor_data/africa_full_predictor_data_2014-06-14.parquet",278871101
"data/africa_full_predictor_data/africa_full_predictor_data_2014-06-15.parquet",277915924
"data/africa_full_predictor_data/africa_full_predictor_data_2014-06-16.parquet",277771203
"data/africa_full_predictor_data/africa_full_predictor_data_2014-06-17.parquet",277836561
"data/africa_full_predictor_data/africa_full_predictor_data_2014-06-18.parquet",278595605
"data/africa_full_predictor_data/africa_full_predictor_data_2014-06-19.parquet",277964291
"data/africa_full_predictor_data/africa_full_predictor_data_2014-06-20.parquet",278207981
"data/africa_full_predictor_data/africa_full_predictor_data_2014-06-21.parquet",278561677
"data/africa_full_predictor_data/africa_full_predictor_data_2014-06-22.parquet",278337443
"data/africa_full_predictor_data/africa_full_predictor_data_2014-06-23.parquet",278872805
"data/africa_full_predictor_data/africa_full_predictor_data_2014-06-24.parquet",278121956
"data/africa_full_predictor_data/africa_full_predictor_data_2014-06-25.parquet",278196939
"data/africa_full_predictor_data/africa_full_predictor_data_2014-06-26.parquet",278775601
"data/africa_full_predictor_data/africa_full_predictor_data_2014-06-27.parquet",278197480
"data/africa_full_predictor_data/africa_full_predictor_data_2014-06-28.parquet",277988201
"data/africa_full_predictor_data/africa_full_predictor_data_2014-06-29.parquet",278056187
"data/africa_full_predictor_data/africa_full_predictor_data_2014-06-30.parquet",278281139
"data/africa_full_predictor_data/africa_full_predictor_data_2014-07-01.parquet",277313209
"data/africa_full_predictor_data/africa_full_predictor_data_2014-07-02.parquet",276808380
"data/africa_full_predictor_data/africa_full_predictor_data_2014-07-03.parquet",276688530
"data/africa_full_predictor_data/africa_full_predictor_data_2014-07-04.parquet",276668594
"data/africa_full_predictor_data/africa_full_predictor_data_2014-07-05.parquet",277628254
"data/africa_full_predictor_data/africa_full_predictor_data_2014-07-06.parquet",277240883
"data/africa_full_predictor_data/africa_full_predictor_data_2014-07-07.parquet",277707059
"data/africa_full_predictor_data/africa_full_predictor_data_2014-07-08.parquet",277664199
"data/africa_full_predictor_data/africa_full_predictor_data_2014-07-09.parquet",277021339
"data/africa_full_predictor_data/africa_full_predictor_data_2014-07-10.parquet",277542859
"data/africa_full_predictor_data/africa_full_predictor_data_2014-07-11.parquet",277374125
"data/africa_full_predictor_data/africa_full_predictor_data_2014-07-12.parquet",277372804
"data/africa_full_predictor_data/africa_full_predictor_data_2014-07-13.parquet",277299582
"data/africa_full_predictor_data/africa_full_predictor_data_2014-07-14.parquet",277307543
"data/africa_full_predictor_data/africa_full_predictor_data_2014-07-15.parquet",277396046
"data/africa_full_predictor_data/africa_full_predictor_data_2014-07-16.parquet",277405923
"data/africa_full_predictor_data/africa_full_predictor_data_2014-07-17.parquet",277311037
"data/africa_full_predictor_data/africa_full_predictor_data_2014-07-18.parquet",277205662
"data/africa_full_predictor_data/africa_full_predictor_data_2014-07-19.parquet",277576117
"data/africa_full_predictor_data/africa_full_predictor_data_2014-07-20.parquet",277727886
"data/africa_full_predictor_data/africa_full_predictor_data_2014-07-21.parquet",277502995
"data/africa_full_predictor_data/africa_full_predictor_data_2014-07-22.parquet",277682030
"data/africa_full_predictor_data/africa_full_predictor_data_2014-07-23.parquet",277592205
"data/africa_full_predictor_data/africa_full_predictor_data_2014-07-24.parquet",277918724
"data/africa_full_predictor_data/africa_full_predictor_data_2014-07-25.parquet",278192852
"data/africa_full_predictor_data/africa_full_predictor_data_2014-07-26.parquet",278054216
"data/africa_full_predictor_data/africa_full_predictor_data_2014-07-27.parquet",278192772
"data/africa_full_predictor_data/africa_full_predictor_data_2014-07-28.parquet",278254337
"data/africa_full_predictor_data/africa_full_predictor_data_2014-07-29.parquet",278346661
"data/africa_full_predictor_data/africa_full_predictor_data_2014-07-30.parquet",278620678
"data/africa_full_predictor_data/africa_full_predictor_data_2014-07-31.parquet",278055430
"data/africa_full_predictor_data/africa_full_predictor_data_2014-08-01.parquet",277920858
"data/africa_full_predictor_data/africa_full_predictor_data_2014-08-02.parquet",277969473
"data/africa_full_predictor_data/africa_full_predictor_data_2014-08-03.parquet",278318783
"data/africa_full_predictor_data/africa_full_predictor_data_2014-08-04.parquet",278454746
"data/africa_full_predictor_data/africa_full_predictor_data_2014-08-05.parquet",278344340
"data/africa_full_predictor_data/africa_full_predictor_data_2014-08-06.parquet",277886478
"data/africa_full_predictor_data/africa_full_predictor_data_2014-08-07.parquet",278064881
"data/africa_full_predictor_data/africa_full_predictor_data_2014-08-08.parquet",278638089
"data/africa_full_predictor_data/africa_full_predictor_data_2014-08-09.parquet",277918044
"data/africa_full_predictor_data/africa_full_predictor_data_2014-08-10.parquet",277627097
"data/africa_full_predictor_data/africa_full_predictor_data_2014-08-11.parquet",277387473
"data/africa_full_predictor_data/africa_full_predictor_data_2014-08-12.parquet",277420496
"data/africa_full_predictor_data/africa_full_predictor_data_2014-08-13.parquet",277213333
"data/africa_full_predictor_data/africa_full_predictor_data_2014-08-14.parquet",277299002
"data/africa_full_predictor_data/africa_full_predictor_data_2014-08-15.parquet",277671247
"data/africa_full_predictor_data/africa_full_predictor_data_2014-08-16.parquet",277194652
"data/africa_full_predictor_data/africa_full_predictor_data_2014-08-17.parquet",277628805
"data/africa_full_predictor_data/africa_full_predictor_data_2014-08-18.parquet",277486511
"data/africa_full_predictor_data/africa_full_predictor_data_2014-08-19.parquet",277645367
"data/africa_full_predictor_data/africa_full_predictor_data_2014-08-20.parquet",277302887
"data/africa_full_predictor_data/africa_full_predictor_data_2014-08-21.parquet",277845222
"data/africa_full_predictor_data/africa_full_predictor_data_2014-08-22.parquet",278027784
"data/africa_full_predictor_data/africa_full_predictor_data_2014-08-23.parquet",278867983
"data/africa_full_predictor_data/africa_full_predictor_data_2014-08-24.parquet",278205573
"data/africa_full_predictor_data/africa_full_predictor_data_2014-08-25.parquet",278264544
"data/africa_full_predictor_data/africa_full_predictor_data_2014-08-26.parquet",278368280
"data/africa_full_predictor_data/africa_full_predictor_data_2014-08-27.parquet",277644323
"data/africa_full_predictor_data/africa_full_predictor_data_2014-08-28.parquet",278075789
"data/africa_full_predictor_data/africa_full_predictor_data_2014-08-29.parquet",278216010
"data/africa_full_predictor_data/africa_full_predictor_data_2014-08-30.parquet",278496002
"data/africa_full_predictor_data/africa_full_predictor_data_2014-08-31.parquet",278177971
"data/africa_full_predictor_data/africa_full_predictor_data_2014-09-01.parquet",278449593
"data/africa_full_predictor_data/africa_full_predictor_data_2014-09-02.parquet",277891529
"data/africa_full_predictor_data/africa_full_predictor_data_2014-09-03.parquet",278066502
"data/africa_full_predictor_data/africa_full_predictor_data_2014-09-04.parquet",278261972
"data/africa_full_predictor_data/africa_full_predictor_data_2014-09-05.parquet",278753446
"data/africa_full_predictor_data/africa_full_predictor_data_2014-09-06.parquet",278581162
"data/africa_full_predictor_data/africa_full_predictor_data_2014-09-07.parquet",278338480
"data/africa_full_predictor_data/africa_full_predictor_data_2014-09-08.parquet",278627922
"data/africa_full_predictor_data/africa_full_predictor_data_2014-09-09.parquet",278354278
"data/africa_full_predictor_data/africa_full_predictor_data_2014-09-10.parquet",278084392
"data/africa_full_predictor_data/africa_full_predictor_data_2014-09-11.parquet",278028173
"data/africa_full_predictor_data/africa_full_predictor_data_2014-09-12.parquet",278103585
"data/africa_full_predictor_data/africa_full_predictor_data_2014-09-13.parquet",278269679
"data/africa_full_predictor_data/africa_full_predictor_data_2014-09-14.parquet",277651069
"data/africa_full_predictor_data/africa_full_predictor_data_2014-09-15.parquet",277521094
"data/africa_full_predictor_data/africa_full_predictor_data_2014-09-16.parquet",278553653
"data/africa_full_predictor_data/africa_full_predictor_data_2014-09-17.parquet",278130954
"data/africa_full_predictor_data/africa_full_predictor_data_2014-09-18.parquet",278440956
"data/africa_full_predictor_data/africa_full_predictor_data_2014-09-19.parquet",278585569
"data/africa_full_predictor_data/africa_full_predictor_data_2014-09-20.parquet",278765549
"data/africa_full_predictor_data/africa_full_predictor_data_2014-09-21.parquet",278471482
"data/africa_full_predictor_data/africa_full_predictor_data_2014-09-22.parquet",278880009
"data/africa_full_predictor_data/africa_full_predictor_data_2014-09-23.parquet",278501298
"data/africa_full_predictor_data/africa_full_predictor_data_2014-09-24.parquet",278665382
"data/africa_full_predictor_data/africa_full_predictor_data_2014-09-25.parquet",278323997
"data/africa_full_predictor_data/africa_full_predictor_data_2014-09-26.parquet",278245530
"data/africa_full_predictor_data/africa_full_predictor_data_2014-09-27.parquet",279024315
"data/africa_full_predictor_data/africa_full_predictor_data_2014-09-28.parquet",279212703
"data/africa_full_predictor_data/africa_full_predictor_data_2014-09-29.parquet",279256688
"data/africa_full_predictor_data/africa_full_predictor_data_2014-09-30.parquet",279383404
"data/africa_full_predictor_data/africa_full_predictor_data_2014-10-01.parquet",279555682
"data/africa_full_predictor_data/africa_full_predictor_data_2014-10-02.parquet",279743624
"data/africa_full_predictor_data/africa_full_predictor_data_2014-10-03.parquet",279464960
"data/africa_full_predictor_data/africa_full_predictor_data_2014-10-04.parquet",279385205
"data/africa_full_predictor_data/africa_full_predictor_data_2014-10-05.parquet",279282232
"data/africa_full_predictor_data/africa_full_predictor_data_2014-10-06.parquet",279360918
"data/africa_full_predictor_data/africa_full_predictor_data_2014-10-07.parquet",278916575
"data/africa_full_predictor_data/africa_full_predictor_data_2014-10-08.parquet",279854006
"data/africa_full_predictor_data/africa_full_predictor_data_2014-10-09.parquet",279616896
"data/africa_full_predictor_data/africa_full_predictor_data_2014-10-10.parquet",279676597
"data/africa_full_predictor_data/africa_full_predictor_data_2014-10-11.parquet",279869140
"data/africa_full_predictor_data/africa_full_predictor_data_2014-10-12.parquet",279524569
"data/africa_full_predictor_data/africa_full_predictor_data_2014-10-13.parquet",279578220
"data/africa_full_predictor_data/africa_full_predictor_data_2014-10-14.parquet",279704227
"data/africa_full_predictor_data/africa_full_predictor_data_2014-10-15.parquet",280024193
"data/africa_full_predictor_data/africa_full_predictor_data_2014-10-16.parquet",280042279
"data/africa_full_predictor_data/africa_full_predictor_data_2014-10-17.parquet",280081114
"data/africa_full_predictor_data/africa_full_predictor_data_2014-10-18.parquet",279727384
"data/africa_full_predictor_data/africa_full_predictor_data_2014-10-19.parquet",279760931
"data/africa_full_predictor_data/africa_full_predictor_data_2014-10-20.parquet",279936672
"data/africa_full_predictor_data/africa_full_predictor_data_2014-10-21.parquet",279898638
"data/africa_full_predictor_data/africa_full_predictor_data_2014-10-22.parquet",279788952
"data/africa_full_predictor_data/africa_full_predictor_data_2014-10-23.parquet",279148250
"data/africa_full_predictor_data/africa_full_predictor_data_2014-10-24.parquet",279760747
"data/africa_full_predictor_data/africa_full_predictor_data_2014-10-25.parquet",279858731
"data/africa_full_predictor_data/africa_full_predictor_data_2014-10-26.parquet",279816938
"data/africa_full_predictor_data/africa_full_predictor_data_2014-10-27.parquet",280459936
"data/africa_full_predictor_data/africa_full_predictor_data_2014-10-28.parquet",279536038
"data/africa_full_predictor_data/africa_full_predictor_data_2014-10-29.parquet",279659247
"data/africa_full_predictor_data/africa_full_predictor_data_2014-10-30.parquet",279847446
"data/africa_full_predictor_data/africa_full_predictor_data_2014-10-31.parquet",279675164
"data/africa_full_predictor_data/africa_full_predictor_data_2014-11-01.parquet",279271614
"data/africa_full_predictor_data/africa_full_predictor_data_2014-11-02.parquet",279478532
"data/africa_full_predictor_data/africa_full_predictor_data_2014-11-03.parquet",279775466
"data/africa_full_predictor_data/africa_full_predictor_data_2014-11-04.parquet",279762787
"data/africa_full_predictor_data/africa_full_predictor_data_2014-11-05.parquet",279852539
"data/africa_full_predictor_data/africa_full_predictor_data_2014-11-06.parquet",279287431
"data/africa_full_predictor_data/africa_full_predictor_data_2014-11-07.parquet",279396781
"data/africa_full_predictor_data/africa_full_predictor_data_2014-11-08.parquet",279583393
"data/africa_full_predictor_data/africa_full_predictor_data_2014-11-09.parquet",279351448
"data/africa_full_predictor_data/africa_full_predictor_data_2014-11-10.parquet",279554616
"data/africa_full_predictor_data/africa_full_predictor_data_2014-11-11.parquet",279563841
"data/africa_full_predictor_data/africa_full_predictor_data_2014-11-12.parquet",278872331
"data/africa_full_predictor_data/africa_full_predictor_data_2014-11-13.parquet",278844076
"data/africa_full_predictor_data/africa_full_predictor_data_2014-11-14.parquet",278916600
"data/africa_full_predictor_data/africa_full_predictor_data_2014-11-15.parquet",279266432
"data/africa_full_predictor_data/africa_full_predictor_data_2014-11-16.parquet",278802273
"data/africa_full_predictor_data/africa_full_predictor_data_2014-11-17.parquet",278931579
"data/africa_full_predictor_data/africa_full_predictor_data_2014-11-18.parquet",278801899
"data/africa_full_predictor_data/africa_full_predictor_data_2014-11-19.parquet",279129534
"data/africa_full_predictor_data/africa_full_predictor_data_2014-11-20.parquet",279125837
"data/africa_full_predictor_data/africa_full_predictor_data_2014-11-21.parquet",279009146
"data/africa_full_predictor_data/africa_full_predictor_data_2014-11-22.parquet",279155555
"data/africa_full_predictor_data/africa_full_predictor_data_2014-11-23.parquet",278946338
"data/africa_full_predictor_data/africa_full_predictor_data_2014-11-24.parquet",278874113
"data/africa_full_predictor_data/africa_full_predictor_data_2014-11-25.parquet",278781409
"data/africa_full_predictor_data/africa_full_predictor_data_2014-11-26.parquet",278859540
"data/africa_full_predictor_data/africa_full_predictor_data_2014-11-27.parquet",278194662
"data/africa_full_predictor_data/africa_full_predictor_data_2014-11-28.parquet",278563060
"data/africa_full_predictor_data/africa_full_predictor_data_2014-11-29.parquet",279291279
"data/africa_full_predictor_data/africa_full_predictor_data_2014-11-30.parquet",278893718
"data/africa_full_predictor_data/africa_full_predictor_data_2014-12-01.parquet",278795979
"data/africa_full_predictor_data/africa_full_predictor_data_2014-12-02.parquet",278911273
"data/africa_full_predictor_data/africa_full_predictor_data_2014-12-03.parquet",278762289
"data/africa_full_predictor_data/africa_full_predictor_data_2014-12-04.parquet",278594375
"data/africa_full_predictor_data/africa_full_predictor_data_2014-12-05.parquet",278532396
"data/africa_full_predictor_data/africa_full_predictor_data_2014-12-06.parquet",278557629
"data/africa_full_predictor_data/africa_full_predictor_data_2014-12-07.parquet",278329011
"data/africa_full_predictor_data/africa_full_predictor_data_2014-12-08.parquet",278180800
"data/africa_full_predictor_data/africa_full_predictor_data_2014-12-09.parquet",278475054
"data/africa_full_predictor_data/africa_full_predictor_data_2014-12-10.parquet",279062162
"data/africa_full_predictor_data/africa_full_predictor_data_2014-12-11.parquet",278559005
"data/africa_full_predictor_data/africa_full_predictor_data_2014-12-12.parquet",278011534
"data/africa_full_predictor_data/africa_full_predictor_data_2014-12-13.parquet",278072374
"data/africa_full_predictor_data/africa_full_predictor_data_2014-12-14.parquet",278538685
"data/africa_full_predictor_data/africa_full_predictor_data_2014-12-15.parquet",278500491
"data/africa_full_predictor_data/africa_full_predictor_data_2014-12-16.parquet",277680261
"data/africa_full_predictor_data/africa_full_predictor_data_2014-12-17.parquet",277176679
"data/africa_full_predictor_data/africa_full_predictor_data_2014-12-18.parquet",277351843
"data/africa_full_predictor_data/africa_full_predictor_data_2014-12-19.parquet",277268091
"data/africa_full_predictor_data/africa_full_predictor_data_2014-12-20.parquet",277708905
"data/africa_full_predictor_data/africa_full_predictor_data_2014-12-21.parquet",277693333
"data/africa_full_predictor_data/africa_full_predictor_data_2014-12-22.parquet",277306892
"data/africa_full_predictor_data/africa_full_predictor_data_2014-12-23.parquet",277898987
"data/africa_full_predictor_data/africa_full_predictor_data_2014-12-24.parquet",277304692
"data/africa_full_predictor_data/africa_full_predictor_data_2014-12-25.parquet",277698611
"data/africa_full_predictor_data/africa_full_predictor_data_2014-12-26.parquet",277350588
"data/africa_full_predictor_data/africa_full_predictor_data_2014-12-27.parquet",277878449
"data/africa_full_predictor_data/africa_full_predictor_data_2014-12-28.parquet",277682840
"data/africa_full_predictor_data/africa_full_predictor_data_2014-12-29.parquet",278685196
"data/africa_full_predictor_data/africa_full_predictor_data_2014-12-30.parquet",277819362
"data/africa_full_predictor_data/africa_full_predictor_data_2014-12-31.parquet",278229345
"data/africa_full_predictor_data/africa_full_predictor_data_2015-01-01.parquet",278372618
"data/africa_full_predictor_data/africa_full_predictor_data_2015-01-02.parquet",277732773
"data/africa_full_predictor_data/africa_full_predictor_data_2015-01-03.parquet",277782728
"data/africa_full_predictor_data/africa_full_predictor_data_2015-01-04.parquet",278221696
"data/africa_full_predictor_data/africa_full_predictor_data_2015-01-05.parquet",278057769
"data/africa_full_predictor_data/africa_full_predictor_data_2015-01-06.parquet",278160250
"data/africa_full_predictor_data/africa_full_predictor_data_2015-01-07.parquet",278349350
"data/africa_full_predictor_data/africa_full_predictor_data_2015-01-08.parquet",278350615
"data/africa_full_predictor_data/africa_full_predictor_data_2015-01-09.parquet",277923827
"data/africa_full_predictor_data/africa_full_predictor_data_2015-01-10.parquet",278234974
"data/africa_full_predictor_data/africa_full_predictor_data_2015-01-11.parquet",278413040
"data/africa_full_predictor_data/africa_full_predictor_data_2015-01-12.parquet",278391044
"data/africa_full_predictor_data/africa_full_predictor_data_2015-01-13.parquet",277727397
"data/africa_full_predictor_data/africa_full_predictor_data_2015-01-14.parquet",277687692
"data/africa_full_predictor_data/africa_full_predictor_data_2015-01-15.parquet",277986640
"data/africa_full_predictor_data/africa_full_predictor_data_2015-01-16.parquet",278185416
"data/africa_full_predictor_data/africa_full_predictor_data_2015-01-17.parquet",278449128
"data/africa_full_predictor_data/africa_full_predictor_data_2015-01-18.parquet",278922487
"data/africa_full_predictor_data/africa_full_predictor_data_2015-01-19.parquet",278772872
"data/africa_full_predictor_data/africa_full_predictor_data_2015-01-20.parquet",278594350
"data/africa_full_predictor_data/africa_full_predictor_data_2015-01-21.parquet",278767300
"data/africa_full_predictor_data/africa_full_predictor_data_2015-01-22.parquet",278384726
"data/africa_full_predictor_data/africa_full_predictor_data_2015-01-23.parquet",278088162
"data/africa_full_predictor_data/africa_full_predictor_data_2015-01-24.parquet",278288441
"data/africa_full_predictor_data/africa_full_predictor_data_2015-01-25.parquet",278648447
"data/africa_full_predictor_data/africa_full_predictor_data_2015-01-26.parquet",278999555
"data/africa_full_predictor_data/africa_full_predictor_data_2015-01-27.parquet",279625314
"data/africa_full_predictor_data/africa_full_predictor_data_2015-01-28.parquet",278809019
"data/africa_full_predictor_data/africa_full_predictor_data_2015-01-29.parquet",278829304
"data/africa_full_predictor_data/africa_full_predictor_data_2015-01-30.parquet",278676968
"data/africa_full_predictor_data/africa_full_predictor_data_2015-01-31.parquet",278737185
"data/africa_full_predictor_data/africa_full_predictor_data_2015-02-01.parquet",278768691
"data/africa_full_predictor_data/africa_full_predictor_data_2015-02-02.parquet",278490837
"data/africa_full_predictor_data/africa_full_predictor_data_2015-02-03.parquet",278815300
"data/africa_full_predictor_data/africa_full_predictor_data_2015-02-04.parquet",278370024
"data/africa_full_predictor_data/africa_full_predictor_data_2015-02-05.parquet",278599026
"data/africa_full_predictor_data/africa_full_predictor_data_2015-02-06.parquet",279452420
"data/africa_full_predictor_data/africa_full_predictor_data_2015-02-07.parquet",279092445
"data/africa_full_predictor_data/africa_full_predictor_data_2015-02-08.parquet",278870301
"data/africa_full_predictor_data/africa_full_predictor_data_2015-02-09.parquet",278884406
"data/africa_full_predictor_data/africa_full_predictor_data_2015-02-10.parquet",278787876
"data/africa_full_predictor_data/africa_full_predictor_data_2015-02-11.parquet",279442854
"data/africa_full_predictor_data/africa_full_predictor_data_2015-02-12.parquet",279086258
"data/africa_full_predictor_data/africa_full_predictor_data_2015-02-13.parquet",279314506
"data/africa_full_predictor_data/africa_full_predictor_data_2015-02-14.parquet",279095366
"data/africa_full_predictor_data/africa_full_predictor_data_2015-02-15.parquet",279379152
"data/africa_full_predictor_data/africa_full_predictor_data_2015-02-16.parquet",279239310
"data/africa_full_predictor_data/africa_full_predictor_data_2015-02-17.parquet",279451601
"data/africa_full_predictor_data/africa_full_predictor_data_2015-02-18.parquet",279288483
"data/africa_full_predictor_data/africa_full_predictor_data_2015-02-19.parquet",279452635
"data/africa_full_predictor_data/africa_full_predictor_data_2015-02-20.parquet",279506060
"data/africa_full_predictor_data/africa_full_predictor_data_2015-02-21.parquet",279393397
"data/africa_full_predictor_data/africa_full_predictor_data_2015-02-22.parquet",279289055
"data/africa_full_predictor_data/africa_full_predictor_data_2015-02-23.parquet",279354401
"data/africa_full_predictor_data/africa_full_predictor_data_2015-02-24.parquet",279668928
"data/africa_full_predictor_data/africa_full_predictor_data_2015-02-25.parquet",279283611
"data/africa_full_predictor_data/africa_full_predictor_data_2015-02-26.parquet",278928195
"data/africa_full_predictor_data/africa_full_predictor_data_2015-02-27.parquet",278758780
"data/africa_full_predictor_data/africa_full_predictor_data_2015-02-28.parquet",279109237
"data/africa_full_predictor_data/africa_full_predictor_data_2015-03-01.parquet",279413384
"data/africa_full_predictor_data/africa_full_predictor_data_2015-03-02.parquet",278873091
"data/africa_full_predictor_data/africa_full_predictor_data_2015-03-03.parquet",278987677
"data/africa_full_predictor_data/africa_full_predictor_data_2015-03-04.parquet",278802812
"data/africa_full_predictor_data/africa_full_predictor_data_2015-03-05.parquet",279066917
"data/africa_full_predictor_data/africa_full_predictor_data_2015-03-06.parquet",279072665
"data/africa_full_predictor_data/africa_full_predictor_data_2015-03-07.parquet",279127479
"data/africa_full_predictor_data/africa_full_predictor_data_2015-03-08.parquet",279044784
"data/africa_full_predictor_data/africa_full_predictor_data_2015-03-09.parquet",279349521
"data/africa_full_predictor_data/africa_full_predictor_data_2015-03-10.parquet",279567365
"data/africa_full_predictor_data/africa_full_predictor_data_2015-03-11.parquet",279527815
"data/africa_full_predictor_data/africa_full_predictor_data_2015-03-12.parquet",279685601
"data/africa_full_predictor_data/africa_full_predictor_data_2015-03-13.parquet",279356629
"data/africa_full_predictor_data/africa_full_predictor_data_2015-03-14.parquet",279112223
"data/africa_full_predictor_data/africa_full_predictor_data_2015-03-15.parquet",279303205
"data/africa_full_predictor_data/africa_full_predictor_data_2015-03-16.parquet",279570474
"data/africa_full_predictor_data/africa_full_predictor_data_2015-03-17.parquet",279872954
"data/africa_full_predictor_data/africa_full_predictor_data_2015-03-18.parquet",279710435
"data/africa_full_predictor_data/africa_full_predictor_data_2015-03-19.parquet",280019785
"data/africa_full_predictor_data/africa_full_predictor_data_2015-03-20.parquet",280152939
"data/africa_full_predictor_data/africa_full_predictor_data_2015-03-21.parquet",280007654
"data/africa_full_predictor_data/africa_full_predictor_data_2015-03-22.parquet",280713693
"data/africa_full_predictor_data/africa_full_predictor_data_2015-03-23.parquet",280195161
"data/africa_full_predictor_data/africa_full_predictor_data_2015-03-24.parquet",280297507
"data/africa_full_predictor_data/africa_full_predictor_data_2015-03-25.parquet",280321009
"data/africa_full_predictor_data/africa_full_predictor_data_2015-03-26.parquet",280172147
"data/africa_full_predictor_data/africa_full_predictor_data_2015-03-27.parquet",279540510
"data/africa_full_predictor_data/africa_full_predictor_data_2015-03-28.parquet",280055274
"data/africa_full_predictor_data/africa_full_predictor_data_2015-03-29.parquet",280475141
"data/africa_full_predictor_data/africa_full_predictor_data_2015-03-30.parquet",280485748
"data/africa_full_predictor_data/africa_full_predictor_data_2015-03-31.parquet",279959758
"data/africa_full_predictor_data/africa_full_predictor_data_2015-04-01.parquet",279666501
"data/africa_full_predictor_data/africa_full_predictor_data_2015-04-02.parquet",279396079
"data/africa_full_predictor_data/africa_full_predictor_data_2015-04-03.parquet",279405155
"data/africa_full_predictor_data/africa_full_predictor_data_2015-04-04.parquet",279824487
"data/africa_full_predictor_data/africa_full_predictor_data_2015-04-05.parquet",280014787
"data/africa_full_predictor_data/africa_full_predictor_data_2015-04-06.parquet",279824064
"data/africa_full_predictor_data/africa_full_predictor_data_2015-04-07.parquet",279995998
"data/africa_full_predictor_data/africa_full_predictor_data_2015-04-08.parquet",279969330
"data/africa_full_predictor_data/africa_full_predictor_data_2015-04-09.parquet",279579398
"data/africa_full_predictor_data/africa_full_predictor_data_2015-04-10.parquet",280515733
"data/africa_full_predictor_data/africa_full_predictor_data_2015-04-11.parquet",280364364
"data/africa_full_predictor_data/africa_full_predictor_data_2015-04-12.parquet",280511631
"data/africa_full_predictor_data/africa_full_predictor_data_2015-04-13.parquet",280453741
"data/africa_full_predictor_data/africa_full_predictor_data_2015-04-14.parquet",281008767
"data/africa_full_predictor_data/africa_full_predictor_data_2015-04-15.parquet",281139109
"data/africa_full_predictor_data/africa_full_predictor_data_2015-04-16.parquet",280476291
"data/africa_full_predictor_data/africa_full_predictor_data_2015-04-17.parquet",280522242
"data/africa_full_predictor_data/africa_full_predictor_data_2015-04-18.parquet",280615348
"data/africa_full_predictor_data/africa_full_predictor_data_2015-04-19.parquet",280319512
"data/africa_full_predictor_data/africa_full_predictor_data_2015-04-20.parquet",280268422
"data/africa_full_predictor_data/africa_full_predictor_data_2015-04-21.parquet",280199084
"data/africa_full_predictor_data/africa_full_predictor_data_2015-04-22.parquet",280272890
"data/africa_full_predictor_data/africa_full_predictor_data_2015-04-23.parquet",280646176
"data/africa_full_predictor_data/africa_full_predictor_data_2015-04-24.parquet",280751283
"data/africa_full_predictor_data/africa_full_predictor_data_2015-04-25.parquet",280831279
"data/africa_full_predictor_data/africa_full_predictor_data_2015-04-26.parquet",280693977
"data/africa_full_predictor_data/africa_full_predictor_data_2015-04-27.parquet",280643830
"data/africa_full_predictor_data/africa_full_predictor_data_2015-04-28.parquet",280599599
"data/africa_full_predictor_data/africa_full_predictor_data_2015-04-29.parquet",280654248
"data/africa_full_predictor_data/africa_full_predictor_data_2015-04-30.parquet",280525498
"data/africa_full_predictor_data/africa_full_predictor_data_2015-05-01.parquet",280823264
"data/africa_full_predictor_data/africa_full_predictor_data_2015-05-02.parquet",280429900
"data/africa_full_predictor_data/africa_full_predictor_data_2015-05-03.parquet",280785744
"data/africa_full_predictor_data/africa_full_predictor_data_2015-05-04.parquet",280394345
"data/africa_full_predictor_data/africa_full_predictor_data_2015-05-05.parquet",280284716
"data/africa_full_predictor_data/africa_full_predictor_data_2015-05-06.parquet",280519257
"data/africa_full_predictor_data/africa_full_predictor_data_2015-05-07.parquet",280937200
"data/africa_full_predictor_data/africa_full_predictor_data_2015-05-08.parquet",280781065
"data/africa_full_predictor_data/africa_full_predictor_data_2015-05-09.parquet",280720498
"data/africa_full_predictor_data/africa_full_predictor_data_2015-05-10.parquet",280140837
"data/africa_full_predictor_data/africa_full_predictor_data_2015-05-11.parquet",280309927
"data/africa_full_predictor_data/africa_full_predictor_data_2015-05-12.parquet",280240047
"data/africa_full_predictor_data/africa_full_predictor_data_2015-05-13.parquet",280220945
"data/africa_full_predictor_data/africa_full_predictor_data_2015-05-14.parquet",280493270
"data/africa_full_predictor_data/africa_full_predictor_data_2015-05-15.parquet",280178830
"data/africa_full_predictor_data/africa_full_predictor_data_2015-05-16.parquet",280037418
"data/africa_full_predictor_data/africa_full_predictor_data_2015-05-17.parquet",279858085
"data/africa_full_predictor_data/africa_full_predictor_data_2015-05-18.parquet",279965680
"data/africa_full_predictor_data/africa_full_predictor_data_2015-05-19.parquet",279776077
"data/africa_full_predictor_data/africa_full_predictor_data_2015-05-20.parquet",280062305
"data/africa_full_predictor_data/africa_full_predictor_data_2015-05-21.parquet",280172685
"data/africa_full_predictor_data/africa_full_predictor_data_2015-05-22.parquet",279927437
"data/africa_full_predictor_data/africa_full_predictor_data_2015-05-23.parquet",279621354
"data/africa_full_predictor_data/africa_full_predictor_data_2015-05-24.parquet",279775267
"data/africa_full_predictor_data/africa_full_predictor_data_2015-05-25.parquet",279952516
"data/africa_full_predictor_data/africa_full_predictor_data_2015-05-26.parquet",279931074
"data/africa_full_predictor_data/africa_full_predictor_data_2015-05-27.parquet",280448173
"data/africa_full_predictor_data/africa_full_predictor_data_2015-05-28.parquet",280881846
"data/africa_full_predictor_data/africa_full_predictor_data_2015-05-29.parquet",279987903
"data/africa_full_predictor_data/africa_full_predictor_data_2015-05-30.parquet",280172761
"data/africa_full_predictor_data/africa_full_predictor_data_2015-05-31.parquet",279778734
"data/africa_full_predictor_data/africa_full_predictor_data_2015-06-01.parquet",279428890
"data/africa_full_predictor_data/africa_full_predictor_data_2015-06-02.parquet",279213017
"data/africa_full_predictor_data/africa_full_predictor_data_2015-06-03.parquet",279470614
"data/africa_full_predictor_data/africa_full_predictor_data_2015-06-04.parquet",278987850
"data/africa_full_predictor_data/africa_full_predictor_data_2015-06-05.parquet",279023324
"data/africa_full_predictor_data/africa_full_predictor_data_2015-06-06.parquet",279652481
"data/africa_full_predictor_data/africa_full_predictor_data_2015-06-07.parquet",279313548
"data/africa_full_predictor_data/africa_full_predictor_data_2015-06-08.parquet",279370368
"data/africa_full_predictor_data/africa_full_predictor_data_2015-06-09.parquet",278981156
"data/africa_full_predictor_data/africa_full_predictor_data_2015-06-10.parquet",279093567
"data/africa_full_predictor_data/africa_full_predictor_data_2015-06-11.parquet",278545978
"data/africa_full_predictor_data/africa_full_predictor_data_2015-06-12.parquet",278623650
"data/africa_full_predictor_data/africa_full_predictor_data_2015-06-13.parquet",278323222
"data/africa_full_predictor_data/africa_full_predictor_data_2015-06-14.parquet",278380681
"data/africa_full_predictor_data/africa_full_predictor_data_2015-06-15.parquet",277914693
"data/africa_full_predictor_data/africa_full_predictor_data_2015-06-16.parquet",277722277
"data/africa_full_predictor_data/africa_full_predictor_data_2015-06-17.parquet",278536696
"data/africa_full_predictor_data/africa_full_predictor_data_2015-06-18.parquet",278380358
"data/africa_full_predictor_data/africa_full_predictor_data_2015-06-19.parquet",278311928
"data/africa_full_predictor_data/africa_full_predictor_data_2015-06-20.parquet",278278781
"data/africa_full_predictor_data/africa_full_predictor_data_2015-06-21.parquet",278504264
"data/africa_full_predictor_data/africa_full_predictor_data_2015-06-22.parquet",278347011
"data/africa_full_predictor_data/africa_full_predictor_data_2015-06-23.parquet",278356187
"data/africa_full_predictor_data/africa_full_predictor_data_2015-06-24.parquet",278446108
"data/africa_full_predictor_data/africa_full_predictor_data_2015-06-25.parquet",278877806
"data/africa_full_predictor_data/africa_full_predictor_data_2015-06-26.parquet",278968448
"data/africa_full_predictor_data/africa_full_predictor_data_2015-06-27.parquet",278344922
"data/africa_full_predictor_data/africa_full_predictor_data_2015-06-28.parquet",278208788
"data/africa_full_predictor_data/africa_full_predictor_data_2015-06-29.parquet",278140726
"data/africa_full_predictor_data/africa_full_predictor_data_2015-06-30.parquet",278311545
"data/africa_full_predictor_data/africa_full_predictor_data_2015-07-01.parquet",277343128
"data/africa_full_predictor_data/africa_full_predictor_data_2015-07-02.parquet",276973463
"data/africa_full_predictor_data/africa_full_predictor_data_2015-07-03.parquet",276857501
"data/africa_full_predictor_data/africa_full_predictor_data_2015-07-04.parquet",276891257
"data/africa_full_predictor_data/africa_full_predictor_data_2015-07-05.parquet",277243554
"data/africa_full_predictor_data/africa_full_predictor_data_2015-07-06.parquet",277433244
"data/africa_full_predictor_data/africa_full_predictor_data_2015-07-07.parquet",277708238
"data/africa_full_predictor_data/africa_full_predictor_data_2015-07-08.parquet",277839301
"data/africa_full_predictor_data/africa_full_predictor_data_2015-07-09.parquet",277653688
"data/africa_full_predictor_data/africa_full_predictor_data_2015-07-10.parquet",277437390
"data/africa_full_predictor_data/africa_full_predictor_data_2015-07-11.parquet",277221394
"data/africa_full_predictor_data/africa_full_predictor_data_2015-07-12.parquet",277497021
"data/africa_full_predictor_data/africa_full_predictor_data_2015-07-13.parquet",277169631
"data/africa_full_predictor_data/africa_full_predictor_data_2015-07-14.parquet",277344646
"data/africa_full_predictor_data/africa_full_predictor_data_2015-07-15.parquet",277259480
"data/africa_full_predictor_data/africa_full_predictor_data_2015-07-16.parquet",277183401
"data/africa_full_predictor_data/africa_full_predictor_data_2015-07-17.parquet",277318330
"data/africa_full_predictor_data/africa_full_predictor_data_2015-07-18.parquet",277622064
"data/africa_full_predictor_data/africa_full_predictor_data_2015-07-19.parquet",278167775
"data/africa_full_predictor_data/africa_full_predictor_data_2015-07-20.parquet",278071436
"data/africa_full_predictor_data/africa_full_predictor_data_2015-07-21.parquet",277680101
"data/africa_full_predictor_data/africa_full_predictor_data_2015-07-22.parquet",277906015
"data/africa_full_predictor_data/africa_full_predictor_data_2015-07-23.parquet",278060311
"data/africa_full_predictor_data/africa_full_predictor_data_2015-07-24.parquet",278494073
"data/africa_full_predictor_data/africa_full_predictor_data_2015-07-25.parquet",278166555
"data/africa_full_predictor_data/africa_full_predictor_data_2015-07-26.parquet",278204477
"data/africa_full_predictor_data/africa_full_predictor_data_2015-07-27.parquet",277972608
"data/africa_full_predictor_data/africa_full_predictor_data_2015-07-28.parquet",277984029
"data/africa_full_predictor_data/africa_full_predictor_data_2015-07-29.parquet",278137934
"data/africa_full_predictor_data/africa_full_predictor_data_2015-07-30.parquet",278076961
"data/africa_full_predictor_data/africa_full_predictor_data_2015-07-31.parquet",278319354
"data/africa_full_predictor_data/africa_full_predictor_data_2015-08-01.parquet",278023867
"data/africa_full_predictor_data/africa_full_predictor_data_2015-08-02.parquet",278251386
"data/africa_full_predictor_data/africa_full_predictor_data_2015-08-03.parquet",278432347
"data/africa_full_predictor_data/africa_full_predictor_data_2015-08-04.parquet",278558511
"data/africa_full_predictor_data/africa_full_predictor_data_2015-08-05.parquet",278556298
"data/africa_full_predictor_data/africa_full_predictor_data_2015-08-06.parquet",278320223
"data/africa_full_predictor_data/africa_full_predictor_data_2015-08-07.parquet",278598893
"data/africa_full_predictor_data/africa_full_predictor_data_2015-08-08.parquet",278453047
"data/africa_full_predictor_data/africa_full_predictor_data_2015-08-09.parquet",277952327
"data/africa_full_predictor_data/africa_full_predictor_data_2015-08-10.parquet",277756903
"data/africa_full_predictor_data/africa_full_predictor_data_2015-08-11.parquet",277416964
"data/africa_full_predictor_data/africa_full_predictor_data_2015-08-12.parquet",277415432
"data/africa_full_predictor_data/africa_full_predictor_data_2015-08-13.parquet",277488046
"data/africa_full_predictor_data/africa_full_predictor_data_2015-08-14.parquet",277386570
"data/africa_full_predictor_data/africa_full_predictor_data_2015-08-15.parquet",278217163
"data/africa_full_predictor_data/africa_full_predictor_data_2015-08-16.parquet",277609442
"data/africa_full_predictor_data/africa_full_predictor_data_2015-08-17.parquet",277589009
"data/africa_full_predictor_data/africa_full_predictor_data_2015-08-18.parquet",277671894
"data/africa_full_predictor_data/africa_full_predictor_data_2015-08-19.parquet",277834410
"data/africa_full_predictor_data/africa_full_predictor_data_2015-08-20.parquet",277439246
"data/africa_full_predictor_data/africa_full_predictor_data_2015-08-21.parquet",277898881
"data/africa_full_predictor_data/africa_full_predictor_data_2015-08-22.parquet",278052648
"data/africa_full_predictor_data/africa_full_predictor_data_2015-08-23.parquet",278944478
"data/africa_full_predictor_data/africa_full_predictor_data_2015-08-24.parquet",278305669
"data/africa_full_predictor_data/africa_full_predictor_data_2015-08-25.parquet",278371641
"data/africa_full_predictor_data/africa_full_predictor_data_2015-08-26.parquet",278155152
"data/africa_full_predictor_data/africa_full_predictor_data_2015-08-27.parquet",278171187
"data/africa_full_predictor_data/africa_full_predictor_data_2015-08-28.parquet",278298137
"data/africa_full_predictor_data/africa_full_predictor_data_2015-08-29.parquet",278428402
"data/africa_full_predictor_data/africa_full_predictor_data_2015-08-30.parquet",278273002
"data/africa_full_predictor_data/africa_full_predictor_data_2015-08-31.parquet",278460551
"data/africa_full_predictor_data/africa_full_predictor_data_2015-09-01.parquet",278499556
"data/africa_full_predictor_data/africa_full_predictor_data_2015-09-02.parquet",278054155
"data/africa_full_predictor_data/africa_full_predictor_data_2015-09-03.parquet",278605232
"data/africa_full_predictor_data/africa_full_predictor_data_2015-09-04.parquet",278896174
"data/africa_full_predictor_data/africa_full_predictor_data_2015-09-05.parquet",278852503
"data/africa_full_predictor_data/africa_full_predictor_data_2015-09-06.parquet",279244395
"data/africa_full_predictor_data/africa_full_predictor_data_2015-09-07.parquet",278536237
"data/africa_full_predictor_data/africa_full_predictor_data_2015-09-08.parquet",278181845
"data/africa_full_predictor_data/africa_full_predictor_data_2015-09-09.parquet",277842274
"data/africa_full_predictor_data/africa_full_predictor_data_2015-09-10.parquet",278010687
"data/africa_full_predictor_data/africa_full_predictor_data_2015-09-11.parquet",277862277
"data/africa_full_predictor_data/africa_full_predictor_data_2015-09-12.parquet",278210147
"data/africa_full_predictor_data/africa_full_predictor_data_2015-09-13.parquet",278258841
"data/africa_full_predictor_data/africa_full_predictor_data_2015-09-14.parquet",277891508
"data/africa_full_predictor_data/africa_full_predictor_data_2015-09-15.parquet",278253560
"data/africa_full_predictor_data/africa_full_predictor_data_2015-09-16.parquet",278114321
"data/africa_full_predictor_data/africa_full_predictor_data_2015-09-17.parquet",277867731
"data/africa_full_predictor_data/africa_full_predictor_data_2015-09-18.parquet",278394375
"data/africa_full_predictor_data/africa_full_predictor_data_2015-09-19.parquet",278897133
"data/africa_full_predictor_data/africa_full_predictor_data_2015-09-20.parquet",278746972
"data/africa_full_predictor_data/africa_full_predictor_data_2015-09-21.parquet",278601097
"data/africa_full_predictor_data/africa_full_predictor_data_2015-09-22.parquet",278434409
"data/africa_full_predictor_data/africa_full_predictor_data_2015-09-23.parquet",278703650
"data/africa_full_predictor_data/africa_full_predictor_data_2015-09-24.parquet",278754714
"data/africa_full_predictor_data/africa_full_predictor_data_2015-09-25.parquet",278915079
"data/africa_full_predictor_data/africa_full_predictor_data_2015-09-26.parquet",278882164
"data/africa_full_predictor_data/africa_full_predictor_data_2015-09-27.parquet",279177869
"data/africa_full_predictor_data/africa_full_predictor_data_2015-09-28.parquet",279098614
"data/africa_full_predictor_data/africa_full_predictor_data_2015-09-29.parquet",279285003
"data/africa_full_predictor_data/africa_full_predictor_data_2015-09-30.parquet",279704728
"data/africa_full_predictor_data/africa_full_predictor_data_2015-10-01.parquet",279484550
"data/africa_full_predictor_data/africa_full_predictor_data_2015-10-02.parquet",279313898
"data/africa_full_predictor_data/africa_full_predictor_data_2015-10-03.parquet",279407754
"data/africa_full_predictor_data/africa_full_predictor_data_2015-10-04.parquet",279766725
"data/africa_full_predictor_data/africa_full_predictor_data_2015-10-05.parquet",278919409
"data/africa_full_predictor_data/africa_full_predictor_data_2015-10-06.parquet",279288074
"data/africa_full_predictor_data/africa_full_predictor_data_2015-10-07.parquet",279682987
"data/africa_full_predictor_data/africa_full_predictor_data_2015-10-08.parquet",279794926
"data/africa_full_predictor_data/africa_full_predictor_data_2015-10-09.parquet",279610306
"data/africa_full_predictor_data/africa_full_predictor_data_2015-10-10.parquet",279738059
"data/africa_full_predictor_data/africa_full_predictor_data_2015-10-11.parquet",279357780
"data/africa_full_predictor_data/africa_full_predictor_data_2015-10-12.parquet",279374450
"data/africa_full_predictor_data/africa_full_predictor_data_2015-10-13.parquet",279503742
"data/africa_full_predictor_data/africa_full_predictor_data_2015-10-14.parquet",279678458
"data/africa_full_predictor_data/africa_full_predictor_data_2015-10-15.parquet",279952575
"data/africa_full_predictor_data/africa_full_predictor_data_2015-10-16.parquet",280256034
"data/africa_full_predictor_data/africa_full_predictor_data_2015-10-17.parquet",279601791
"data/africa_full_predictor_data/africa_full_predictor_data_2015-10-18.parquet",279565995
"data/africa_full_predictor_data/africa_full_predictor_data_2015-10-19.parquet",279603438
"data/africa_full_predictor_data/africa_full_predictor_data_2015-10-20.parquet",280078911
"data/africa_full_predictor_data/africa_full_predictor_data_2015-10-21.parquet",280112225
"data/africa_full_predictor_data/africa_full_predictor_data_2015-10-22.parquet",279842499
"data/africa_full_predictor_data/africa_full_predictor_data_2015-10-23.parquet",279793434
"data/africa_full_predictor_data/africa_full_predictor_data_2015-10-24.parquet",280063666
"data/africa_full_predictor_data/africa_full_predictor_data_2015-10-25.parquet",280138691
"data/africa_full_predictor_data/africa_full_predictor_data_2015-10-26.parquet",280036895
"data/africa_full_predictor_data/africa_full_predictor_data_2015-10-27.parquet",280376205
"data/africa_full_predictor_data/africa_full_predictor_data_2015-10-28.parquet",280209440
"data/africa_full_predictor_data/africa_full_predictor_data_2015-10-29.parquet",280008100
"data/africa_full_predictor_data/africa_full_predictor_data_2015-10-30.parquet",280451828
"data/africa_full_predictor_data/africa_full_predictor_data_2015-10-31.parquet",279744780
"data/africa_full_predictor_data/africa_full_predictor_data_2015-11-01.parquet",279743024
"data/africa_full_predictor_data/africa_full_predictor_data_2015-11-02.parquet",279704944
"data/africa_full_predictor_data/africa_full_predictor_data_2015-11-03.parquet",279948150
"data/africa_full_predictor_data/africa_full_predictor_data_2015-11-04.parquet",279858972
"data/africa_full_predictor_data/africa_full_predictor_data_2015-11-05.parquet",280024083
"data/africa_full_predictor_data/africa_full_predictor_data_2015-11-06.parquet",279817163
"data/africa_full_predictor_data/africa_full_predictor_data_2015-11-07.parquet",279697935
"data/africa_full_predictor_data/africa_full_predictor_data_2015-11-08.parquet",279291744
"data/africa_full_predictor_data/africa_full_predictor_data_2015-11-09.parquet",279524713
"data/africa_full_predictor_data/africa_full_predictor_data_2015-11-10.parquet",279520806
"data/africa_full_predictor_data/africa_full_predictor_data_2015-11-11.parquet",279493181
"data/africa_full_predictor_data/africa_full_predictor_data_2015-11-12.parquet",278910855
"data/africa_full_predictor_data/africa_full_predictor_data_2015-11-13.parquet",278978094
"data/africa_full_predictor_data/africa_full_predictor_data_2015-11-14.parquet",278749736
"data/africa_full_predictor_data/africa_full_predictor_data_2015-11-15.parquet",278972070
"data/africa_full_predictor_data/africa_full_predictor_data_2015-11-16.parquet",278953181
"data/africa_full_predictor_data/africa_full_predictor_data_2015-11-17.parquet",278909103
"data/africa_full_predictor_data/africa_full_predictor_data_2015-11-18.parquet",279149611
"data/africa_full_predictor_data/africa_full_predictor_data_2015-11-19.parquet",279290703
"data/africa_full_predictor_data/africa_full_predictor_data_2015-11-20.parquet",279541347
"data/africa_full_predictor_data/africa_full_predictor_data_2015-11-21.parquet",279040996
"data/africa_full_predictor_data/africa_full_predictor_data_2015-11-22.parquet",279002262
"data/africa_full_predictor_data/africa_full_predictor_data_2015-11-23.parquet",279321195
"data/africa_full_predictor_data/africa_full_predictor_data_2015-11-24.parquet",278796794
"data/africa_full_predictor_data/africa_full_predictor_data_2015-11-25.parquet",278804025
"data/africa_full_predictor_data/africa_full_predictor_data_2015-11-26.parquet",278941974
"data/africa_full_predictor_data/africa_full_predictor_data_2015-11-27.parquet",278556191
"data/africa_full_predictor_data/africa_full_predictor_data_2015-11-28.parquet",278628671
"data/africa_full_predictor_data/africa_full_predictor_data_2015-11-29.parquet",278616246
"data/africa_full_predictor_data/africa_full_predictor_data_2015-11-30.parquet",279002689
"data/africa_full_predictor_data/africa_full_predictor_data_2015-12-01.parquet",279177390
"data/africa_full_predictor_data/africa_full_predictor_data_2015-12-02.parquet",279024970
"data/africa_full_predictor_data/africa_full_predictor_data_2015-12-03.parquet",279022500
"data/africa_full_predictor_data/africa_full_predictor_data_2015-12-04.parquet",279109075
"data/africa_full_predictor_data/africa_full_predictor_data_2015-12-05.parquet",279085986
"data/africa_full_predictor_data/africa_full_predictor_data_2015-12-06.parquet",278753688
"data/africa_full_predictor_data/africa_full_predictor_data_2015-12-07.parquet",278755713
"data/africa_full_predictor_data/africa_full_predictor_data_2015-12-08.parquet",278688014
"data/africa_full_predictor_data/africa_full_predictor_data_2015-12-09.parquet",278728186
"data/africa_full_predictor_data/africa_full_predictor_data_2015-12-10.parquet",278786985
"data/africa_full_predictor_data/africa_full_predictor_data_2015-12-11.parquet",278565359
"data/africa_full_predictor_data/africa_full_predictor_data_2015-12-12.parquet",278506876
"data/africa_full_predictor_data/africa_full_predictor_data_2015-12-13.parquet",278078428
"data/africa_full_predictor_data/africa_full_predictor_data_2015-12-14.parquet",278667783
"data/africa_full_predictor_data/africa_full_predictor_data_2015-12-15.parquet",278826727
"data/africa_full_predictor_data/africa_full_predictor_data_2015-12-16.parquet",278146700
"data/africa_full_predictor_data/africa_full_predictor_data_2015-12-17.parquet",277529900
"data/africa_full_predictor_data/africa_full_predictor_data_2015-12-18.parquet",277603711
"data/africa_full_predictor_data/africa_full_predictor_data_2015-12-19.parquet",277733884
"data/africa_full_predictor_data/africa_full_predictor_data_2015-12-20.parquet",278500423
"data/africa_full_predictor_data/africa_full_predictor_data_2015-12-21.parquet",278127940
"data/africa_full_predictor_data/africa_full_predictor_data_2015-12-22.parquet",277672485
"data/africa_full_predictor_data/africa_full_predictor_data_2015-12-23.parquet",278156907
"data/africa_full_predictor_data/africa_full_predictor_data_2015-12-24.parquet",278150243
"data/africa_full_predictor_data/africa_full_predictor_data_2015-12-25.parquet",278071169
"data/africa_full_predictor_data/africa_full_predictor_data_2015-12-26.parquet",277972340
"data/africa_full_predictor_data/africa_full_predictor_data_2015-12-27.parquet",278049338
"data/africa_full_predictor_data/africa_full_predictor_data_2015-12-28.parquet",278024122
"data/africa_full_predictor_data/africa_full_predictor_data_2015-12-29.parquet",278369054
"data/africa_full_predictor_data/africa_full_predictor_data_2015-12-30.parquet",278036377
"data/africa_full_predictor_data/africa_full_predictor_data_2015-12-31.parquet",278128287
"data/africa_full_predictor_data/africa_full_predictor_data_2016-01-01.parquet",278543660
"data/africa_full_predictor_data/africa_full_predictor_data_2016-01-02.parquet",278123453
"data/africa_full_predictor_data/africa_full_predictor_data_2016-01-03.parquet",278212473
"data/africa_full_predictor_data/africa_full_predictor_data_2016-01-04.parquet",278518843
"data/africa_full_predictor_data/africa_full_predictor_data_2016-01-05.parquet",278749322
"data/africa_full_predictor_data/africa_full_predictor_data_2016-01-06.parquet",278702644
"data/africa_full_predictor_data/africa_full_predictor_data_2016-01-07.parquet",278558631
"data/africa_full_predictor_data/africa_full_predictor_data_2016-01-08.parquet",278941108
"data/africa_full_predictor_data/africa_full_predictor_data_2016-01-09.parquet",278385748
"data/africa_full_predictor_data/africa_full_predictor_data_2016-01-10.parquet",278384146
"data/africa_full_predictor_data/africa_full_predictor_data_2016-01-11.parquet",278404614
"data/africa_full_predictor_data/africa_full_predictor_data_2016-01-12.parquet",278469558
"data/africa_full_predictor_data/africa_full_predictor_data_2016-01-13.parquet",277826333
"data/africa_full_predictor_data/africa_full_predictor_data_2016-01-14.parquet",277785338
"data/africa_full_predictor_data/africa_full_predictor_data_2016-01-15.parquet",278361140
"data/africa_full_predictor_data/africa_full_predictor_data_2016-01-16.parquet",278032381
"data/africa_full_predictor_data/africa_full_predictor_data_2016-01-17.parquet",278935767
"data/africa_full_predictor_data/africa_full_predictor_data_2016-01-18.parquet",279383842
"data/africa_full_predictor_data/africa_full_predictor_data_2016-01-19.parquet",279164603
"data/africa_full_predictor_data/africa_full_predictor_data_2016-01-20.parquet",279179948
"data/africa_full_predictor_data/africa_full_predictor_data_2016-01-21.parquet",279261146
"data/africa_full_predictor_data/africa_full_predictor_data_2016-01-22.parquet",278682810
"data/africa_full_predictor_data/africa_full_predictor_data_2016-01-23.parquet",278471536
"data/africa_full_predictor_data/africa_full_predictor_data_2016-01-24.parquet",278591629
"data/africa_full_predictor_data/africa_full_predictor_data_2016-01-25.parquet",278748429
"data/africa_full_predictor_data/africa_full_predictor_data_2016-01-26.parquet",279259358
"data/africa_full_predictor_data/africa_full_predictor_data_2016-01-27.parquet",279199782
"data/africa_full_predictor_data/africa_full_predictor_data_2016-01-28.parquet",279343913
"data/africa_full_predictor_data/africa_full_predictor_data_2016-01-29.parquet",279026979
"data/africa_full_predictor_data/africa_full_predictor_data_2016-01-30.parquet",278995762
"data/africa_full_predictor_data/africa_full_predictor_data_2016-01-31.parquet",278951445
"data/africa_full_predictor_data/africa_full_predictor_data_2016-02-01.parquet",279245447
"data/africa_full_predictor_data/africa_full_predictor_data_2016-02-02.parquet",279204758
"data/africa_full_predictor_data/africa_full_predictor_data_2016-02-03.parquet",279251859
"data/africa_full_predictor_data/africa_full_predictor_data_2016-02-04.parquet",278163311
"data/africa_full_predictor_data/africa_full_predictor_data_2016-02-05.parquet",278676737
"data/africa_full_predictor_data/africa_full_predictor_data_2016-02-06.parquet",279135051
"data/africa_full_predictor_data/africa_full_predictor_data_2016-02-07.parquet",279127266
"data/africa_full_predictor_data/africa_full_predictor_data_2016-02-08.parquet",278906985
"data/africa_full_predictor_data/africa_full_predictor_data_2016-02-09.parquet",278783581
"data/africa_full_predictor_data/africa_full_predictor_data_2016-02-10.parquet",279065605
"data/africa_full_predictor_data/africa_full_predictor_data_2016-02-11.parquet",278954159
"data/africa_full_predictor_data/africa_full_predictor_data_2016-02-12.parquet",279282797
"data/africa_full_predictor_data/africa_full_predictor_data_2016-02-13.parquet",279289048
"data/africa_full_predictor_data/africa_full_predictor_data_2016-02-14.parquet",279269409
"data/africa_full_predictor_data/africa_full_predictor_data_2016-02-15.parquet",279115540
"data/africa_full_predictor_data/africa_full_predictor_data_2016-02-16.parquet",279402584
"data/africa_full_predictor_data/africa_full_predictor_data_2016-02-17.parquet",279681110
"data/africa_full_predictor_data/africa_full_predictor_data_2016-02-18.parquet",279426116
"data/africa_full_predictor_data/africa_full_predictor_data_2016-02-19.parquet",280012910
"data/africa_full_predictor_data/africa_full_predictor_data_2016-02-20.parquet",279191599
"data/africa_full_predictor_data/africa_full_predictor_data_2016-02-21.parquet",279323495
"data/africa_full_predictor_data/africa_full_predictor_data_2016-02-22.parquet",279410389
"data/africa_full_predictor_data/africa_full_predictor_data_2016-02-23.parquet",279380750
"data/africa_full_predictor_data/africa_full_predictor_data_2016-02-24.parquet",279656100
"data/africa_full_predictor_data/africa_full_predictor_data_2016-02-25.parquet",279389405
"data/africa_full_predictor_data/africa_full_predictor_data_2016-02-26.parquet",278864736
"data/africa_full_predictor_data/africa_full_predictor_data_2016-02-27.parquet",278795591
"data/africa_full_predictor_data/africa_full_predictor_data_2016-02-28.parquet",279397936
"data/africa_full_predictor_data/africa_full_predictor_data_2016-02-29.parquet",279661591
"data/africa_full_predictor_data/africa_full_predictor_data_2016-03-01.parquet",278993882
"data/africa_full_predictor_data/africa_full_predictor_data_2016-03-02.parquet",279094459
"data/africa_full_predictor_data/africa_full_predictor_data_2016-03-03.parquet",279408781
"data/africa_full_predictor_data/africa_full_predictor_data_2016-03-04.parquet",279348312
"data/africa_full_predictor_data/africa_full_predictor_data_2016-03-05.parquet",279235776
"data/africa_full_predictor_data/africa_full_predictor_data_2016-03-06.parquet",279281095
"data/africa_full_predictor_data/africa_full_predictor_data_2016-03-07.parquet",279158768
"data/africa_full_predictor_data/africa_full_predictor_data_2016-03-08.parquet",279675957
"data/africa_full_predictor_data/africa_full_predictor_data_2016-03-09.parquet",279253460
"data/africa_full_predictor_data/africa_full_predictor_data_2016-03-10.parquet",279681458
"data/africa_full_predictor_data/africa_full_predictor_data_2016-03-11.parquet",279900923
"data/africa_full_predictor_data/africa_full_predictor_data_2016-03-12.parquet",279827771
"data/africa_full_predictor_data/africa_full_predictor_data_2016-03-13.parquet",279476173
"data/africa_full_predictor_data/africa_full_predictor_data_2016-03-14.parquet",279755722
"data/africa_full_predictor_data/africa_full_predictor_data_2016-03-15.parquet",279978681
"data/africa_full_predictor_data/africa_full_predictor_data_2016-03-16.parquet",279607750
"data/africa_full_predictor_data/africa_full_predictor_data_2016-03-17.parquet",279860924
"data/africa_full_predictor_data/africa_full_predictor_data_2016-03-18.parquet",279938307
"data/africa_full_predictor_data/africa_full_predictor_data_2016-03-19.parquet",279853356
"data/africa_full_predictor_data/africa_full_predictor_data_2016-03-20.parquet",280078246
"data/africa_full_predictor_data/africa_full_predictor_data_2016-03-21.parquet",280113993
"data/africa_full_predictor_data/africa_full_predictor_data_2016-03-22.parquet",279975173
"data/africa_full_predictor_data/africa_full_predictor_data_2016-03-23.parquet",280095217
"data/africa_full_predictor_data/africa_full_predictor_data_2016-03-24.parquet",280000603
"data/africa_full_predictor_data/africa_full_predictor_data_2016-03-25.parquet",279987871
"data/africa_full_predictor_data/africa_full_predictor_data_2016-03-26.parquet",280001112
"data/africa_full_predictor_data/africa_full_predictor_data_2016-03-27.parquet",280717535
"data/africa_full_predictor_data/africa_full_predictor_data_2016-03-28.parquet",280267100
"data/africa_full_predictor_data/africa_full_predictor_data_2016-03-29.parquet",280225036
"data/africa_full_predictor_data/africa_full_predictor_data_2016-03-30.parquet",280030829
"data/africa_full_predictor_data/africa_full_predictor_data_2016-03-31.parquet",279764989
"data/africa_full_predictor_data/africa_full_predictor_data_2016-04-01.parquet",279568861
"data/africa_full_predictor_data/africa_full_predictor_data_2016-04-02.parquet",279648869
"data/africa_full_predictor_data/africa_full_predictor_data_2016-04-03.parquet",279694496
"data/africa_full_predictor_data/africa_full_predictor_data_2016-04-04.parquet",280433295
"data/africa_full_predictor_data/africa_full_predictor_data_2016-04-05.parquet",280109033
"data/africa_full_predictor_data/africa_full_predictor_data_2016-04-06.parquet",279943279
"data/africa_full_predictor_data/africa_full_predictor_data_2016-04-07.parquet",280430952
"data/africa_full_predictor_data/africa_full_predictor_data_2016-04-08.parquet",280432904
"data/africa_full_predictor_data/africa_full_predictor_data_2016-04-09.parquet",280915550
"data/africa_full_predictor_data/africa_full_predictor_data_2016-04-10.parquet",280399449
"data/africa_full_predictor_data/africa_full_predictor_data_2016-04-11.parquet",280594810
"data/africa_full_predictor_data/africa_full_predictor_data_2016-04-12.parquet",280520838
"data/africa_full_predictor_data/africa_full_predictor_data_2016-04-13.parquet",280699646
"data/africa_full_predictor_data/africa_full_predictor_data_2016-04-14.parquet",280890216
"data/africa_full_predictor_data/africa_full_predictor_data_2016-04-15.parquet",280413145
"data/africa_full_predictor_data/africa_full_predictor_data_2016-04-16.parquet",280375737
"data/africa_full_predictor_data/africa_full_predictor_data_2016-04-17.parquet",280010062
"data/africa_full_predictor_data/africa_full_predictor_data_2016-04-18.parquet",280322256
"data/africa_full_predictor_data/africa_full_predictor_data_2016-04-19.parquet",280283500
"data/africa_full_predictor_data/africa_full_predictor_data_2016-04-20.parquet",280297379
"data/africa_full_predictor_data/africa_full_predictor_data_2016-04-21.parquet",280341980
"data/africa_full_predictor_data/africa_full_predictor_data_2016-04-22.parquet",280516923
"data/africa_full_predictor_data/africa_full_predictor_data_2016-04-23.parquet",280537644
"data/africa_full_predictor_data/africa_full_predictor_data_2016-04-24.parquet",281264944
"data/africa_full_predictor_data/africa_full_predictor_data_2016-04-25.parquet",280686843
"data/africa_full_predictor_data/africa_full_predictor_data_2016-04-26.parquet",280761298
"data/africa_full_predictor_data/africa_full_predictor_data_2016-04-27.parquet",280769789
"data/africa_full_predictor_data/africa_full_predictor_data_2016-04-28.parquet",280871495
"data/africa_full_predictor_data/africa_full_predictor_data_2016-04-29.parquet",280713501
"data/africa_full_predictor_data/africa_full_predictor_data_2016-04-30.parquet",281127521
"data/africa_full_predictor_data/africa_full_predictor_data_2016-05-01.parquet",280541856
"data/africa_full_predictor_data/africa_full_predictor_data_2016-05-02.parquet",280637699
"data/africa_full_predictor_data/africa_full_predictor_data_2016-05-03.parquet",280581978
"data/africa_full_predictor_data/africa_full_predictor_data_2016-05-04.parquet",280406013
"data/africa_full_predictor_data/africa_full_predictor_data_2016-05-05.parquet",280805453
"data/africa_full_predictor_data/africa_full_predictor_data_2016-05-06.parquet",281088869
"data/africa_full_predictor_data/africa_full_predictor_data_2016-05-07.parquet",280889876
"data/africa_full_predictor_data/africa_full_predictor_data_2016-05-08.parquet",281211896
"data/africa_full_predictor_data/africa_full_predictor_data_2016-05-09.parquet",280791097
"data/africa_full_predictor_data/africa_full_predictor_data_2016-05-10.parquet",280430280
"data/africa_full_predictor_data/africa_full_predictor_data_2016-05-11.parquet",280441665
"data/africa_full_predictor_data/africa_full_predictor_data_2016-05-12.parquet",280399682
"data/africa_full_predictor_data/africa_full_predictor_data_2016-05-13.parquet",280845712
"data/africa_full_predictor_data/africa_full_predictor_data_2016-05-14.parquet",280475719
"data/africa_full_predictor_data/africa_full_predictor_data_2016-05-15.parquet",280229843
"data/africa_full_predictor_data/africa_full_predictor_data_2016-05-16.parquet",279564277
"data/africa_full_predictor_data/africa_full_predictor_data_2016-05-17.parquet",280123439
"data/africa_full_predictor_data/africa_full_predictor_data_2016-05-18.parquet",280036271
"data/africa_full_predictor_data/africa_full_predictor_data_2016-05-19.parquet",280331835
"data/africa_full_predictor_data/africa_full_predictor_data_2016-05-20.parquet",279737666
"data/africa_full_predictor_data/africa_full_predictor_data_2016-05-21.parquet",279911690
"data/africa_full_predictor_data/africa_full_predictor_data_2016-05-22.parquet",279825415
"data/africa_full_predictor_data/africa_full_predictor_data_2016-05-23.parquet",279958735
"data/africa_full_predictor_data/africa_full_predictor_data_2016-05-24.parquet",280019627
"data/africa_full_predictor_data/africa_full_predictor_data_2016-05-25.parquet",279941377
"data/africa_full_predictor_data/africa_full_predictor_data_2016-05-26.parquet",280569548
"data/africa_full_predictor_data/africa_full_predictor_data_2016-05-27.parquet",280514184
"data/africa_full_predictor_data/africa_full_predictor_data_2016-05-28.parquet",280065367
"data/africa_full_predictor_data/africa_full_predictor_data_2016-05-29.parquet",280122877
"data/africa_full_predictor_data/africa_full_predictor_data_2016-05-30.parquet",279492824
"data/africa_full_predictor_data/africa_full_predictor_data_2016-05-31.parquet",279224896
"data/africa_full_predictor_data/africa_full_predictor_data_2016-06-01.parquet",279358412
"data/africa_full_predictor_data/africa_full_predictor_data_2016-06-02.parquet",279033556
"data/africa_full_predictor_data/africa_full_predictor_data_2016-06-03.parquet",278921983
"data/africa_full_predictor_data/africa_full_predictor_data_2016-06-04.parquet",279184909
"data/africa_full_predictor_data/africa_full_predictor_data_2016-06-05.parquet",279328959
"data/africa_full_predictor_data/africa_full_predictor_data_2016-06-06.parquet",278847410
"data/africa_full_predictor_data/africa_full_predictor_data_2016-06-07.parquet",279430867
"data/africa_full_predictor_data/africa_full_predictor_data_2016-06-08.parquet",279628929
"data/africa_full_predictor_data/africa_full_predictor_data_2016-06-09.parquet",279129921
"data/africa_full_predictor_data/africa_full_predictor_data_2016-06-10.parquet",278589237
"data/africa_full_predictor_data/africa_full_predictor_data_2016-06-11.parquet",278645992
"data/africa_full_predictor_data/africa_full_predictor_data_2016-06-12.parquet",278581818
"data/africa_full_predictor_data/africa_full_predictor_data_2016-06-13.parquet",278882316
"data/africa_full_predictor_data/africa_full_predictor_data_2016-06-14.parquet",278084833
"data/africa_full_predictor_data/africa_full_predictor_data_2016-06-15.parquet",277516819
"data/africa_full_predictor_data/africa_full_predictor_data_2016-06-16.parquet",278572922
"data/africa_full_predictor_data/africa_full_predictor_data_2016-06-17.parquet",278352663
"data/africa_full_predictor_data/africa_full_predictor_data_2016-06-18.parquet",278030122
"data/africa_full_predictor_data/africa_full_predictor_data_2016-06-19.parquet",278128664
"data/africa_full_predictor_data/africa_full_predictor_data_2016-06-20.parquet",279020300
"data/africa_full_predictor_data/africa_full_predictor_data_2016-06-21.parquet",278246819
"data/africa_full_predictor_data/africa_full_predictor_data_2016-06-22.parquet",278634797
"data/africa_full_predictor_data/africa_full_predictor_data_2016-06-23.parquet",278498245
"data/africa_full_predictor_data/africa_full_predictor_data_2016-06-24.parquet",278485613
"data/africa_full_predictor_data/africa_full_predictor_data_2016-06-25.parquet",278470989
"data/africa_full_predictor_data/africa_full_predictor_data_2016-06-26.parquet",278497335
"data/africa_full_predictor_data/africa_full_predictor_data_2016-06-27.parquet",278099046
"data/africa_full_predictor_data/africa_full_predictor_data_2016-06-28.parquet",278132593
"data/africa_full_predictor_data/africa_full_predictor_data_2016-06-29.parquet",278161275
"data/africa_full_predictor_data/africa_full_predictor_data_2016-06-30.parquet",277301759
"data/africa_full_predictor_data/africa_full_predictor_data_2016-07-01.parquet",276913941
"data/africa_full_predictor_data/africa_full_predictor_data_2016-07-02.parquet",276776074
"data/africa_full_predictor_data/africa_full_predictor_data_2016-07-03.parquet",276540267
"data/africa_full_predictor_data/africa_full_predictor_data_2016-07-04.parquet",277130928
"data/africa_full_predictor_data/africa_full_predictor_data_2016-07-05.parquet",277432625
"data/africa_full_predictor_data/africa_full_predictor_data_2016-07-06.parquet",277684061
"data/africa_full_predictor_data/africa_full_predictor_data_2016-07-07.parquet",277410385
"data/africa_full_predictor_data/africa_full_predictor_data_2016-07-08.parquet",277327999
"data/africa_full_predictor_data/africa_full_predictor_data_2016-07-09.parquet",277393776
"data/africa_full_predictor_data/africa_full_predictor_data_2016-07-10.parquet",277468742
"data/africa_full_predictor_data/africa_full_predictor_data_2016-07-11.parquet",277491695
"data/africa_full_predictor_data/africa_full_predictor_data_2016-07-12.parquet",277427989
"data/africa_full_predictor_data/africa_full_predictor_data_2016-07-13.parquet",277823717
"data/africa_full_predictor_data/africa_full_predictor_data_2016-07-14.parquet",277369662
"data/africa_full_predictor_data/africa_full_predictor_data_2016-07-15.parquet",277440555
"data/africa_full_predictor_data/africa_full_predictor_data_2016-07-16.parquet",276829826
"data/africa_full_predictor_data/africa_full_predictor_data_2016-07-17.parquet",277142733
"data/africa_full_predictor_data/africa_full_predictor_data_2016-07-18.parquet",277683279
"data/africa_full_predictor_data/africa_full_predictor_data_2016-07-19.parquet",277880737
"data/africa_full_predictor_data/africa_full_predictor_data_2016-07-20.parquet",277556967
"data/africa_full_predictor_data/africa_full_predictor_data_2016-07-21.parquet",277990309
"data/africa_full_predictor_data/africa_full_predictor_data_2016-07-22.parquet",277558128
"data/africa_full_predictor_data/africa_full_predictor_data_2016-07-23.parquet",278154549
"data/africa_full_predictor_data/africa_full_predictor_data_2016-07-24.parquet",278302662
"data/africa_full_predictor_data/africa_full_predictor_data_2016-07-25.parquet",278301028
"data/africa_full_predictor_data/africa_full_predictor_data_2016-07-26.parquet",278137991
"data/africa_full_predictor_data/africa_full_predictor_data_2016-07-27.parquet",278185723
"data/africa_full_predictor_data/africa_full_predictor_data_2016-07-28.parquet",278457657
"data/africa_full_predictor_data/africa_full_predictor_data_2016-07-29.parquet",277861924
"data/africa_full_predictor_data/africa_full_predictor_data_2016-07-30.parquet",278531974
"data/africa_full_predictor_data/africa_full_predictor_data_2016-07-31.parquet",278133806
"data/africa_full_predictor_data/africa_full_predictor_data_2016-08-01.parquet",278075068
"data/africa_full_predictor_data/africa_full_predictor_data_2016-08-02.parquet",278347255
"data/africa_full_predictor_data/africa_full_predictor_data_2016-08-03.parquet",278223361
"data/africa_full_predictor_data/africa_full_predictor_data_2016-08-04.parquet",278190199
"data/africa_full_predictor_data/africa_full_predictor_data_2016-08-05.parquet",278017834
"data/africa_full_predictor_data/africa_full_predictor_data_2016-08-06.parquet",278322974
"data/africa_full_predictor_data/africa_full_predictor_data_2016-08-07.parquet",277958780
"data/africa_full_predictor_data/africa_full_predictor_data_2016-08-08.parquet",277079556
"data/africa_full_predictor_data/africa_full_predictor_data_2016-08-09.parquet",278188328
"data/africa_full_predictor_data/africa_full_predictor_data_2016-08-10.parquet",277590727
"data/africa_full_predictor_data/africa_full_predictor_data_2016-08-11.parquet",277648808
"data/africa_full_predictor_data/africa_full_predictor_data_2016-08-12.parquet",277410537
"data/africa_full_predictor_data/africa_full_predictor_data_2016-08-13.parquet",277694653
"data/africa_full_predictor_data/africa_full_predictor_data_2016-08-14.parquet",277715993
"data/africa_full_predictor_data/africa_full_predictor_data_2016-08-15.parquet",276714335
"data/africa_full_predictor_data/africa_full_predictor_data_2016-08-16.parquet",276994399
"data/africa_full_predictor_data/africa_full_predictor_data_2016-08-17.parquet",276146139
"data/africa_full_predictor_data/africa_full_predictor_data_2016-08-18.parquet",277598497
"data/africa_full_predictor_data/africa_full_predictor_data_2016-08-19.parquet",276941416
"data/africa_full_predictor_data/africa_full_predictor_data_2016-08-20.parquet",277453390
"data/africa_full_predictor_data/africa_full_predictor_data_2016-08-21.parquet",278392750
"data/africa_full_predictor_data/africa_full_predictor_data_2016-08-22.parquet",277731494
"data/africa_full_predictor_data/africa_full_predictor_data_2016-08-23.parquet",277797180
"data/africa_full_predictor_data/africa_full_predictor_data_2016-08-24.parquet",278279771
"data/africa_full_predictor_data/africa_full_predictor_data_2016-08-25.parquet",277308514
"data/africa_full_predictor_data/africa_full_predictor_data_2016-08-26.parquet",278283721
"data/africa_full_predictor_data/africa_full_predictor_data_2016-08-27.parquet",278391801
"data/africa_full_predictor_data/africa_full_predictor_data_2016-08-28.parquet",278102385
"data/africa_full_predictor_data/africa_full_predictor_data_2016-08-29.parquet",277628038
"data/africa_full_predictor_data/africa_full_predictor_data_2016-08-30.parquet",278228670
"data/africa_full_predictor_data/africa_full_predictor_data_2016-08-31.parquet",278229264
"data/africa_full_predictor_data/africa_full_predictor_data_2016-09-01.parquet",277311915
"data/africa_full_predictor_data/africa_full_predictor_data_2016-09-02.parquet",277943625
"data/africa_full_predictor_data/africa_full_predictor_data_2016-09-03.parquet",278164983
"data/africa_full_predictor_data/africa_full_predictor_data_2016-09-04.parquet",278382510
"data/africa_full_predictor_data/africa_full_predictor_data_2016-09-05.parquet",278698491
"data/africa_full_predictor_data/africa_full_predictor_data_2016-09-06.parquet",278362785
"data/africa_full_predictor_data/africa_full_predictor_data_2016-09-07.parquet",277844742
"data/africa_full_predictor_data/africa_full_predictor_data_2016-09-08.parquet",278565408
"data/africa_full_predictor_data/africa_full_predictor_data_2016-09-09.parquet",278447845
"data/africa_full_predictor_data/africa_full_predictor_data_2016-09-10.parquet",278033062
"data/africa_full_predictor_data/africa_full_predictor_data_2016-09-11.parquet",277574226
"data/africa_full_predictor_data/africa_full_predictor_data_2016-09-12.parquet",278158632
"data/africa_full_predictor_data/africa_full_predictor_data_2016-09-13.parquet",278186913
"data/africa_full_predictor_data/africa_full_predictor_data_2016-09-14.parquet",277957628
"data/africa_full_predictor_data/africa_full_predictor_data_2016-09-15.parquet",277913249
"data/africa_full_predictor_data/africa_full_predictor_data_2016-09-16.parquet",278158528
"data/africa_full_predictor_data/africa_full_predictor_data_2016-09-17.parquet",278514481
"data/africa_full_predictor_data/africa_full_predictor_data_2016-09-18.parquet",278990710
"data/africa_full_predictor_data/africa_full_predictor_data_2016-09-19.parquet",278567521
"data/africa_full_predictor_data/africa_full_predictor_data_2016-09-20.parquet",278442994
"data/africa_full_predictor_data/africa_full_predictor_data_2016-09-21.parquet",278568047
"data/africa_full_predictor_data/africa_full_predictor_data_2016-09-22.parquet",279031932
"data/africa_full_predictor_data/africa_full_predictor_data_2016-09-23.parquet",277939229
"data/africa_full_predictor_data/africa_full_predictor_data_2016-09-24.parquet",278513633
"data/africa_full_predictor_data/africa_full_predictor_data_2016-09-25.parquet",278626415
"data/africa_full_predictor_data/africa_full_predictor_data_2016-09-26.parquet",278388982
"data/africa_full_predictor_data/africa_full_predictor_data_2016-09-27.parquet",278694081
"data/africa_full_predictor_data/africa_full_predictor_data_2016-09-28.parquet",279117280
"data/africa_full_predictor_data/africa_full_predictor_data_2016-09-29.parquet",279476202
"data/africa_full_predictor_data/africa_full_predictor_data_2016-09-30.parquet",279551218
"data/africa_full_predictor_data/africa_full_predictor_data_2016-10-01.parquet",279238925
"data/africa_full_predictor_data/africa_full_predictor_data_2016-10-02.parquet",279576505
"data/africa_full_predictor_data/africa_full_predictor_data_2016-10-03.parquet",279662125
"data/africa_full_predictor_data/africa_full_predictor_data_2016-10-04.parquet",279193571
"data/africa_full_predictor_data/africa_full_predictor_data_2016-10-05.parquet",279432444
"data/africa_full_predictor_data/africa_full_predictor_data_2016-10-06.parquet",279508773
"data/africa_full_predictor_data/africa_full_predictor_data_2016-10-07.parquet",279570158
"data/africa_full_predictor_data/africa_full_predictor_data_2016-10-08.parquet",279252230
"data/africa_full_predictor_data/africa_full_predictor_data_2016-10-09.parquet",278925876
"data/africa_full_predictor_data/africa_full_predictor_data_2016-10-10.parquet",279664003
"data/africa_full_predictor_data/africa_full_predictor_data_2016-10-11.parquet",279009514
"data/africa_full_predictor_data/africa_full_predictor_data_2016-10-12.parquet",279372287
"data/africa_full_predictor_data/africa_full_predictor_data_2016-10-13.parquet",279529037
"data/africa_full_predictor_data/africa_full_predictor_data_2016-10-14.parquet",280290982
"data/africa_full_predictor_data/africa_full_predictor_data_2016-10-15.parquet",279887226
"data/africa_full_predictor_data/africa_full_predictor_data_2016-10-16.parquet",279605764
"data/africa_full_predictor_data/africa_full_predictor_data_2016-10-17.parquet",279543335
"data/africa_full_predictor_data/africa_full_predictor_data_2016-10-18.parquet",279481252
"data/africa_full_predictor_data/africa_full_predictor_data_2016-10-19.parquet",279810583
"data/africa_full_predictor_data/africa_full_predictor_data_2016-10-20.parquet",279876251
"data/africa_full_predictor_data/africa_full_predictor_data_2016-10-21.parquet",280181544
"data/africa_full_predictor_data/africa_full_predictor_data_2016-10-22.parquet",279409255
"data/africa_full_predictor_data/africa_full_predictor_data_2016-10-23.parquet",279638369
"data/africa_full_predictor_data/africa_full_predictor_data_2016-10-24.parquet",279747526
"data/africa_full_predictor_data/africa_full_predictor_data_2016-10-25.parquet",279855956
"data/africa_full_predictor_data/africa_full_predictor_data_2016-10-26.parquet",280148115
"data/africa_full_predictor_data/africa_full_predictor_data_2016-10-27.parquet",279554689
"data/africa_full_predictor_data/africa_full_predictor_data_2016-10-28.parquet",279623788
"data/africa_full_predictor_data/africa_full_predictor_data_2016-10-29.parquet",279661056
"data/africa_full_predictor_data/africa_full_predictor_data_2016-10-30.parquet",279179783
"data/africa_full_predictor_data/africa_full_predictor_data_2016-10-31.parquet",279513078
"data/africa_full_predictor_data/africa_full_predictor_data_2016-11-01.parquet",279845429
"data/africa_full_predictor_data/africa_full_predictor_data_2016-11-02.parquet",279573303
"data/africa_full_predictor_data/africa_full_predictor_data_2016-11-03.parquet",279638576
"data/africa_full_predictor_data/africa_full_predictor_data_2016-11-04.parquet",279371355
"data/africa_full_predictor_data/africa_full_predictor_data_2016-11-05.parquet",279583031
"data/africa_full_predictor_data/africa_full_predictor_data_2016-11-06.parquet",279478225
"data/africa_full_predictor_data/africa_full_predictor_data_2016-11-07.parquet",279366978
"data/africa_full_predictor_data/africa_full_predictor_data_2016-11-08.parquet",279631263
"data/africa_full_predictor_data/africa_full_predictor_data_2016-11-09.parquet",279427123
"data/africa_full_predictor_data/africa_full_predictor_data_2016-11-10.parquet",279239603
"data/africa_full_predictor_data/africa_full_predictor_data_2016-11-11.parquet",278843717
"data/africa_full_predictor_data/africa_full_predictor_data_2016-11-12.parquet",278804225
"data/africa_full_predictor_data/africa_full_predictor_data_2016-11-13.parquet",278844121
"data/africa_full_predictor_data/africa_full_predictor_data_2016-11-14.parquet",279219584
"data/africa_full_predictor_data/africa_full_predictor_data_2016-11-15.parquet",279184338
"data/africa_full_predictor_data/africa_full_predictor_data_2016-11-16.parquet",278818782
"data/africa_full_predictor_data/africa_full_predictor_data_2016-11-17.parquet",279233355
"data/africa_full_predictor_data/africa_full_predictor_data_2016-11-18.parquet",279274095
"data/africa_full_predictor_data/africa_full_predictor_data_2016-11-19.parquet",279134040
"data/africa_full_predictor_data/africa_full_predictor_data_2016-11-20.parquet",279099935
"data/africa_full_predictor_data/africa_full_predictor_data_2016-11-21.parquet",279048621
"data/africa_full_predictor_data/africa_full_predictor_data_2016-11-22.parquet",279013752
"data/africa_full_predictor_data/africa_full_predictor_data_2016-11-23.parquet",278847803
"data/africa_full_predictor_data/africa_full_predictor_data_2016-11-24.parquet",278876137
"data/africa_full_predictor_data/africa_full_predictor_data_2016-11-25.parquet",278910037
"data/africa_full_predictor_data/africa_full_predictor_data_2016-11-26.parquet",278681566
"data/africa_full_predictor_data/africa_full_predictor_data_2016-11-27.parquet",278614896
"data/africa_full_predictor_data/africa_full_predictor_data_2016-11-28.parquet",278849434
"data/africa_full_predictor_data/africa_full_predictor_data_2016-11-29.parquet",278918882
"data/africa_full_predictor_data/africa_full_predictor_data_2016-11-30.parquet",279006847
"data/africa_full_predictor_data/africa_full_predictor_data_2016-12-01.parquet",279079594
"data/africa_full_predictor_data/africa_full_predictor_data_2016-12-02.parquet",278648869
"data/africa_full_predictor_data/africa_full_predictor_data_2016-12-03.parquet",279342971
"data/africa_full_predictor_data/africa_full_predictor_data_2016-12-04.parquet",278756262
"data/africa_full_predictor_data/africa_full_predictor_data_2016-12-05.parquet",278532951
"data/africa_full_predictor_data/africa_full_predictor_data_2016-12-06.parquet",278567552
"data/africa_full_predictor_data/africa_full_predictor_data_2016-12-07.parquet",278301461
"data/africa_full_predictor_data/africa_full_predictor_data_2016-12-08.parquet",278369843
"data/africa_full_predictor_data/africa_full_predictor_data_2016-12-09.parquet",278503858
"data/africa_full_predictor_data/africa_full_predictor_data_2016-12-10.parquet",278317491
"data/africa_full_predictor_data/africa_full_predictor_data_2016-12-11.parquet",278334757
"data/africa_full_predictor_data/africa_full_predictor_data_2016-12-12.parquet",278143609
"data/africa_full_predictor_data/africa_full_predictor_data_2016-12-13.parquet",278239796
"data/africa_full_predictor_data/africa_full_predictor_data_2016-12-14.parquet",278634870
"data/africa_full_predictor_data/africa_full_predictor_data_2016-12-15.parquet",278363946
"data/africa_full_predictor_data/africa_full_predictor_data_2016-12-16.parquet",277382225
"data/africa_full_predictor_data/africa_full_predictor_data_2016-12-17.parquet",277326053
"data/africa_full_predictor_data/africa_full_predictor_data_2016-12-18.parquet",277647323
"data/africa_full_predictor_data/africa_full_predictor_data_2016-12-19.parquet",278414076
"data/africa_full_predictor_data/africa_full_predictor_data_2016-12-20.parquet",278077693
"data/africa_full_predictor_data/africa_full_predictor_data_2016-12-21.parquet",277733005
"data/africa_full_predictor_data/africa_full_predictor_data_2016-12-22.parquet",277939542
"data/africa_full_predictor_data/africa_full_predictor_data_2016-12-23.parquet",277578772
"data/africa_full_predictor_data/africa_full_predictor_data_2016-12-24.parquet",277910837
"data/africa_full_predictor_data/africa_full_predictor_data_2016-12-25.parquet",278101406
"data/africa_full_predictor_data/africa_full_predictor_data_2016-12-26.parquet",278110398
"data/africa_full_predictor_data/africa_full_predictor_data_2016-12-27.parquet",278069638
"data/africa_full_predictor_data/africa_full_predictor_data_2016-12-28.parquet",278058048
"data/africa_full_predictor_data/africa_full_predictor_data_2016-12-29.parquet",277937072
"data/africa_full_predictor_data/africa_full_predictor_data_2016-12-30.parquet",278009937
"data/africa_full_predictor_data/africa_full_predictor_data_2016-12-31.parquet",273316740
"data/africa_full_predictor_data/africa_full_predictor_data_2017-01-01.parquet",278232369
"data/africa_full_predictor_data/africa_full_predictor_data_2017-01-02.parquet",277841115
"data/africa_full_predictor_data/africa_full_predictor_data_2017-01-03.parquet",277925403
"data/africa_full_predictor_data/africa_full_predictor_data_2017-01-04.parquet",278314339
"data/africa_full_predictor_data/africa_full_predictor_data_2017-01-05.parquet",278233253
"data/africa_full_predictor_data/africa_full_predictor_data_2017-01-06.parquet",278458309
"data/africa_full_predictor_data/africa_full_predictor_data_2017-01-07.parquet",278614123
"data/africa_full_predictor_data/africa_full_predictor_data_2017-01-08.parquet",278600173
"data/africa_full_predictor_data/africa_full_predictor_data_2017-01-09.parquet",278204019
"data/africa_full_predictor_data/africa_full_predictor_data_2017-01-10.parquet",278411512
"data/africa_full_predictor_data/africa_full_predictor_data_2017-01-11.parquet",278467542
"data/africa_full_predictor_data/africa_full_predictor_data_2017-01-12.parquet",278592248
"data/africa_full_predictor_data/africa_full_predictor_data_2017-01-13.parquet",278005764
"data/africa_full_predictor_data/africa_full_predictor_data_2017-01-14.parquet",277862984
"data/africa_full_predictor_data/africa_full_predictor_data_2017-01-15.parquet",277922690
"data/africa_full_predictor_data/africa_full_predictor_data_2017-01-16.parquet",278314972
"data/africa_full_predictor_data/africa_full_predictor_data_2017-01-17.parquet",278580598
"data/africa_full_predictor_data/africa_full_predictor_data_2017-01-18.parquet",279182113
"data/africa_full_predictor_data/africa_full_predictor_data_2017-01-19.parquet",279171531
"data/africa_full_predictor_data/africa_full_predictor_data_2017-01-20.parquet",279036137
"data/africa_full_predictor_data/africa_full_predictor_data_2017-01-21.parquet",279078726
"data/africa_full_predictor_data/africa_full_predictor_data_2017-01-22.parquet",278695768
"data/africa_full_predictor_data/africa_full_predictor_data_2017-01-23.parquet",278318386
"data/africa_full_predictor_data/africa_full_predictor_data_2017-01-24.parquet",278367306
"data/africa_full_predictor_data/africa_full_predictor_data_2017-01-25.parquet",278812656
"data/africa_full_predictor_data/africa_full_predictor_data_2017-01-26.parquet",279005135
"data/africa_full_predictor_data/africa_full_predictor_data_2017-01-27.parquet",279204573
"data/africa_full_predictor_data/africa_full_predictor_data_2017-01-28.parquet",279098296
"data/africa_full_predictor_data/africa_full_predictor_data_2017-01-29.parquet",278799093
"data/africa_full_predictor_data/africa_full_predictor_data_2017-01-30.parquet",279125726
"data/africa_full_predictor_data/africa_full_predictor_data_2017-01-31.parquet",278758849
"data/africa_full_predictor_data/africa_full_predictor_data_2017-02-01.parquet",278146288
"data/africa_full_predictor_data/africa_full_predictor_data_2017-02-02.parquet",278843704
"data/africa_full_predictor_data/africa_full_predictor_data_2017-02-03.parquet",279016656
"data/africa_full_predictor_data/africa_full_predictor_data_2017-02-04.parquet",278286466
"data/africa_full_predictor_data/africa_full_predictor_data_2017-02-05.parquet",278622387
"data/africa_full_predictor_data/africa_full_predictor_data_2017-02-06.parquet",278910262
"data/africa_full_predictor_data/africa_full_predictor_data_2017-02-07.parquet",279480371
"data/africa_full_predictor_data/africa_full_predictor_data_2017-02-08.parquet",278414879
"data/africa_full_predictor_data/africa_full_predictor_data_2017-02-09.parquet",278816109
"data/africa_full_predictor_data/africa_full_predictor_data_2017-02-10.parquet",278706945
"data/africa_full_predictor_data/africa_full_predictor_data_2017-02-11.parquet",278736628
"data/africa_full_predictor_data/africa_full_predictor_data_2017-02-12.parquet",279094316
"data/africa_full_predictor_data/africa_full_predictor_data_2017-02-13.parquet",279346516
"data/africa_full_predictor_data/africa_full_predictor_data_2017-02-14.parquet",279185882
"data/africa_full_predictor_data/africa_full_predictor_data_2017-02-15.parquet",279453170
"data/africa_full_predictor_data/africa_full_predictor_data_2017-02-16.parquet",279524888
"data/africa_full_predictor_data/africa_full_predictor_data_2017-02-17.parquet",279670354
"data/africa_full_predictor_data/africa_full_predictor_data_2017-02-18.parquet",279374204
"data/africa_full_predictor_data/africa_full_predictor_data_2017-02-19.parquet",279644792
"data/africa_full_predictor_data/africa_full_predictor_data_2017-02-20.parquet",279360507
"data/africa_full_predictor_data/africa_full_predictor_data_2017-02-21.parquet",279205856
"data/africa_full_predictor_data/africa_full_predictor_data_2017-02-22.parquet",279209905
"data/africa_full_predictor_data/africa_full_predictor_data_2017-02-23.parquet",279437110
"data/africa_full_predictor_data/africa_full_predictor_data_2017-02-24.parquet",280329395
"data/africa_full_predictor_data/africa_full_predictor_data_2017-02-25.parquet",279245726
"data/africa_full_predictor_data/africa_full_predictor_data_2017-02-26.parquet",278972903
"data/africa_full_predictor_data/africa_full_predictor_data_2017-02-27.parquet",278773766
"data/africa_full_predictor_data/africa_full_predictor_data_2017-02-28.parquet",279183997
"data/africa_full_predictor_data/africa_full_predictor_data_2017-03-01.parquet",279450221
"data/africa_full_predictor_data/africa_full_predictor_data_2017-03-02.parquet",278331716
"data/africa_full_predictor_data/africa_full_predictor_data_2017-03-03.parquet",278862244
"data/africa_full_predictor_data/africa_full_predictor_data_2017-03-04.parquet",278824027
"data/africa_full_predictor_data/africa_full_predictor_data_2017-03-05.parquet",279154196
"data/africa_full_predictor_data/africa_full_predictor_data_2017-03-06.parquet",279024987
"data/africa_full_predictor_data/africa_full_predictor_data_2017-03-07.parquet",279072361
"data/africa_full_predictor_data/africa_full_predictor_data_2017-03-08.parquet",279076126
"data/africa_full_predictor_data/africa_full_predictor_data_2017-03-09.parquet",279351694
"data/africa_full_predictor_data/africa_full_predictor_data_2017-03-10.parquet",279371559
"data/africa_full_predictor_data/africa_full_predictor_data_2017-03-11.parquet",279556577
"data/africa_full_predictor_data/africa_full_predictor_data_2017-03-12.parquet",279530105
"data/africa_full_predictor_data/africa_full_predictor_data_2017-03-13.parquet",279450360
"data/africa_full_predictor_data/africa_full_predictor_data_2017-03-14.parquet",279437006
"data/africa_full_predictor_data/africa_full_predictor_data_2017-03-15.parquet",279354747
"data/africa_full_predictor_data/africa_full_predictor_data_2017-03-16.parquet",279719470
"data/africa_full_predictor_data/africa_full_predictor_data_2017-03-17.parquet",279397299
"data/africa_full_predictor_data/africa_full_predictor_data_2017-03-18.parquet",279734450
"data/africa_full_predictor_data/africa_full_predictor_data_2017-03-19.parquet",280468838
"data/africa_full_predictor_data/africa_full_predictor_data_2017-03-20.parquet",280064960
"data/africa_full_predictor_data/africa_full_predictor_data_2017-03-21.parquet",279800684
"data/africa_full_predictor_data/africa_full_predictor_data_2017-03-22.parquet",279926153
"data/africa_full_predictor_data/africa_full_predictor_data_2017-03-23.parquet",279668455
"data/africa_full_predictor_data/africa_full_predictor_data_2017-03-24.parquet",279862640
"data/africa_full_predictor_data/africa_full_predictor_data_2017-03-25.parquet",279941440
"data/africa_full_predictor_data/africa_full_predictor_data_2017-03-26.parquet",279922549
"data/africa_full_predictor_data/africa_full_predictor_data_2017-03-27.parquet",279679493
"data/africa_full_predictor_data/africa_full_predictor_data_2017-03-28.parquet",280328123
"data/africa_full_predictor_data/africa_full_predictor_data_2017-03-29.parquet",280084323
"data/africa_full_predictor_data/africa_full_predictor_data_2017-03-30.parquet",280115658
"data/africa_full_predictor_data/africa_full_predictor_data_2017-03-31.parquet",280030179
"data/africa_full_predictor_data/africa_full_predictor_data_2017-04-01.parquet",279667812
"data/africa_full_predictor_data/africa_full_predictor_data_2017-04-02.parquet",279320959
"data/africa_full_predictor_data/africa_full_predictor_data_2017-04-03.parquet",279446322
"data/africa_full_predictor_data/africa_full_predictor_data_2017-04-04.parquet",279743917
"data/africa_full_predictor_data/africa_full_predictor_data_2017-04-05.parquet",280020811
"data/africa_full_predictor_data/africa_full_predictor_data_2017-04-06.parquet",279913585
"data/africa_full_predictor_data/africa_full_predictor_data_2017-04-07.parquet",280092741
"data/africa_full_predictor_data/africa_full_predictor_data_2017-04-08.parquet",280247881
"data/africa_full_predictor_data/africa_full_predictor_data_2017-04-09.parquet",279796377
"data/africa_full_predictor_data/africa_full_predictor_data_2017-04-10.parquet",280653040
"data/africa_full_predictor_data/africa_full_predictor_data_2017-04-11.parquet",280411913
"data/africa_full_predictor_data/africa_full_predictor_data_2017-04-12.parquet",280652640
"data/africa_full_predictor_data/africa_full_predictor_data_2017-04-13.parquet",280588905
"data/africa_full_predictor_data/africa_full_predictor_data_2017-04-14.parquet",280750100
"data/africa_full_predictor_data/africa_full_predictor_data_2017-04-15.parquet",280957644
"data/africa_full_predictor_data/africa_full_predictor_data_2017-04-16.parquet",280540927
"data/africa_full_predictor_data/africa_full_predictor_data_2017-04-17.parquet",280134207
"data/africa_full_predictor_data/africa_full_predictor_data_2017-04-18.parquet",280791152
"data/africa_full_predictor_data/africa_full_predictor_data_2017-04-19.parquet",280233782
"data/africa_full_predictor_data/africa_full_predictor_data_2017-04-20.parquet",280148947
"data/africa_full_predictor_data/africa_full_predictor_data_2017-04-21.parquet",280248994
"data/africa_full_predictor_data/africa_full_predictor_data_2017-04-22.parquet",280533976
"data/africa_full_predictor_data/africa_full_predictor_data_2017-04-23.parquet",280611817
"data/africa_full_predictor_data/africa_full_predictor_data_2017-04-24.parquet",280775582
"data/africa_full_predictor_data/africa_full_predictor_data_2017-04-25.parquet",280823899
"data/africa_full_predictor_data/africa_full_predictor_data_2017-04-26.parquet",280748377
"data/africa_full_predictor_data/africa_full_predictor_data_2017-04-27.parquet",280987668
"data/africa_full_predictor_data/africa_full_predictor_data_2017-04-28.parquet",280596996
"data/africa_full_predictor_data/africa_full_predictor_data_2017-04-29.parquet",280801182
"data/africa_full_predictor_data/africa_full_predictor_data_2017-04-30.parquet",281011062
"data/africa_full_predictor_data/africa_full_predictor_data_2017-05-01.parquet",280853657
"data/africa_full_predictor_data/africa_full_predictor_data_2017-05-02.parquet",280651467
"data/africa_full_predictor_data/africa_full_predictor_data_2017-05-03.parquet",280542197
"data/africa_full_predictor_data/africa_full_predictor_data_2017-05-04.parquet",280617493
"data/africa_full_predictor_data/africa_full_predictor_data_2017-05-05.parquet",280332250
"data/africa_full_predictor_data/africa_full_predictor_data_2017-05-06.parquet",280698922
"data/africa_full_predictor_data/africa_full_predictor_data_2017-05-07.parquet",280736222
"data/africa_full_predictor_data/africa_full_predictor_data_2017-05-08.parquet",280648508
"data/africa_full_predictor_data/africa_full_predictor_data_2017-05-09.parquet",280676807
"data/africa_full_predictor_data/africa_full_predictor_data_2017-05-10.parquet",281047704
"data/africa_full_predictor_data/africa_full_predictor_data_2017-05-11.parquet",280368292
"data/africa_full_predictor_data/africa_full_predictor_data_2017-05-12.parquet",280413405
"data/africa_full_predictor_data/africa_full_predictor_data_2017-05-13.parquet",280323929
"data/africa_full_predictor_data/africa_full_predictor_data_2017-05-14.parquet",280509747
"data/africa_full_predictor_data/africa_full_predictor_data_2017-05-15.parquet",280391398
"data/africa_full_predictor_data/africa_full_predictor_data_2017-05-16.parquet",280284082
"data/africa_full_predictor_data/africa_full_predictor_data_2017-05-17.parquet",280527302
"data/africa_full_predictor_data/africa_full_predictor_data_2017-05-18.parquet",280207155
"data/africa_full_predictor_data/africa_full_predictor_data_2017-05-19.parquet",280139695
"data/africa_full_predictor_data/africa_full_predictor_data_2017-05-20.parquet",280292506
"data/africa_full_predictor_data/africa_full_predictor_data_2017-05-21.parquet",279922618
"data/africa_full_predictor_data/africa_full_predictor_data_2017-05-22.parquet",280036890
"data/africa_full_predictor_data/africa_full_predictor_data_2017-05-23.parquet",279725354
"data/africa_full_predictor_data/africa_full_predictor_data_2017-05-24.parquet",279979029
"data/africa_full_predictor_data/africa_full_predictor_data_2017-05-25.parquet",279991569
"data/africa_full_predictor_data/africa_full_predictor_data_2017-05-26.parquet",279744542
"data/africa_full_predictor_data/africa_full_predictor_data_2017-05-27.parquet",280316559
"data/africa_full_predictor_data/africa_full_predictor_data_2017-05-28.parquet",280495265
"data/africa_full_predictor_data/africa_full_predictor_data_2017-05-29.parquet",279917504
"data/africa_full_predictor_data/africa_full_predictor_data_2017-05-30.parquet",280168427
"data/africa_full_predictor_data/africa_full_predictor_data_2017-05-31.parquet",279767304
"data/africa_full_predictor_data/africa_full_predictor_data_2017-06-01.parquet",279476644
"data/africa_full_predictor_data/africa_full_predictor_data_2017-06-02.parquet",279711710
"data/africa_full_predictor_data/africa_full_predictor_data_2017-06-03.parquet",279298785
"data/africa_full_predictor_data/africa_full_predictor_data_2017-06-04.parquet",279016739
"data/africa_full_predictor_data/africa_full_predictor_data_2017-06-05.parquet",279153472
"data/africa_full_predictor_data/africa_full_predictor_data_2017-06-06.parquet",279208009
"data/africa_full_predictor_data/africa_full_predictor_data_2017-06-07.parquet",279523583
"data/africa_full_predictor_data/africa_full_predictor_data_2017-06-08.parquet",279410997
"data/africa_full_predictor_data/africa_full_predictor_data_2017-06-09.parquet",279033957
"data/africa_full_predictor_data/africa_full_predictor_data_2017-06-10.parquet",279051476
"data/africa_full_predictor_data/africa_full_predictor_data_2017-06-11.parquet",278638732
"data/africa_full_predictor_data/africa_full_predictor_data_2017-06-12.parquet",278561388
"data/africa_full_predictor_data/africa_full_predictor_data_2017-06-13.parquet",278327207
"data/africa_full_predictor_data/africa_full_predictor_data_2017-06-14.parquet",278759970
"data/africa_full_predictor_data/africa_full_predictor_data_2017-06-15.parquet",277901179
"data/africa_full_predictor_data/africa_full_predictor_data_2017-06-16.parquet",277795636
"data/africa_full_predictor_data/africa_full_predictor_data_2017-06-17.parquet",278474439
"data/africa_full_predictor_data/africa_full_predictor_data_2017-06-18.parquet",279031114
"data/africa_full_predictor_data/africa_full_predictor_data_2017-06-19.parquet",278310192
"data/africa_full_predictor_data/africa_full_predictor_data_2017-06-20.parquet",278327810
"data/africa_full_predictor_data/africa_full_predictor_data_2017-06-21.parquet",278808814
"data/africa_full_predictor_data/africa_full_predictor_data_2017-06-22.parquet",278337091
"data/africa_full_predictor_data/africa_full_predictor_data_2017-06-23.parquet",278305947
"data/africa_full_predictor_data/africa_full_predictor_data_2017-06-24.parquet",278364675
"data/africa_full_predictor_data/africa_full_predictor_data_2017-06-25.parquet",278322831
"data/africa_full_predictor_data/africa_full_predictor_data_2017-06-26.parquet",278375311
"data/africa_full_predictor_data/africa_full_predictor_data_2017-06-27.parquet",277988563
"data/africa_full_predictor_data/africa_full_predictor_data_2017-06-28.parquet",278059779
"data/africa_full_predictor_data/africa_full_predictor_data_2017-06-29.parquet",278135425
"data/africa_full_predictor_data/africa_full_predictor_data_2017-06-30.parquet",278248522
"data/africa_full_predictor_data/africa_full_predictor_data_2017-07-01.parquet",277326244
"data/africa_full_predictor_data/africa_full_predictor_data_2017-07-02.parquet",277604372
"data/africa_full_predictor_data/africa_full_predictor_data_2017-07-03.parquet",276943689
"data/africa_full_predictor_data/africa_full_predictor_data_2017-07-04.parquet",276985559
"data/africa_full_predictor_data/africa_full_predictor_data_2017-07-05.parquet",277353352
"data/africa_full_predictor_data/africa_full_predictor_data_2017-07-06.parquet",277070293
"data/africa_full_predictor_data/africa_full_predictor_data_2017-07-07.parquet",277833118
"data/africa_full_predictor_data/africa_full_predictor_data_2017-07-08.parquet",277521019
"data/africa_full_predictor_data/africa_full_predictor_data_2017-07-09.parquet",277700717
"data/africa_full_predictor_data/africa_full_predictor_data_2017-07-10.parquet",277860003
"data/africa_full_predictor_data/africa_full_predictor_data_2017-07-11.parquet",277766193
"data/africa_full_predictor_data/africa_full_predictor_data_2017-07-12.parquet",277602207
"data/africa_full_predictor_data/africa_full_predictor_data_2017-07-13.parquet",277663554
"data/africa_full_predictor_data/africa_full_predictor_data_2017-07-14.parquet",277482565
"data/africa_full_predictor_data/africa_full_predictor_data_2017-07-15.parquet",277332929
"data/africa_full_predictor_data/africa_full_predictor_data_2017-07-16.parquet",277975331
"data/africa_full_predictor_data/africa_full_predictor_data_2017-07-17.parquet",277357958
"data/africa_full_predictor_data/africa_full_predictor_data_2017-07-18.parquet",277488290
"data/africa_full_predictor_data/africa_full_predictor_data_2017-07-19.parquet",277440288
"data/africa_full_predictor_data/africa_full_predictor_data_2017-07-20.parquet",277714402
"data/africa_full_predictor_data/africa_full_predictor_data_2017-07-21.parquet",277713931
"data/africa_full_predictor_data/africa_full_predictor_data_2017-07-22.parquet",277809356
"data/africa_full_predictor_data/africa_full_predictor_data_2017-07-23.parquet",277889935
"data/africa_full_predictor_data/africa_full_predictor_data_2017-07-24.parquet",277941467
"data/africa_full_predictor_data/africa_full_predictor_data_2017-07-25.parquet",278183571
"data/africa_full_predictor_data/africa_full_predictor_data_2017-07-26.parquet",278037200
"data/africa_full_predictor_data/africa_full_predictor_data_2017-07-27.parquet",277942312
"data/africa_full_predictor_data/africa_full_predictor_data_2017-07-28.parquet",277978437
"data/africa_full_predictor_data/africa_full_predictor_data_2017-07-29.parquet",278160130
"data/africa_full_predictor_data/africa_full_predictor_data_2017-07-30.parquet",278071157
"data/africa_full_predictor_data/africa_full_predictor_data_2017-07-31.parquet",278222022
"data/africa_full_predictor_data/africa_full_predictor_data_2017-08-01.parquet",278174084
"data/africa_full_predictor_data/africa_full_predictor_data_2017-08-02.parquet",277858501
"data/africa_full_predictor_data/africa_full_predictor_data_2017-08-03.parquet",278708081
"data/africa_full_predictor_data/africa_full_predictor_data_2017-08-04.parquet",278060513
"data/africa_full_predictor_data/africa_full_predictor_data_2017-08-05.parquet",278839304
"data/africa_full_predictor_data/africa_full_predictor_data_2017-08-06.parquet",278235436
"data/africa_full_predictor_data/africa_full_predictor_data_2017-08-07.parquet",278345954
"data/africa_full_predictor_data/africa_full_predictor_data_2017-08-08.parquet",278765216
"data/africa_full_predictor_data/africa_full_predictor_data_2017-08-09.parquet",277791264
"data/africa_full_predictor_data/africa_full_predictor_data_2017-08-10.parquet",277943332
"data/africa_full_predictor_data/africa_full_predictor_data_2017-08-11.parquet",277495657
"data/africa_full_predictor_data/africa_full_predictor_data_2017-08-12.parquet",277335731
"data/africa_full_predictor_data/africa_full_predictor_data_2017-08-13.parquet",277411003
"data/africa_full_predictor_data/africa_full_predictor_data_2017-08-14.parquet",277614078
"data/africa_full_predictor_data/africa_full_predictor_data_2017-08-15.parquet",277790523
"data/africa_full_predictor_data/africa_full_predictor_data_2017-08-16.parquet",277763022
"data/africa_full_predictor_data/africa_full_predictor_data_2017-08-17.parquet",277813030
"data/africa_full_predictor_data/africa_full_predictor_data_2017-08-18.parquet",277731628
"data/africa_full_predictor_data/africa_full_predictor_data_2017-08-19.parquet",277988787
"data/africa_full_predictor_data/africa_full_predictor_data_2017-08-20.parquet",277584627
"data/africa_full_predictor_data/africa_full_predictor_data_2017-08-21.parquet",278115549
"data/africa_full_predictor_data/africa_full_predictor_data_2017-08-22.parquet",277823328
"data/africa_full_predictor_data/africa_full_predictor_data_2017-08-23.parquet",278210846
"data/africa_full_predictor_data/africa_full_predictor_data_2017-08-24.parquet",278399637
"data/africa_full_predictor_data/africa_full_predictor_data_2017-08-25.parquet",278262654
"data/africa_full_predictor_data/africa_full_predictor_data_2017-08-26.parquet",277997207
"data/africa_full_predictor_data/africa_full_predictor_data_2017-08-27.parquet",278277218
"data/africa_full_predictor_data/africa_full_predictor_data_2017-08-28.parquet",278499121
"data/africa_full_predictor_data/africa_full_predictor_data_2017-08-29.parquet",278351594
"data/africa_full_predictor_data/africa_full_predictor_data_2017-08-30.parquet",278298475
"data/africa_full_predictor_data/africa_full_predictor_data_2017-08-31.parquet",278172909
"data/africa_full_predictor_data/africa_full_predictor_data_2017-09-01.parquet",278411516
"data/africa_full_predictor_data/africa_full_predictor_data_2017-09-02.parquet",277980361
"data/africa_full_predictor_data/africa_full_predictor_data_2017-09-03.parquet",277789676
"data/africa_full_predictor_data/africa_full_predictor_data_2017-09-04.parquet",278200232
"data/africa_full_predictor_data/africa_full_predictor_data_2017-09-05.parquet",278408834
"data/africa_full_predictor_data/africa_full_predictor_data_2017-09-06.parquet",278527044
"data/africa_full_predictor_data/africa_full_predictor_data_2017-09-07.parquet",278333911
"data/africa_full_predictor_data/africa_full_predictor_data_2017-09-08.parquet",278101690
"data/africa_full_predictor_data/africa_full_predictor_data_2017-09-09.parquet",278349601
"data/africa_full_predictor_data/africa_full_predictor_data_2017-09-10.parquet",278034422
"data/africa_full_predictor_data/africa_full_predictor_data_2017-09-11.parquet",278436734
"data/africa_full_predictor_data/africa_full_predictor_data_2017-09-12.parquet",278286878
"data/africa_full_predictor_data/africa_full_predictor_data_2017-09-13.parquet",278320627
"data/africa_full_predictor_data/africa_full_predictor_data_2017-09-14.parquet",277855994
"data/africa_full_predictor_data/africa_full_predictor_data_2017-09-15.parquet",278016371
"data/africa_full_predictor_data/africa_full_predictor_data_2017-09-16.parquet",277823680
"data/africa_full_predictor_data/africa_full_predictor_data_2017-09-17.parquet",277935576
"data/africa_full_predictor_data/africa_full_predictor_data_2017-09-18.parquet",278899695
"data/africa_full_predictor_data/africa_full_predictor_data_2017-09-19.parquet",278886425
"data/africa_full_predictor_data/africa_full_predictor_data_2017-09-20.parquet",278236701
"data/africa_full_predictor_data/africa_full_predictor_data_2017-09-21.parquet",278642395
"data/africa_full_predictor_data/africa_full_predictor_data_2017-09-22.parquet",278867690
"data/africa_full_predictor_data/africa_full_predictor_data_2017-09-23.parquet",278746273
"data/africa_full_predictor_data/africa_full_predictor_data_2017-09-24.parquet",278316164
"data/africa_full_predictor_data/africa_full_predictor_data_2017-09-25.parquet",278719896
"data/africa_full_predictor_data/africa_full_predictor_data_2017-09-26.parquet",278536822
"data/africa_full_predictor_data/africa_full_predictor_data_2017-09-27.parquet",278762787
"data/africa_full_predictor_data/africa_full_predictor_data_2017-09-28.parquet",278918652
"data/africa_full_predictor_data/africa_full_predictor_data_2017-09-29.parquet",278726711
"data/africa_full_predictor_data/africa_full_predictor_data_2017-09-30.parquet",279226083
"data/africa_full_predictor_data/africa_full_predictor_data_2017-10-01.parquet",279405424
"data/africa_full_predictor_data/africa_full_predictor_data_2017-10-02.parquet",279373533
"data/africa_full_predictor_data/africa_full_predictor_data_2017-10-03.parquet",279362560
"data/africa_full_predictor_data/africa_full_predictor_data_2017-10-04.parquet",279583767
"data/africa_full_predictor_data/africa_full_predictor_data_2017-10-05.parquet",279470692
"data/africa_full_predictor_data/africa_full_predictor_data_2017-10-06.parquet",279265856
"data/africa_full_predictor_data/africa_full_predictor_data_2017-10-07.parquet",279621832
"data/africa_full_predictor_data/africa_full_predictor_data_2017-10-08.parquet",279570974
"data/africa_full_predictor_data/africa_full_predictor_data_2017-10-09.parquet",279558095
"data/africa_full_predictor_data/africa_full_predictor_data_2017-10-10.parquet",279767569
"data/africa_full_predictor_data/africa_full_predictor_data_2017-10-11.parquet",280171423
"data/africa_full_predictor_data/africa_full_predictor_data_2017-10-12.parquet",279709183
"data/africa_full_predictor_data/africa_full_predictor_data_2017-10-13.parquet",279273275
"data/africa_full_predictor_data/africa_full_predictor_data_2017-10-14.parquet",279793748
"data/africa_full_predictor_data/africa_full_predictor_data_2017-10-15.parquet",279934402
"data/africa_full_predictor_data/africa_full_predictor_data_2017-10-16.parquet",280131198
"data/africa_full_predictor_data/africa_full_predictor_data_2017-10-17.parquet",279983898
"data/africa_full_predictor_data/africa_full_predictor_data_2017-10-18.parquet",280070356
"data/africa_full_predictor_data/africa_full_predictor_data_2017-10-19.parquet",279761617
"data/africa_full_predictor_data/africa_full_predictor_data_2017-10-20.parquet",280014439
"data/africa_full_predictor_data/africa_full_predictor_data_2017-10-21.parquet",280002745
"data/africa_full_predictor_data/africa_full_predictor_data_2017-10-22.parquet",279910389
"data/africa_full_predictor_data/africa_full_predictor_data_2017-10-23.parquet",279531811
"data/africa_full_predictor_data/africa_full_predictor_data_2017-10-24.parquet",279881952
"data/africa_full_predictor_data/africa_full_predictor_data_2017-10-25.parquet",279842992
"data/africa_full_predictor_data/africa_full_predictor_data_2017-10-26.parquet",280038435
"data/africa_full_predictor_data/africa_full_predictor_data_2017-10-27.parquet",280097993
"data/africa_full_predictor_data/africa_full_predictor_data_2017-10-28.parquet",280050298
"data/africa_full_predictor_data/africa_full_predictor_data_2017-10-29.parquet",280146247
"data/africa_full_predictor_data/africa_full_predictor_data_2017-10-30.parquet",280044423
"data/africa_full_predictor_data/africa_full_predictor_data_2017-10-31.parquet",279595468
"data/africa_full_predictor_data/africa_full_predictor_data_2017-11-01.parquet",279597878
"data/africa_full_predictor_data/africa_full_predictor_data_2017-11-02.parquet",279569785
"data/africa_full_predictor_data/africa_full_predictor_data_2017-11-03.parquet",279663873
"data/africa_full_predictor_data/africa_full_predictor_data_2017-11-04.parquet",279720658
"data/africa_full_predictor_data/africa_full_predictor_data_2017-11-05.parquet",279603352
"data/africa_full_predictor_data/africa_full_predictor_data_2017-11-06.parquet",279400953
"data/africa_full_predictor_data/africa_full_predictor_data_2017-11-07.parquet",279414944
"data/africa_full_predictor_data/africa_full_predictor_data_2017-11-08.parquet",279506381
"data/africa_full_predictor_data/africa_full_predictor_data_2017-11-09.parquet",278847805
"data/africa_full_predictor_data/africa_full_predictor_data_2017-11-10.parquet",279524141
"data/africa_full_predictor_data/africa_full_predictor_data_2017-11-11.parquet",279184954
"data/africa_full_predictor_data/africa_full_predictor_data_2017-11-12.parquet",278703516
"data/africa_full_predictor_data/africa_full_predictor_data_2017-11-13.parquet",278778501
"data/africa_full_predictor_data/africa_full_predictor_data_2017-11-14.parquet",278922725
"data/africa_full_predictor_data/africa_full_predictor_data_2017-11-15.parquet",279083900
"data/africa_full_predictor_data/africa_full_predictor_data_2017-11-16.parquet",278844157
"data/africa_full_predictor_data/africa_full_predictor_data_2017-11-17.parquet",278537280
"data/africa_full_predictor_data/africa_full_predictor_data_2017-11-18.parquet",278777025
"data/africa_full_predictor_data/africa_full_predictor_data_2017-11-19.parquet",279288102
"data/africa_full_predictor_data/africa_full_predictor_data_2017-11-20.parquet",279112385
"data/africa_full_predictor_data/africa_full_predictor_data_2017-11-21.parquet",279487266
"data/africa_full_predictor_data/africa_full_predictor_data_2017-11-22.parquet",278926771
"data/africa_full_predictor_data/africa_full_predictor_data_2017-11-23.parquet",278703515
"data/africa_full_predictor_data/africa_full_predictor_data_2017-11-24.parquet",278554715
"data/africa_full_predictor_data/africa_full_predictor_data_2017-11-25.parquet",278397538
"data/africa_full_predictor_data/africa_full_predictor_data_2017-11-26.parquet",278987145
"data/africa_full_predictor_data/africa_full_predictor_data_2017-11-27.parquet",278309226
"data/africa_full_predictor_data/africa_full_predictor_data_2017-11-28.parquet",278502106
"data/africa_full_predictor_data/africa_full_predictor_data_2017-11-29.parquet",278365825
"data/africa_full_predictor_data/africa_full_predictor_data_2017-11-30.parquet",278457237
"data/africa_full_predictor_data/africa_full_predictor_data_2017-12-01.parquet",278468066
"data/africa_full_predictor_data/africa_full_predictor_data_2017-12-02.parquet",278432295
"data/africa_full_predictor_data/africa_full_predictor_data_2017-12-03.parquet",278248115
"data/africa_full_predictor_data/africa_full_predictor_data_2017-12-04.parquet",278745671
"data/africa_full_predictor_data/africa_full_predictor_data_2017-12-05.parquet",279055051
"data/africa_full_predictor_data/africa_full_predictor_data_2017-12-06.parquet",278233835
"data/africa_full_predictor_data/africa_full_predictor_data_2017-12-07.parquet",278286166
"data/africa_full_predictor_data/africa_full_predictor_data_2017-12-08.parquet",278217354
"data/africa_full_predictor_data/africa_full_predictor_data_2017-12-09.parquet",277968022
"data/africa_full_predictor_data/africa_full_predictor_data_2017-12-10.parquet",278533901
"data/africa_full_predictor_data/africa_full_predictor_data_2017-12-11.parquet",278138366
"data/africa_full_predictor_data/africa_full_predictor_data_2017-12-12.parquet",277879970
"data/africa_full_predictor_data/africa_full_predictor_data_2017-12-13.parquet",277734035
"data/africa_full_predictor_data/africa_full_predictor_data_2017-12-14.parquet",278090001
"data/africa_full_predictor_data/africa_full_predictor_data_2017-12-15.parquet",278220441
"data/africa_full_predictor_data/africa_full_predictor_data_2017-12-16.parquet",277700848
"data/africa_full_predictor_data/africa_full_predictor_data_2017-12-17.parquet",277412787
"data/africa_full_predictor_data/africa_full_predictor_data_2017-12-18.parquet",277241551
"data/africa_full_predictor_data/africa_full_predictor_data_2017-12-19.parquet",277569626
"data/africa_full_predictor_data/africa_full_predictor_data_2017-12-20.parquet",278525023
"data/africa_full_predictor_data/africa_full_predictor_data_2017-12-21.parquet",277724559
"data/africa_full_predictor_data/africa_full_predictor_data_2017-12-22.parquet",277788591
"data/africa_full_predictor_data/africa_full_predictor_data_2017-12-23.parquet",277877419
"data/africa_full_predictor_data/africa_full_predictor_data_2017-12-24.parquet",277578949
"data/africa_full_predictor_data/africa_full_predictor_data_2017-12-25.parquet",277618385
"data/africa_full_predictor_data/africa_full_predictor_data_2017-12-26.parquet",277417233
"data/africa_full_predictor_data/africa_full_predictor_data_2017-12-27.parquet",277698409
"data/africa_full_predictor_data/africa_full_predictor_data_2017-12-28.parquet",277794538
"data/africa_full_predictor_data/africa_full_predictor_data_2017-12-29.parquet",277770904
"data/africa_full_predictor_data/africa_full_predictor_data_2017-12-30.parquet",277586865
"data/africa_full_predictor_data/africa_full_predictor_data_2017-12-31.parquet",277777707
"data/africa_full_predictor_data/africa_full_predictor_data_2018-01-01.parquet",278265027
"data/africa_full_predictor_data/africa_full_predictor_data_2018-01-02.parquet",277872118
"data/africa_full_predictor_data/africa_full_predictor_data_2018-01-03.parquet",277631299
"data/africa_full_predictor_data/africa_full_predictor_data_2018-01-04.parquet",278191182
"data/africa_full_predictor_data/africa_full_predictor_data_2018-01-05.parquet",278134746
"data/africa_full_predictor_data/africa_full_predictor_data_2018-01-06.parquet",278357417
"data/africa_full_predictor_data/africa_full_predictor_data_2018-01-07.parquet",278427822
"data/africa_full_predictor_data/africa_full_predictor_data_2018-01-08.parquet",278372324
"data/africa_full_predictor_data/africa_full_predictor_data_2018-01-09.parquet",277601188
"data/africa_full_predictor_data/africa_full_predictor_data_2018-01-10.parquet",277978950
"data/africa_full_predictor_data/africa_full_predictor_data_2018-01-11.parquet",278196147
"data/africa_full_predictor_data/africa_full_predictor_data_2018-01-12.parquet",278293260
"data/africa_full_predictor_data/africa_full_predictor_data_2018-01-13.parquet",277209413
"data/africa_full_predictor_data/africa_full_predictor_data_2018-01-14.parquet",277627072
"data/africa_full_predictor_data/africa_full_predictor_data_2018-01-15.parquet",278049420
"data/africa_full_predictor_data/africa_full_predictor_data_2018-01-16.parquet",278075205
"data/africa_full_predictor_data/africa_full_predictor_data_2018-01-17.parquet",278385926
"data/africa_full_predictor_data/africa_full_predictor_data_2018-01-18.parquet",278837000
"data/africa_full_predictor_data/africa_full_predictor_data_2018-01-19.parquet",278557819
"data/africa_full_predictor_data/africa_full_predictor_data_2018-01-20.parquet",278740379
"data/africa_full_predictor_data/africa_full_predictor_data_2018-01-21.parquet",278737777
"data/africa_full_predictor_data/africa_full_predictor_data_2018-01-22.parquet",278394831
"data/africa_full_predictor_data/africa_full_predictor_data_2018-01-23.parquet",278127144
"data/africa_full_predictor_data/africa_full_predictor_data_2018-01-24.parquet",278613936
"data/africa_full_predictor_data/africa_full_predictor_data_2018-01-25.parquet",278444623
"data/africa_full_predictor_data/africa_full_predictor_data_2018-01-26.parquet",278815698
"data/africa_full_predictor_data/africa_full_predictor_data_2018-01-27.parquet",279112436
"data/africa_full_predictor_data/africa_full_predictor_data_2018-01-28.parquet",278898644
"data/africa_full_predictor_data/africa_full_predictor_data_2018-01-29.parquet",278616997
"data/africa_full_predictor_data/africa_full_predictor_data_2018-01-30.parquet",278584541
"data/africa_full_predictor_data/africa_full_predictor_data_2018-01-31.parquet",277427509
"data/africa_full_predictor_data/africa_full_predictor_data_2018-02-01.parquet",278557831
"data/africa_full_predictor_data/africa_full_predictor_data_2018-02-02.parquet",278807377
"data/africa_full_predictor_data/africa_full_predictor_data_2018-02-03.parquet",279038782
"data/africa_full_predictor_data/africa_full_predictor_data_2018-02-04.parquet",278531964
"data/africa_full_predictor_data/africa_full_predictor_data_2018-02-05.parquet",278905828
"data/africa_full_predictor_data/africa_full_predictor_data_2018-02-06.parquet",279145383
"data/africa_full_predictor_data/africa_full_predictor_data_2018-02-07.parquet",279329790
"data/africa_full_predictor_data/africa_full_predictor_data_2018-02-08.parquet",279023103
"data/africa_full_predictor_data/africa_full_predictor_data_2018-02-09.parquet",279068851
"data/africa_full_predictor_data/africa_full_predictor_data_2018-02-10.parquet",279098867
"data/africa_full_predictor_data/africa_full_predictor_data_2018-02-11.parquet",279154679
"data/africa_full_predictor_data/africa_full_predictor_data_2018-02-12.parquet",279537269
"data/africa_full_predictor_data/africa_full_predictor_data_2018-02-13.parquet",279134748
"data/africa_full_predictor_data/africa_full_predictor_data_2018-02-14.parquet",278980158
"data/africa_full_predictor_data/africa_full_predictor_data_2018-02-15.parquet",279250807
"data/africa_full_predictor_data/africa_full_predictor_data_2018-02-16.parquet",279142750
"data/africa_full_predictor_data/africa_full_predictor_data_2018-02-17.parquet",279464522
"data/africa_full_predictor_data/africa_full_predictor_data_2018-02-18.parquet",279135649
"data/africa_full_predictor_data/africa_full_predictor_data_2018-02-19.parquet",279789063
"data/africa_full_predictor_data/africa_full_predictor_data_2018-02-20.parquet",279410894
"data/africa_full_predictor_data/africa_full_predictor_data_2018-02-21.parquet",279428840
"data/africa_full_predictor_data/africa_full_predictor_data_2018-02-22.parquet",279428055
"data/africa_full_predictor_data/africa_full_predictor_data_2018-02-23.parquet",279588011
"data/africa_full_predictor_data/africa_full_predictor_data_2018-02-24.parquet",280088205
"data/africa_full_predictor_data/africa_full_predictor_data_2018-02-25.parquet",279545263
"data/africa_full_predictor_data/africa_full_predictor_data_2018-02-26.parquet",279165629
"data/africa_full_predictor_data/africa_full_predictor_data_2018-02-27.parquet",279254270
"data/africa_full_predictor_data/africa_full_predictor_data_2018-02-28.parquet",279320523
"data/africa_full_predictor_data/africa_full_predictor_data_2018-03-01.parquet",279656863
"data/africa_full_predictor_data/africa_full_predictor_data_2018-03-02.parquet",279307948
"data/africa_full_predictor_data/africa_full_predictor_data_2018-03-03.parquet",279013473
"data/africa_full_predictor_data/africa_full_predictor_data_2018-03-04.parquet",279036259
"data/africa_full_predictor_data/africa_full_predictor_data_2018-03-05.parquet",279376348
"data/africa_full_predictor_data/africa_full_predictor_data_2018-03-06.parquet",279116079
"data/africa_full_predictor_data/africa_full_predictor_data_2018-03-07.parquet",279137872
"data/africa_full_predictor_data/africa_full_predictor_data_2018-03-08.parquet",279058560
"data/africa_full_predictor_data/africa_full_predictor_data_2018-03-09.parquet",279237689
"data/africa_full_predictor_data/africa_full_predictor_data_2018-03-10.parquet",279444381
"data/africa_full_predictor_data/africa_full_predictor_data_2018-03-11.parquet",279452586
"data/africa_full_predictor_data/africa_full_predictor_data_2018-03-12.parquet",279544586
"data/africa_full_predictor_data/africa_full_predictor_data_2018-03-13.parquet",279093352
"data/africa_full_predictor_data/africa_full_predictor_data_2018-03-14.parquet",279377190
"data/africa_full_predictor_data/africa_full_predictor_data_2018-03-15.parquet",279596644
"data/africa_full_predictor_data/africa_full_predictor_data_2018-03-16.parquet",280027998
"data/africa_full_predictor_data/africa_full_predictor_data_2018-03-17.parquet",279907778
"data/africa_full_predictor_data/africa_full_predictor_data_2018-03-18.parquet",279753599
"data/africa_full_predictor_data/africa_full_predictor_data_2018-03-19.parquet",279869236
"data/africa_full_predictor_data/africa_full_predictor_data_2018-03-20.parquet",279712540
"data/africa_full_predictor_data/africa_full_predictor_data_2018-03-21.parquet",280085284
"data/africa_full_predictor_data/africa_full_predictor_data_2018-03-22.parquet",280279728
"data/africa_full_predictor_data/africa_full_predictor_data_2018-03-23.parquet",279645746
"data/africa_full_predictor_data/africa_full_predictor_data_2018-03-24.parquet",280063690
"data/africa_full_predictor_data/africa_full_predictor_data_2018-03-25.parquet",279872550
"data/africa_full_predictor_data/africa_full_predictor_data_2018-03-26.parquet",280095883
"data/africa_full_predictor_data/africa_full_predictor_data_2018-03-27.parquet",279882165
"data/africa_full_predictor_data/africa_full_predictor_data_2018-03-28.parquet",280203096
"data/africa_full_predictor_data/africa_full_predictor_data_2018-03-29.parquet",280414533
"data/africa_full_predictor_data/africa_full_predictor_data_2018-03-30.parquet",280264316
"data/africa_full_predictor_data/africa_full_predictor_data_2018-03-31.parquet",279874052
"data/africa_full_predictor_data/africa_full_predictor_data_2018-04-01.parquet",279736938
"data/africa_full_predictor_data/africa_full_predictor_data_2018-04-02.parquet",279411321
"data/africa_full_predictor_data/africa_full_predictor_data_2018-04-03.parquet",279347357
"data/africa_full_predictor_data/africa_full_predictor_data_2018-04-04.parquet",279730251
"data/africa_full_predictor_data/africa_full_predictor_data_2018-04-05.parquet",279980648
"data/africa_full_predictor_data/africa_full_predictor_data_2018-04-06.parquet",279913679
"data/africa_full_predictor_data/africa_full_predictor_data_2018-04-07.parquet",279986975
"data/africa_full_predictor_data/africa_full_predictor_data_2018-04-08.parquet",280245062
"data/africa_full_predictor_data/africa_full_predictor_data_2018-04-09.parquet",280402265
"data/africa_full_predictor_data/africa_full_predictor_data_2018-04-10.parquet",280590203
"data/africa_full_predictor_data/africa_full_predictor_data_2018-04-11.parquet",280172338
"data/africa_full_predictor_data/africa_full_predictor_data_2018-04-12.parquet",280441375
"data/africa_full_predictor_data/africa_full_predictor_data_2018-04-13.parquet",280513823
"data/africa_full_predictor_data/africa_full_predictor_data_2018-04-14.parquet",280770924
"data/africa_full_predictor_data/africa_full_predictor_data_2018-04-15.parquet",280719114
"data/africa_full_predictor_data/africa_full_predictor_data_2018-04-16.parquet",280443390
"data/africa_full_predictor_data/africa_full_predictor_data_2018-04-17.parquet",280122877
"data/africa_full_predictor_data/africa_full_predictor_data_2018-04-18.parquet",280398505
"data/africa_full_predictor_data/africa_full_predictor_data_2018-04-19.parquet",280376151
"data/africa_full_predictor_data/africa_full_predictor_data_2018-04-20.parquet",280186578
"data/africa_full_predictor_data/africa_full_predictor_data_2018-04-21.parquet",280109602
"data/africa_full_predictor_data/africa_full_predictor_data_2018-04-22.parquet",280367612
"data/africa_full_predictor_data/africa_full_predictor_data_2018-04-23.parquet",280432675
"data/africa_full_predictor_data/africa_full_predictor_data_2018-04-24.parquet",280468532
"data/africa_full_predictor_data/africa_full_predictor_data_2018-04-25.parquet",280855400
"data/africa_full_predictor_data/africa_full_predictor_data_2018-04-26.parquet",281126960
"data/africa_full_predictor_data/africa_full_predictor_data_2018-04-27.parquet",280640197
"data/africa_full_predictor_data/africa_full_predictor_data_2018-04-28.parquet",280604045
"data/africa_full_predictor_data/africa_full_predictor_data_2018-04-29.parquet",280941406
"data/africa_full_predictor_data/africa_full_predictor_data_2018-04-30.parquet",281278707
"data/africa_full_predictor_data/africa_full_predictor_data_2018-05-01.parquet",280934362
"data/africa_full_predictor_data/africa_full_predictor_data_2018-05-02.parquet",280096249
"data/africa_full_predictor_data/africa_full_predictor_data_2018-05-03.parquet",280719237
"data/africa_full_predictor_data/africa_full_predictor_data_2018-05-04.parquet",280410793
"data/africa_full_predictor_data/africa_full_predictor_data_2018-05-05.parquet",280249154
"data/africa_full_predictor_data/africa_full_predictor_data_2018-05-06.parquet",280729683
"data/africa_full_predictor_data/africa_full_predictor_data_2018-05-07.parquet",281003241
"data/africa_full_predictor_data/africa_full_predictor_data_2018-05-08.parquet",280680597
"data/africa_full_predictor_data/africa_full_predictor_data_2018-05-09.parquet",280594676
"data/africa_full_predictor_data/africa_full_predictor_data_2018-05-10.parquet",280876992
"data/africa_full_predictor_data/africa_full_predictor_data_2018-05-11.parquet",280312227
"data/africa_full_predictor_data/africa_full_predictor_data_2018-05-12.parquet",280361872
"data/africa_full_predictor_data/africa_full_predictor_data_2018-05-13.parquet",280240518
"data/africa_full_predictor_data/africa_full_predictor_data_2018-05-14.parquet",280382616
"data/africa_full_predictor_data/africa_full_predictor_data_2018-05-15.parquet",280297039
"data/africa_full_predictor_data/africa_full_predictor_data_2018-05-16.parquet",280005336
"data/africa_full_predictor_data/africa_full_predictor_data_2018-05-17.parquet",279877467
"data/africa_full_predictor_data/africa_full_predictor_data_2018-05-18.parquet",280460407
"data/africa_full_predictor_data/africa_full_predictor_data_2018-05-19.parquet",280061185
"data/africa_full_predictor_data/africa_full_predictor_data_2018-05-20.parquet",280329993
"data/africa_full_predictor_data/africa_full_predictor_data_2018-05-21.parquet",279917550
"data/africa_full_predictor_data/africa_full_predictor_data_2018-05-22.parquet",280456353
"data/africa_full_predictor_data/africa_full_predictor_data_2018-05-23.parquet",279753580
"data/africa_full_predictor_data/africa_full_predictor_data_2018-05-24.parquet",279822305
"data/africa_full_predictor_data/africa_full_predictor_data_2018-05-25.parquet",279758440
"data/africa_full_predictor_data/africa_full_predictor_data_2018-05-26.parquet",279855574
"data/africa_full_predictor_data/africa_full_predictor_data_2018-05-27.parquet",280286941
"data/africa_full_predictor_data/africa_full_predictor_data_2018-05-28.parquet",280505813
"data/africa_full_predictor_data/africa_full_predictor_data_2018-05-29.parquet",280151386
"data/africa_full_predictor_data/africa_full_predictor_data_2018-05-30.parquet",280082336
"data/africa_full_predictor_data/africa_full_predictor_data_2018-05-31.parquet",279681145
"data/africa_full_predictor_data/africa_full_predictor_data_2018-06-01.parquet",279345094
"data/africa_full_predictor_data/africa_full_predictor_data_2018-06-02.parquet",279256599
"data/africa_full_predictor_data/africa_full_predictor_data_2018-06-03.parquet",279270311
"data/africa_full_predictor_data/africa_full_predictor_data_2018-06-04.parquet",278991075
"data/africa_full_predictor_data/africa_full_predictor_data_2018-06-05.parquet",279218968
"data/africa_full_predictor_data/africa_full_predictor_data_2018-06-06.parquet",279894785
"data/africa_full_predictor_data/africa_full_predictor_data_2018-06-07.parquet",279310481
"data/africa_full_predictor_data/africa_full_predictor_data_2018-06-08.parquet",279201093
"data/africa_full_predictor_data/africa_full_predictor_data_2018-06-09.parquet",279218702
"data/africa_full_predictor_data/africa_full_predictor_data_2018-06-10.parquet",278909757
"data/africa_full_predictor_data/africa_full_predictor_data_2018-06-11.parquet",278999139
"data/africa_full_predictor_data/africa_full_predictor_data_2018-06-12.parquet",278487302
"data/africa_full_predictor_data/africa_full_predictor_data_2018-06-13.parquet",278606538
"data/africa_full_predictor_data/africa_full_predictor_data_2018-06-14.parquet",278648921
"data/africa_full_predictor_data/africa_full_predictor_data_2018-06-15.parquet",277961891
"data/africa_full_predictor_data/africa_full_predictor_data_2018-06-16.parquet",277615725
"data/africa_full_predictor_data/africa_full_predictor_data_2018-06-17.parquet",278184462
"data/africa_full_predictor_data/africa_full_predictor_data_2018-06-18.parquet",278425734
"data/africa_full_predictor_data/africa_full_predictor_data_2018-06-19.parquet",278331179
"data/africa_full_predictor_data/africa_full_predictor_data_2018-06-20.parquet",278377549
"data/africa_full_predictor_data/africa_full_predictor_data_2018-06-21.parquet",278758814
"data/africa_full_predictor_data/africa_full_predictor_data_2018-06-22.parquet",278396898
"data/africa_full_predictor_data/africa_full_predictor_data_2018-06-23.parquet",278404008
"data/africa_full_predictor_data/africa_full_predictor_data_2018-06-24.parquet",278040579
"data/africa_full_predictor_data/africa_full_predictor_data_2018-06-25.parquet",278330601
"data/africa_full_predictor_data/africa_full_predictor_data_2018-06-26.parquet",278394497
"data/africa_full_predictor_data/africa_full_predictor_data_2018-06-27.parquet",277972291
"data/africa_full_predictor_data/africa_full_predictor_data_2018-06-28.parquet",278004778
"data/africa_full_predictor_data/africa_full_predictor_data_2018-06-29.parquet",278211311
"data/africa_full_predictor_data/africa_full_predictor_data_2018-06-30.parquet",278275522
"data/africa_full_predictor_data/africa_full_predictor_data_2018-07-01.parquet",277249887
"data/africa_full_predictor_data/africa_full_predictor_data_2018-07-02.parquet",277174053
"data/africa_full_predictor_data/africa_full_predictor_data_2018-07-03.parquet",276892480
"data/africa_full_predictor_data/africa_full_predictor_data_2018-07-04.parquet",276843319
"data/africa_full_predictor_data/africa_full_predictor_data_2018-07-05.parquet",277206863
"data/africa_full_predictor_data/africa_full_predictor_data_2018-07-06.parquet",277343705
"data/africa_full_predictor_data/africa_full_predictor_data_2018-07-07.parquet",277566385
"data/africa_full_predictor_data/africa_full_predictor_data_2018-07-08.parquet",277543087
"data/africa_full_predictor_data/africa_full_predictor_data_2018-07-09.parquet",277790698
"data/africa_full_predictor_data/africa_full_predictor_data_2018-07-10.parquet",277399541
"data/africa_full_predictor_data/africa_full_predictor_data_2018-07-11.parquet",277538131
"data/africa_full_predictor_data/africa_full_predictor_data_2018-07-12.parquet",277275952
"data/africa_full_predictor_data/africa_full_predictor_data_2018-07-13.parquet",277309137
"data/africa_full_predictor_data/africa_full_predictor_data_2018-07-14.parquet",277422083
"data/africa_full_predictor_data/africa_full_predictor_data_2018-07-15.parquet",277439458
"data/africa_full_predictor_data/africa_full_predictor_data_2018-07-16.parquet",277514132
"data/africa_full_predictor_data/africa_full_predictor_data_2018-07-17.parquet",276930288
"data/africa_full_predictor_data/africa_full_predictor_data_2018-07-18.parquet",277640165
"data/africa_full_predictor_data/africa_full_predictor_data_2018-07-19.parquet",277685977
"data/africa_full_predictor_data/africa_full_predictor_data_2018-07-20.parquet",278072009
"data/africa_full_predictor_data/africa_full_predictor_data_2018-07-21.parquet",277852149
"data/africa_full_predictor_data/africa_full_predictor_data_2018-07-22.parquet",278002053
"data/africa_full_predictor_data/africa_full_predictor_data_2018-07-23.parquet",277527248
"data/africa_full_predictor_data/africa_full_predictor_data_2018-07-24.parquet",278185209
"data/africa_full_predictor_data/africa_full_predictor_data_2018-07-25.parquet",277992165
"data/africa_full_predictor_data/africa_full_predictor_data_2018-07-26.parquet",277952744
"data/africa_full_predictor_data/africa_full_predictor_data_2018-07-27.parquet",277735623
"data/africa_full_predictor_data/africa_full_predictor_data_2018-07-28.parquet",278391077
"data/africa_full_predictor_data/africa_full_predictor_data_2018-07-29.parquet",277927545
"data/africa_full_predictor_data/africa_full_predictor_data_2018-07-30.parquet",278064506
"data/africa_full_predictor_data/africa_full_predictor_data_2018-07-31.parquet",278151203
"data/africa_full_predictor_data/africa_full_predictor_data_2018-08-01.parquet",278718061
"data/africa_full_predictor_data/africa_full_predictor_data_2018-08-02.parquet",278152874
"data/africa_full_predictor_data/africa_full_predictor_data_2018-08-03.parquet",278496308
"data/africa_full_predictor_data/africa_full_predictor_data_2018-08-04.parquet",278581569
"data/africa_full_predictor_data/africa_full_predictor_data_2018-08-05.parquet",278542954
"data/africa_full_predictor_data/africa_full_predictor_data_2018-08-06.parquet",278391505
"data/africa_full_predictor_data/africa_full_predictor_data_2018-08-07.parquet",278073759
"data/africa_full_predictor_data/africa_full_predictor_data_2018-08-08.parquet",278702906
"data/africa_full_predictor_data/africa_full_predictor_data_2018-08-09.parquet",278079027
"data/africa_full_predictor_data/africa_full_predictor_data_2018-08-10.parquet",277894006
"data/africa_full_predictor_data/africa_full_predictor_data_2018-08-11.parquet",277659096
"data/africa_full_predictor_data/africa_full_predictor_data_2018-08-12.parquet",277709066
"data/africa_full_predictor_data/africa_full_predictor_data_2018-08-13.parquet",277436245
"data/africa_full_predictor_data/africa_full_predictor_data_2018-08-14.parquet",277811986
"data/africa_full_predictor_data/africa_full_predictor_data_2018-08-15.parquet",277902558
"data/africa_full_predictor_data/africa_full_predictor_data_2018-08-16.parquet",277310120
"data/africa_full_predictor_data/africa_full_predictor_data_2018-08-17.parquet",277730997
"data/africa_full_predictor_data/africa_full_predictor_data_2018-08-18.parquet",277112330
"data/africa_full_predictor_data/africa_full_predictor_data_2018-08-19.parquet",277701736
"data/africa_full_predictor_data/africa_full_predictor_data_2018-08-20.parquet",277597242
"data/africa_full_predictor_data/africa_full_predictor_data_2018-08-21.parquet",278075232
"data/africa_full_predictor_data/africa_full_predictor_data_2018-08-22.parquet",277809282
"data/africa_full_predictor_data/africa_full_predictor_data_2018-08-23.parquet",278310637
"data/africa_full_predictor_data/africa_full_predictor_data_2018-08-24.parquet",278456882
"data/africa_full_predictor_data/africa_full_predictor_data_2018-08-25.parquet",278686368
"data/africa_full_predictor_data/africa_full_predictor_data_2018-08-26.parquet",278064657
"data/africa_full_predictor_data/africa_full_predictor_data_2018-08-27.parquet",278205324
"data/africa_full_predictor_data/africa_full_predictor_data_2018-08-28.parquet",278460321
"data/africa_full_predictor_data/africa_full_predictor_data_2018-08-29.parquet",278245419
"data/africa_full_predictor_data/africa_full_predictor_data_2018-08-30.parquet",278109524
"data/africa_full_predictor_data/africa_full_predictor_data_2018-08-31.parquet",278403171
"data/africa_full_predictor_data/africa_full_predictor_data_2018-09-01.parquet",278134192
"data/africa_full_predictor_data/africa_full_predictor_data_2018-09-02.parquet",277928882
"data/africa_full_predictor_data/africa_full_predictor_data_2018-09-03.parquet",277791559
"data/africa_full_predictor_data/africa_full_predictor_data_2018-09-04.parquet",278494333
"data/africa_full_predictor_data/africa_full_predictor_data_2018-09-05.parquet",278800767
"data/africa_full_predictor_data/africa_full_predictor_data_2018-09-06.parquet",279333612
"data/africa_full_predictor_data/africa_full_predictor_data_2018-09-07.parquet",278831060
"data/africa_full_predictor_data/africa_full_predictor_data_2018-09-08.parquet",278434491
"data/africa_full_predictor_data/africa_full_predictor_data_2018-09-09.parquet",278467604
"data/africa_full_predictor_data/africa_full_predictor_data_2018-09-10.parquet",278625566
"data/africa_full_predictor_data/africa_full_predictor_data_2018-09-11.parquet",278253866
"data/africa_full_predictor_data/africa_full_predictor_data_2018-09-12.parquet",278408568
"data/africa_full_predictor_data/africa_full_predictor_data_2018-09-13.parquet",278327228
"data/africa_full_predictor_data/africa_full_predictor_data_2018-09-14.parquet",277882032
"data/africa_full_predictor_data/africa_full_predictor_data_2018-09-15.parquet",277843939
"data/africa_full_predictor_data/africa_full_predictor_data_2018-09-16.parquet",278530533
"data/africa_full_predictor_data/africa_full_predictor_data_2018-09-17.parquet",277962540
"data/africa_full_predictor_data/africa_full_predictor_data_2018-09-18.parquet",278280864
"data/africa_full_predictor_data/africa_full_predictor_data_2018-09-19.parquet",278834163
"data/africa_full_predictor_data/africa_full_predictor_data_2018-09-20.parquet",278329422
"data/africa_full_predictor_data/africa_full_predictor_data_2018-09-21.parquet",278365649
"data/africa_full_predictor_data/africa_full_predictor_data_2018-09-22.parquet",279427040
"data/africa_full_predictor_data/africa_full_predictor_data_2018-09-23.parquet",279744012
"data/africa_full_predictor_data/africa_full_predictor_data_2018-09-24.parquet",279679405
"data/africa_full_predictor_data/africa_full_predictor_data_2018-09-25.parquet",279452227
"data/africa_full_predictor_data/africa_full_predictor_data_2018-09-26.parquet",279684288
"data/africa_full_predictor_data/africa_full_predictor_data_2018-09-27.parquet",279867341
"data/africa_full_predictor_data/africa_full_predictor_data_2018-09-28.parquet",280168526
"data/africa_full_predictor_data/africa_full_predictor_data_2018-09-29.parquet",279770653
"data/africa_full_predictor_data/africa_full_predictor_data_2018-09-30.parquet",280431501
"data/africa_full_predictor_data/africa_full_predictor_data_2018-10-01.parquet",280192421
"data/africa_full_predictor_data/africa_full_predictor_data_2018-10-02.parquet",280023990
"data/africa_full_predictor_data/africa_full_predictor_data_2018-10-03.parquet",280892390
"data/africa_full_predictor_data/africa_full_predictor_data_2018-10-04.parquet",280580112
"data/africa_full_predictor_data/africa_full_predictor_data_2018-10-05.parquet",280263119
"data/africa_full_predictor_data/africa_full_predictor_data_2018-10-06.parquet",280188627
"data/africa_full_predictor_data/africa_full_predictor_data_2018-10-07.parquet",280230102
"data/africa_full_predictor_data/africa_full_predictor_data_2018-10-08.parquet",280492656
"data/africa_full_predictor_data/africa_full_predictor_data_2018-10-09.parquet",280123496
"data/africa_full_predictor_data/africa_full_predictor_data_2018-10-10.parquet",280994502
"data/africa_full_predictor_data/africa_full_predictor_data_2018-10-11.parquet",280337178
"data/africa_full_predictor_data/africa_full_predictor_data_2018-10-12.parquet",279907332
"data/africa_full_predictor_data/africa_full_predictor_data_2018-10-13.parquet",280288178
"data/africa_full_predictor_data/africa_full_predictor_data_2018-10-14.parquet",280529829
"data/africa_full_predictor_data/africa_full_predictor_data_2018-10-15.parquet",280706561
"data/africa_full_predictor_data/africa_full_predictor_data_2018-10-16.parquet",280816037
"data/africa_full_predictor_data/africa_full_predictor_data_2018-10-17.parquet",280494604
"data/africa_full_predictor_data/africa_full_predictor_data_2018-10-18.parquet",280384412
"data/africa_full_predictor_data/africa_full_predictor_data_2018-10-19.parquet",280368258
"data/africa_full_predictor_data/africa_full_predictor_data_2018-10-20.parquet",280899967
"data/africa_full_predictor_data/africa_full_predictor_data_2018-10-21.parquet",280890080
"data/africa_full_predictor_data/africa_full_predictor_data_2018-10-22.parquet",281020521
"data/africa_full_predictor_data/africa_full_predictor_data_2018-10-23.parquet",280848808
"data/africa_full_predictor_data/africa_full_predictor_data_2018-10-24.parquet",280747983
"data/africa_full_predictor_data/africa_full_predictor_data_2018-10-25.parquet",280934441
"data/africa_full_predictor_data/africa_full_predictor_data_2018-10-26.parquet",280838091
"data/africa_full_predictor_data/africa_full_predictor_data_2018-10-27.parquet",281173515
"data/africa_full_predictor_data/africa_full_predictor_data_2018-10-28.parquet",280824351
"data/africa_full_predictor_data/africa_full_predictor_data_2018-10-29.parquet",280832717
"data/africa_full_predictor_data/africa_full_predictor_data_2018-10-30.parquet",280900953
"data/africa_full_predictor_data/africa_full_predictor_data_2018-10-31.parquet",280498378
"data/africa_full_predictor_data/africa_full_predictor_data_2018-11-01.parquet",280557268
"data/africa_full_predictor_data/africa_full_predictor_data_2018-11-02.parquet",280380358
"data/africa_full_predictor_data/africa_full_predictor_data_2018-11-03.parquet",280317462
"data/africa_full_predictor_data/africa_full_predictor_data_2018-11-04.parquet",280599527
"data/africa_full_predictor_data/africa_full_predictor_data_2018-11-05.parquet",280343026
"data/africa_full_predictor_data/africa_full_predictor_data_2018-11-06.parquet",280357475
"data/africa_full_predictor_data/africa_full_predictor_data_2018-11-07.parquet",280060443
"data/africa_full_predictor_data/africa_full_predictor_data_2018-11-08.parquet",280240534
"data/africa_full_predictor_data/africa_full_predictor_data_2018-11-09.parquet",280124758
"data/africa_full_predictor_data/africa_full_predictor_data_2018-11-10.parquet",280256788
"data/africa_full_predictor_data/africa_full_predictor_data_2018-11-11.parquet",280190931
"data/africa_full_predictor_data/africa_full_predictor_data_2018-11-12.parquet",279553087
"data/africa_full_predictor_data/africa_full_predictor_data_2018-11-13.parquet",279694304
"data/africa_full_predictor_data/africa_full_predictor_data_2018-11-14.parquet",279785508
"data/africa_full_predictor_data/africa_full_predictor_data_2018-11-15.parquet",279786698
"data/africa_full_predictor_data/africa_full_predictor_data_2018-11-16.parquet",280416323
"data/africa_full_predictor_data/africa_full_predictor_data_2018-11-17.parquet",279506982
"data/africa_full_predictor_data/africa_full_predictor_data_2018-11-18.parquet",279635366
"data/africa_full_predictor_data/africa_full_predictor_data_2018-11-19.parquet",280241553
"data/africa_full_predictor_data/africa_full_predictor_data_2018-11-20.parquet",279942208
"data/africa_full_predictor_data/africa_full_predictor_data_2018-11-21.parquet",279655356
"data/africa_full_predictor_data/africa_full_predictor_data_2018-11-22.parquet",279661905
"data/africa_full_predictor_data/africa_full_predictor_data_2018-11-23.parquet",280266875
"data/africa_full_predictor_data/africa_full_predictor_data_2018-11-24.parquet",279567279
"data/africa_full_predictor_data/africa_full_predictor_data_2018-11-25.parquet",279431342
"data/africa_full_predictor_data/africa_full_predictor_data_2018-11-26.parquet",279420764
"data/africa_full_predictor_data/africa_full_predictor_data_2018-11-27.parquet",279125709
"data/africa_full_predictor_data/africa_full_predictor_data_2018-11-28.parquet",279161223
"data/africa_full_predictor_data/africa_full_predictor_data_2018-11-29.parquet",279232372
"data/africa_full_predictor_data/africa_full_predictor_data_2018-11-30.parquet",279605871
"data/africa_full_predictor_data/africa_full_predictor_data_2018-12-01.parquet",279434888
"data/africa_full_predictor_data/africa_full_predictor_data_2018-12-02.parquet",279417125
"data/africa_full_predictor_data/africa_full_predictor_data_2018-12-03.parquet",279345809
"data/africa_full_predictor_data/africa_full_predictor_data_2018-12-04.parquet",279433242
"data/africa_full_predictor_data/africa_full_predictor_data_2018-12-05.parquet",279492244
"data/africa_full_predictor_data/africa_full_predictor_data_2018-12-06.parquet",279126043
"data/africa_full_predictor_data/africa_full_predictor_data_2018-12-07.parquet",279069196
"data/africa_full_predictor_data/africa_full_predictor_data_2018-12-08.parquet",279078978
"data/africa_full_predictor_data/africa_full_predictor_data_2018-12-09.parquet",278834912
"data/africa_full_predictor_data/africa_full_predictor_data_2018-12-10.parquet",279076918
"data/africa_full_predictor_data/africa_full_predictor_data_2018-12-11.parquet",278897045
"data/africa_full_predictor_data/africa_full_predictor_data_2018-12-12.parquet",278664162
"data/africa_full_predictor_data/africa_full_predictor_data_2018-12-13.parquet",278583309
"data/africa_full_predictor_data/africa_full_predictor_data_2018-12-14.parquet",278877997
"data/africa_full_predictor_data/africa_full_predictor_data_2018-12-15.parquet",279077218
"data/africa_full_predictor_data/africa_full_predictor_data_2018-12-16.parquet",279286101
"data/africa_full_predictor_data/africa_full_predictor_data_2018-12-17.parquet",278123843
"data/africa_full_predictor_data/africa_full_predictor_data_2018-12-18.parquet",278508019
"data/africa_full_predictor_data/africa_full_predictor_data_2018-12-19.parquet",278101292
"data/africa_full_predictor_data/africa_full_predictor_data_2018-12-20.parquet",278850274
"data/africa_full_predictor_data/africa_full_predictor_data_2018-12-21.parquet",278390895
"data/africa_full_predictor_data/africa_full_predictor_data_2018-12-22.parquet",278291120
"data/africa_full_predictor_data/africa_full_predictor_data_2018-12-23.parquet",278233337
"data/africa_full_predictor_data/africa_full_predictor_data_2018-12-24.parquet",278025606
"data/africa_full_predictor_data/africa_full_predictor_data_2018-12-25.parquet",278450994
"data/africa_full_predictor_data/africa_full_predictor_data_2018-12-26.parquet",278576401
"data/africa_full_predictor_data/africa_full_predictor_data_2018-12-27.parquet",278596855
"data/africa_full_predictor_data/africa_full_predictor_data_2018-12-28.parquet",278750010
"data/africa_full_predictor_data/africa_full_predictor_data_2018-12-29.parquet",278678342
"data/africa_full_predictor_data/africa_full_predictor_data_2018-12-30.parquet",278349204
"data/africa_full_predictor_data/africa_full_predictor_data_2018-12-31.parquet",278841021
"data/africa_full_predictor_data/africa_full_predictor_data_2019-01-01.parquet",278986665
"data/africa_full_predictor_data/africa_full_predictor_data_2019-01-02.parquet",278748497
"data/africa_full_predictor_data/africa_full_predictor_data_2019-01-03.parquet",279013291
"data/africa_full_predictor_data/africa_full_predictor_data_2019-01-04.parquet",279108816
"data/africa_full_predictor_data/africa_full_predictor_data_2019-01-05.parquet",279188032
"data/africa_full_predictor_data/africa_full_predictor_data_2019-01-06.parquet",279418588
"data/africa_full_predictor_data/africa_full_predictor_data_2019-01-07.parquet",279412934
"data/africa_full_predictor_data/africa_full_predictor_data_2019-01-08.parquet",279337638
"data/africa_full_predictor_data/africa_full_predictor_data_2019-01-09.parquet",278941356
"data/africa_full_predictor_data/africa_full_predictor_data_2019-01-10.parquet",278971708
"data/africa_full_predictor_data/africa_full_predictor_data_2019-01-11.parquet",279666176
"data/africa_full_predictor_data/africa_full_predictor_data_2019-01-12.parquet",279042583
"data/africa_full_predictor_data/africa_full_predictor_data_2019-01-13.parquet",278607528
"data/africa_full_predictor_data/africa_full_predictor_data_2019-01-14.parquet",278771716
"data/africa_full_predictor_data/africa_full_predictor_data_2019-01-15.parquet",279301311
"data/africa_full_predictor_data/africa_full_predictor_data_2019-01-16.parquet",279126698
"data/africa_full_predictor_data/africa_full_predictor_data_2019-01-17.parquet",279893752
"data/africa_full_predictor_data/africa_full_predictor_data_2019-01-18.parquet",280227885
"data/africa_full_predictor_data/africa_full_predictor_data_2019-01-19.parquet",280027699
"data/africa_full_predictor_data/africa_full_predictor_data_2019-01-20.parquet",279946087
"data/africa_full_predictor_data/africa_full_predictor_data_2019-01-21.parquet",279885675
"data/africa_full_predictor_data/africa_full_predictor_data_2019-01-22.parquet",279595169
"data/africa_full_predictor_data/africa_full_predictor_data_2019-01-23.parquet",279790659
"data/africa_full_predictor_data/africa_full_predictor_data_2019-01-24.parquet",279492687
"data/africa_full_predictor_data/africa_full_predictor_data_2019-01-25.parquet",279810864
"data/africa_full_predictor_data/africa_full_predictor_data_2019-01-26.parquet",279829818
"data/africa_full_predictor_data/africa_full_predictor_data_2019-01-27.parquet",280457832
"data/africa_full_predictor_data/africa_full_predictor_data_2019-01-28.parquet",280303096
"data/africa_full_predictor_data/africa_full_predictor_data_2019-01-29.parquet",280016212
"data/africa_full_predictor_data/africa_full_predictor_data_2019-01-30.parquet",279299353
"data/africa_full_predictor_data/africa_full_predictor_data_2019-01-31.parquet",279800447
"data/africa_full_predictor_data/africa_full_predictor_data_2019-02-01.parquet",279810173
"data/africa_full_predictor_data/africa_full_predictor_data_2019-02-02.parquet",280164890
"data/africa_full_predictor_data/africa_full_predictor_data_2019-02-03.parquet",280309722
"data/africa_full_predictor_data/africa_full_predictor_data_2019-02-04.parquet",279550391
"data/africa_full_predictor_data/africa_full_predictor_data_2019-02-05.parquet",279838651
"data/africa_full_predictor_data/africa_full_predictor_data_2019-02-06.parquet",280162601
"data/africa_full_predictor_data/africa_full_predictor_data_2019-02-07.parquet",279899692
"data/africa_full_predictor_data/africa_full_predictor_data_2019-02-08.parquet",279800340
"data/africa_full_predictor_data/africa_full_predictor_data_2019-02-09.parquet",280100618
"data/africa_full_predictor_data/africa_full_predictor_data_2019-02-10.parquet",279981588
"data/africa_full_predictor_data/africa_full_predictor_data_2019-02-11.parquet",280021073
"data/africa_full_predictor_data/africa_full_predictor_data_2019-02-12.parquet",280046424
"data/africa_full_predictor_data/africa_full_predictor_data_2019-02-13.parquet",280114105
"data/africa_full_predictor_data/africa_full_predictor_data_2019-02-14.parquet",280212374
"data/africa_full_predictor_data/africa_full_predictor_data_2019-02-15.parquet",280701315
"data/africa_full_predictor_data/africa_full_predictor_data_2019-02-16.parquet",280606019
"data/africa_full_predictor_data/africa_full_predictor_data_2019-02-17.parquet",280784846
"data/africa_full_predictor_data/africa_full_predictor_data_2019-02-18.parquet",280266301
"data/africa_full_predictor_data/africa_full_predictor_data_2019-02-19.parquet",280489404
"data/africa_full_predictor_data/africa_full_predictor_data_2019-02-20.parquet",279968186
"data/africa_full_predictor_data/africa_full_predictor_data_2019-02-21.parquet",280665715
"data/africa_full_predictor_data/africa_full_predictor_data_2019-02-22.parquet",280235070
"data/africa_full_predictor_data/africa_full_predictor_data_2019-02-23.parquet",280410926
"data/africa_full_predictor_data/africa_full_predictor_data_2019-02-24.parquet",281020397
"data/africa_full_predictor_data/africa_full_predictor_data_2019-02-25.parquet",280692272
"data/africa_full_predictor_data/africa_full_predictor_data_2019-02-26.parquet",279791395
"data/africa_full_predictor_data/africa_full_predictor_data_2019-02-27.parquet",280258203
"data/africa_full_predictor_data/africa_full_predictor_data_2019-02-28.parquet",280800645
"data/africa_full_predictor_data/africa_full_predictor_data_2019-03-01.parquet",280483127
"data/africa_full_predictor_data/africa_full_predictor_data_2019-03-02.parquet",279688959
"data/africa_full_predictor_data/africa_full_predictor_data_2019-03-03.parquet",280110466
"data/africa_full_predictor_data/africa_full_predictor_data_2019-03-04.parquet",280049232
"data/africa_full_predictor_data/africa_full_predictor_data_2019-03-05.parquet",280410080
"data/africa_full_predictor_data/africa_full_predictor_data_2019-03-06.parquet",280326647
"data/africa_full_predictor_data/africa_full_predictor_data_2019-03-07.parquet",280216093
"data/africa_full_predictor_data/africa_full_predictor_data_2019-03-08.parquet",280277078
"data/africa_full_predictor_data/africa_full_predictor_data_2019-03-09.parquet",280943441
"data/africa_full_predictor_data/africa_full_predictor_data_2019-03-10.parquet",280250111
"data/africa_full_predictor_data/africa_full_predictor_data_2019-03-11.parquet",280737186
"data/africa_full_predictor_data/africa_full_predictor_data_2019-03-12.parquet",280558835
"data/africa_full_predictor_data/africa_full_predictor_data_2019-03-13.parquet",280510635
"data/africa_full_predictor_data/africa_full_predictor_data_2019-03-14.parquet",279994635
"data/africa_full_predictor_data/africa_full_predictor_data_2019-03-15.parquet",281043102
"data/africa_full_predictor_data/africa_full_predictor_data_2019-03-16.parquet",280442013
"data/africa_full_predictor_data/africa_full_predictor_data_2019-03-17.parquet",280227935
"data/africa_full_predictor_data/africa_full_predictor_data_2019-03-18.parquet",280905301
"data/africa_full_predictor_data/africa_full_predictor_data_2019-03-19.parquet",281004407
"data/africa_full_predictor_data/africa_full_predictor_data_2019-03-20.parquet",281039435
"data/africa_full_predictor_data/africa_full_predictor_data_2019-03-21.parquet",280861946
"data/africa_full_predictor_data/africa_full_predictor_data_2019-03-22.parquet",280775376
"data/africa_full_predictor_data/africa_full_predictor_data_2019-03-23.parquet",280716633
"data/africa_full_predictor_data/africa_full_predictor_data_2019-03-24.parquet",281107695
"data/africa_full_predictor_data/africa_full_predictor_data_2019-03-25.parquet",281283460
"data/africa_full_predictor_data/africa_full_predictor_data_2019-03-26.parquet",280966276
"data/africa_full_predictor_data/africa_full_predictor_data_2019-03-27.parquet",280945175
"data/africa_full_predictor_data/africa_full_predictor_data_2019-03-28.parquet",281114553
"data/africa_full_predictor_data/africa_full_predictor_data_2019-03-29.parquet",281432694
"data/africa_full_predictor_data/africa_full_predictor_data_2019-03-30.parquet",281395717
"data/africa_full_predictor_data/africa_full_predictor_data_2019-03-31.parquet",281592405
"data/africa_full_predictor_data/africa_full_predictor_data_2019-04-01.parquet",280918648
"data/africa_full_predictor_data/africa_full_predictor_data_2019-04-02.parquet",280652167
"data/africa_full_predictor_data/africa_full_predictor_data_2019-04-03.parquet",280741674
"data/africa_full_predictor_data/africa_full_predictor_data_2019-04-04.parquet",280858597
"data/africa_full_predictor_data/africa_full_predictor_data_2019-04-05.parquet",281019709
"data/africa_full_predictor_data/africa_full_predictor_data_2019-04-06.parquet",281371771
"data/africa_full_predictor_data/africa_full_predictor_data_2019-04-07.parquet",281060134
"data/africa_full_predictor_data/africa_full_predictor_data_2019-04-08.parquet",281099439
"data/africa_full_predictor_data/africa_full_predictor_data_2019-04-09.parquet",281324425
"data/africa_full_predictor_data/africa_full_predictor_data_2019-04-10.parquet",281723841
"data/africa_full_predictor_data/africa_full_predictor_data_2019-04-11.parquet",280941071
"data/africa_full_predictor_data/africa_full_predictor_data_2019-04-12.parquet",281162458
"data/africa_full_predictor_data/africa_full_predictor_data_2019-04-13.parquet",281583962
"data/africa_full_predictor_data/africa_full_predictor_data_2019-04-14.parquet",281715635
"data/africa_full_predictor_data/africa_full_predictor_data_2019-04-15.parquet",281959913
"data/africa_full_predictor_data/africa_full_predictor_data_2019-04-16.parquet",281956450
"data/africa_full_predictor_data/africa_full_predictor_data_2019-04-17.parquet",281321304
"data/africa_full_predictor_data/africa_full_predictor_data_2019-04-18.parquet",281635637
"data/africa_full_predictor_data/africa_full_predictor_data_2019-04-19.parquet",281579754
"data/africa_full_predictor_data/africa_full_predictor_data_2019-04-20.parquet",281604962
"data/africa_full_predictor_data/africa_full_predictor_data_2019-04-21.parquet",281487574
"data/africa_full_predictor_data/africa_full_predictor_data_2019-04-22.parquet",282285173
"data/africa_full_predictor_data/africa_full_predictor_data_2019-04-23.parquet",281868130
"data/africa_full_predictor_data/africa_full_predictor_data_2019-04-24.parquet",281348083
"data/africa_full_predictor_data/africa_full_predictor_data_2019-04-25.parquet",281757782
"data/africa_full_predictor_data/africa_full_predictor_data_2019-04-26.parquet",281809368
"data/africa_full_predictor_data/africa_full_predictor_data_2019-04-27.parquet",281697343
"data/africa_full_predictor_data/africa_full_predictor_data_2019-04-28.parquet",281185675
"data/africa_full_predictor_data/africa_full_predictor_data_2019-04-29.parquet",281732012
"data/africa_full_predictor_data/africa_full_predictor_data_2019-04-30.parquet",282156596
"data/africa_full_predictor_data/africa_full_predictor_data_2019-05-01.parquet",281732973
"data/africa_full_predictor_data/africa_full_predictor_data_2019-05-02.parquet",281886269
"data/africa_full_predictor_data/africa_full_predictor_data_2019-05-03.parquet",281294009
"data/africa_full_predictor_data/africa_full_predictor_data_2019-05-04.parquet",281858607
"data/africa_full_predictor_data/africa_full_predictor_data_2019-05-05.parquet",281044341
"data/africa_full_predictor_data/africa_full_predictor_data_2019-05-06.parquet",281502586
"data/africa_full_predictor_data/africa_full_predictor_data_2019-05-07.parquet",281951793
"data/africa_full_predictor_data/africa_full_predictor_data_2019-05-08.parquet",281406506
"data/africa_full_predictor_data/africa_full_predictor_data_2019-05-09.parquet",281639527
"data/africa_full_predictor_data/africa_full_predictor_data_2019-05-10.parquet",281741318
"data/africa_full_predictor_data/africa_full_predictor_data_2019-05-11.parquet",281437905
"data/africa_full_predictor_data/africa_full_predictor_data_2019-05-12.parquet",281333396
"data/africa_full_predictor_data/africa_full_predictor_data_2019-05-13.parquet",281238515
"data/africa_full_predictor_data/africa_full_predictor_data_2019-05-14.parquet",281328085
"data/africa_full_predictor_data/africa_full_predictor_data_2019-05-15.parquet",281334249
"data/africa_full_predictor_data/africa_full_predictor_data_2019-05-16.parquet",281292424
"data/africa_full_predictor_data/africa_full_predictor_data_2019-05-17.parquet",281092703
"data/africa_full_predictor_data/africa_full_predictor_data_2019-05-18.parquet",281221672
"data/africa_full_predictor_data/africa_full_predictor_data_2019-05-19.parquet",281228232
"data/africa_full_predictor_data/africa_full_predictor_data_2019-05-20.parquet",281126810
"data/africa_full_predictor_data/africa_full_predictor_data_2019-05-21.parquet",280961834
"data/africa_full_predictor_data/africa_full_predictor_data_2019-05-22.parquet",280857647
"data/africa_full_predictor_data/africa_full_predictor_data_2019-05-23.parquet",280873769
"data/africa_full_predictor_data/africa_full_predictor_data_2019-05-24.parquet",280710158
"data/africa_full_predictor_data/africa_full_predictor_data_2019-05-25.parquet",280841266
"data/africa_full_predictor_data/africa_full_predictor_data_2019-05-26.parquet",280532269
"data/africa_full_predictor_data/africa_full_predictor_data_2019-05-27.parquet",281365834
"data/africa_full_predictor_data/africa_full_predictor_data_2019-05-28.parquet",281264227
"data/africa_full_predictor_data/africa_full_predictor_data_2019-05-29.parquet",281003188
"data/africa_full_predictor_data/africa_full_predictor_data_2019-05-30.parquet",281077070
"data/africa_full_predictor_data/africa_full_predictor_data_2019-05-31.parquet",280837140
"data/africa_full_predictor_data/africa_full_predictor_data_2019-06-01.parquet",280363102
"data/africa_full_predictor_data/africa_full_predictor_data_2019-06-02.parquet",280168748
"data/africa_full_predictor_data/africa_full_predictor_data_2019-06-03.parquet",280593149
"data/africa_full_predictor_data/africa_full_predictor_data_2019-06-04.parquet",280807696
"data/africa_full_predictor_data/africa_full_predictor_data_2019-06-05.parquet",280089207
"data/africa_full_predictor_data/africa_full_predictor_data_2019-06-06.parquet",280509900
"data/africa_full_predictor_data/africa_full_predictor_data_2019-06-07.parquet",280255332
"data/africa_full_predictor_data/africa_full_predictor_data_2019-06-08.parquet",280362341
"data/africa_full_predictor_data/africa_full_predictor_data_2019-06-09.parquet",280132274
"data/africa_full_predictor_data/africa_full_predictor_data_2019-06-10.parquet",280136069
"data/africa_full_predictor_data/africa_full_predictor_data_2019-06-11.parquet",279612159
"data/africa_full_predictor_data/africa_full_predictor_data_2019-06-12.parquet",279575031
"data/africa_full_predictor_data/africa_full_predictor_data_2019-06-13.parquet",279586441
"data/africa_full_predictor_data/africa_full_predictor_data_2019-06-14.parquet",279654592
"data/africa_full_predictor_data/africa_full_predictor_data_2019-06-15.parquet",278723763
"data/africa_full_predictor_data/africa_full_predictor_data_2019-06-16.parquet",279158554
"data/africa_full_predictor_data/africa_full_predictor_data_2019-06-17.parquet",279256010
"data/africa_full_predictor_data/africa_full_predictor_data_2019-06-18.parquet",279246499
"data/africa_full_predictor_data/africa_full_predictor_data_2019-06-19.parquet",278859967
"data/africa_full_predictor_data/africa_full_predictor_data_2019-06-20.parquet",279190833
"data/africa_full_predictor_data/africa_full_predictor_data_2019-06-21.parquet",279501411
"data/africa_full_predictor_data/africa_full_predictor_data_2019-06-22.parquet",279397519
"data/africa_full_predictor_data/africa_full_predictor_data_2019-06-23.parquet",279377294
"data/africa_full_predictor_data/africa_full_predictor_data_2019-06-24.parquet",279123096
"data/africa_full_predictor_data/africa_full_predictor_data_2019-06-25.parquet",279178407
"data/africa_full_predictor_data/africa_full_predictor_data_2019-06-26.parquet",279121518
"data/africa_full_predictor_data/africa_full_predictor_data_2019-06-27.parquet",279106167
"data/africa_full_predictor_data/africa_full_predictor_data_2019-06-28.parquet",279305414
"data/africa_full_predictor_data/africa_full_predictor_data_2019-06-29.parquet",279321447
"data/africa_full_predictor_data/africa_full_predictor_data_2019-06-30.parquet",278959693
"data/africa_full_predictor_data/africa_full_predictor_data_2019-07-01.parquet",278315769
"data/africa_full_predictor_data/africa_full_predictor_data_2019-07-02.parquet",277906862
"data/africa_full_predictor_data/africa_full_predictor_data_2019-07-03.parquet",277444361
"data/africa_full_predictor_data/africa_full_predictor_data_2019-07-04.parquet",277486040
"data/africa_full_predictor_data/africa_full_predictor_data_2019-07-05.parquet",277811147
"data/africa_full_predictor_data/africa_full_predictor_data_2019-07-06.parquet",277995276
"data/africa_full_predictor_data/africa_full_predictor_data_2019-07-07.parquet",278436106
"data/africa_full_predictor_data/africa_full_predictor_data_2019-07-08.parquet",278334573
"data/africa_full_predictor_data/africa_full_predictor_data_2019-07-09.parquet",278545693
"data/africa_full_predictor_data/africa_full_predictor_data_2019-07-10.parquet",278581264
"data/africa_full_predictor_data/africa_full_predictor_data_2019-07-11.parquet",278484449
"data/africa_full_predictor_data/africa_full_predictor_data_2019-07-12.parquet",278234408
"data/africa_full_predictor_data/africa_full_predictor_data_2019-07-13.parquet",278598496
"data/africa_full_predictor_data/africa_full_predictor_data_2019-07-14.parquet",278483561
"data/africa_full_predictor_data/africa_full_predictor_data_2019-07-15.parquet",278209823
"data/africa_full_predictor_data/africa_full_predictor_data_2019-07-16.parquet",278408199
"data/africa_full_predictor_data/africa_full_predictor_data_2019-07-17.parquet",278230475
"data/africa_full_predictor_data/africa_full_predictor_data_2019-07-18.parquet",278592386
"data/africa_full_predictor_data/africa_full_predictor_data_2019-07-19.parquet",279329716
"data/africa_full_predictor_data/africa_full_predictor_data_2019-07-20.parquet",278761858
"data/africa_full_predictor_data/africa_full_predictor_data_2019-07-21.parquet",278549060
"data/africa_full_predictor_data/africa_full_predictor_data_2019-07-22.parquet",278940845
"data/africa_full_predictor_data/africa_full_predictor_data_2019-07-23.parquet",279395525
"data/africa_full_predictor_data/africa_full_predictor_data_2019-07-24.parquet",278877047
"data/africa_full_predictor_data/africa_full_predictor_data_2019-07-25.parquet",278787090
"data/africa_full_predictor_data/africa_full_predictor_data_2019-07-26.parquet",278916409
"data/africa_full_predictor_data/africa_full_predictor_data_2019-07-27.parquet",279157880
"data/africa_full_predictor_data/africa_full_predictor_data_2019-07-28.parquet",278746527
"data/africa_full_predictor_data/africa_full_predictor_data_2019-07-29.parquet",279072816
"data/africa_full_predictor_data/africa_full_predictor_data_2019-07-30.parquet",279163482
"data/africa_full_predictor_data/africa_full_predictor_data_2019-07-31.parquet",279022498
"data/africa_full_predictor_data/africa_full_predictor_data_2019-08-01.parquet",279033323
"data/africa_full_predictor_data/africa_full_predictor_data_2019-08-02.parquet",278928108
"data/africa_full_predictor_data/africa_full_predictor_data_2019-08-03.parquet",279133419
"data/africa_full_predictor_data/africa_full_predictor_data_2019-08-04.parquet",279443023
"data/africa_full_predictor_data/africa_full_predictor_data_2019-08-05.parquet",279475063
"data/africa_full_predictor_data/africa_full_predictor_data_2019-08-06.parquet",279353677
"data/africa_full_predictor_data/africa_full_predictor_data_2019-08-07.parquet",279262526
"data/africa_full_predictor_data/africa_full_predictor_data_2019-08-08.parquet",279549763
"data/africa_full_predictor_data/africa_full_predictor_data_2019-08-09.parquet",278884196
"data/africa_full_predictor_data/africa_full_predictor_data_2019-08-10.parquet",278811406
"data/africa_full_predictor_data/africa_full_predictor_data_2019-08-11.parquet",278702793
"data/africa_full_predictor_data/africa_full_predictor_data_2019-08-12.parquet",278779403
"data/africa_full_predictor_data/africa_full_predictor_data_2019-08-13.parquet",278515357
"data/africa_full_predictor_data/africa_full_predictor_data_2019-08-14.parquet",278836247
"data/africa_full_predictor_data/africa_full_predictor_data_2019-08-15.parquet",278945849
"data/africa_full_predictor_data/africa_full_predictor_data_2019-08-16.parquet",278728415
"data/africa_full_predictor_data/africa_full_predictor_data_2019-08-17.parquet",278552906
"data/africa_full_predictor_data/africa_full_predictor_data_2019-08-18.parquet",278620674
"data/africa_full_predictor_data/africa_full_predictor_data_2019-08-19.parquet",279076771
"data/africa_full_predictor_data/africa_full_predictor_data_2019-08-20.parquet",278765743
"data/africa_full_predictor_data/africa_full_predictor_data_2019-08-21.parquet",279041950
"data/africa_full_predictor_data/africa_full_predictor_data_2019-08-22.parquet",279138091
"data/africa_full_predictor_data/africa_full_predictor_data_2019-08-23.parquet",280067004
"data/africa_full_predictor_data/africa_full_predictor_data_2019-08-24.parquet",279964988
"data/africa_full_predictor_data/africa_full_predictor_data_2019-08-25.parquet",279311228
"data/africa_full_predictor_data/africa_full_predictor_data_2019-08-26.parquet",278818500
"data/africa_full_predictor_data/africa_full_predictor_data_2019-08-27.parquet",278894085
"data/africa_full_predictor_data/africa_full_predictor_data_2019-08-28.parquet",279196756
"data/africa_full_predictor_data/africa_full_predictor_data_2019-08-29.parquet",279205047
"data/africa_full_predictor_data/africa_full_predictor_data_2019-08-30.parquet",279186010
"data/africa_full_predictor_data/africa_full_predictor_data_2019-08-31.parquet",279171902
"data/africa_full_predictor_data/africa_full_predictor_data_2019-09-01.parquet",279314821
"data/africa_full_predictor_data/africa_full_predictor_data_2019-09-02.parquet",278661930
"data/africa_full_predictor_data/africa_full_predictor_data_2019-09-03.parquet",278682300
"data/africa_full_predictor_data/africa_full_predictor_data_2019-09-04.parquet",279272404
"data/africa_full_predictor_data/africa_full_predictor_data_2019-09-05.parquet",279210893
"data/africa_full_predictor_data/africa_full_predictor_data_2019-09-06.parquet",279088232
"data/africa_full_predictor_data/africa_full_predictor_data_2019-09-07.parquet",280267162
"data/africa_full_predictor_data/africa_full_predictor_data_2019-09-08.parquet",279366530
"data/africa_full_predictor_data/africa_full_predictor_data_2019-09-09.parquet",279174145
"data/africa_full_predictor_data/africa_full_predictor_data_2019-09-10.parquet",278763490
"data/africa_full_predictor_data/africa_full_predictor_data_2019-09-11.parquet",278720727
"data/africa_full_predictor_data/africa_full_predictor_data_2019-09-12.parquet",279057047
"data/africa_full_predictor_data/africa_full_predictor_data_2019-09-13.parquet",278985662
"data/africa_full_predictor_data/africa_full_predictor_data_2019-09-14.parquet",278472890
"data/africa_full_predictor_data/africa_full_predictor_data_2019-09-15.parquet",278571296
"data/africa_full_predictor_data/africa_full_predictor_data_2019-09-16.parquet",278961668
"data/africa_full_predictor_data/africa_full_predictor_data_2019-09-17.parquet",278614383
"data/africa_full_predictor_data/africa_full_predictor_data_2019-09-18.parquet",279065782
"data/africa_full_predictor_data/africa_full_predictor_data_2019-09-19.parquet",280037748
"data/africa_full_predictor_data/africa_full_predictor_data_2019-09-20.parquet",279288567
"data/africa_full_predictor_data/africa_full_predictor_data_2019-09-21.parquet",279403797
"data/africa_full_predictor_data/africa_full_predictor_data_2019-09-22.parquet",279429811
"data/africa_full_predictor_data/africa_full_predictor_data_2019-09-23.parquet",279266249
"data/africa_full_predictor_data/africa_full_predictor_data_2019-09-24.parquet",279162148
"data/africa_full_predictor_data/africa_full_predictor_data_2019-09-25.parquet",279557804
"data/africa_full_predictor_data/africa_full_predictor_data_2019-09-26.parquet",279704108
"data/africa_full_predictor_data/africa_full_predictor_data_2019-09-27.parquet",280060673
"data/africa_full_predictor_data/africa_full_predictor_data_2019-09-28.parquet",279908823
"data/africa_full_predictor_data/africa_full_predictor_data_2019-09-29.parquet",280092846
"data/africa_full_predictor_data/africa_full_predictor_data_2019-09-30.parquet",280384045
"data/africa_full_predictor_data/africa_full_predictor_data_2019-10-01.parquet",280460424
"data/africa_full_predictor_data/africa_full_predictor_data_2019-10-02.parquet",280459908
"data/africa_full_predictor_data/africa_full_predictor_data_2019-10-03.parquet",280524235
"data/africa_full_predictor_data/africa_full_predictor_data_2019-10-04.parquet",280564123
"data/africa_full_predictor_data/africa_full_predictor_data_2019-10-05.parquet",280124845
"data/africa_full_predictor_data/africa_full_predictor_data_2019-10-06.parquet",281033477
"data/africa_full_predictor_data/africa_full_predictor_data_2019-10-07.parquet",280308758
"data/africa_full_predictor_data/africa_full_predictor_data_2019-10-08.parquet",280452375
"data/africa_full_predictor_data/africa_full_predictor_data_2019-10-09.parquet",280183088
"data/africa_full_predictor_data/africa_full_predictor_data_2019-10-10.parquet",280921791
"data/africa_full_predictor_data/africa_full_predictor_data_2019-10-11.parquet",281318493
"data/africa_full_predictor_data/africa_full_predictor_data_2019-10-12.parquet",280296526
"data/africa_full_predictor_data/africa_full_predictor_data_2019-10-13.parquet",280491594
"data/africa_full_predictor_data/africa_full_predictor_data_2019-10-14.parquet",280696702
"data/africa_full_predictor_data/africa_full_predictor_data_2019-10-15.parquet",280691025
"data/africa_full_predictor_data/africa_full_predictor_data_2019-10-16.parquet",280776691
"data/africa_full_predictor_data/africa_full_predictor_data_2019-10-17.parquet",280686770
"data/africa_full_predictor_data/africa_full_predictor_data_2019-10-18.parquet",280467097
"data/africa_full_predictor_data/africa_full_predictor_data_2019-10-19.parquet",280470463
"data/africa_full_predictor_data/africa_full_predictor_data_2019-10-20.parquet",280906958
"data/africa_full_predictor_data/africa_full_predictor_data_2019-10-21.parquet",280755341
"data/africa_full_predictor_data/africa_full_predictor_data_2019-10-22.parquet",280736735
"data/africa_full_predictor_data/africa_full_predictor_data_2019-10-23.parquet",280625434
"data/africa_full_predictor_data/africa_full_predictor_data_2019-10-24.parquet",280640699
"data/africa_full_predictor_data/africa_full_predictor_data_2019-10-25.parquet",280665351
"data/africa_full_predictor_data/africa_full_predictor_data_2019-10-26.parquet",280730386
"data/africa_full_predictor_data/africa_full_predictor_data_2019-10-27.parquet",281037916
"data/africa_full_predictor_data/africa_full_predictor_data_2019-10-28.parquet",280815362
"data/africa_full_predictor_data/africa_full_predictor_data_2019-10-29.parquet",280870434
"data/africa_full_predictor_data/africa_full_predictor_data_2019-10-30.parquet",280509364
"data/africa_full_predictor_data/africa_full_predictor_data_2019-10-31.parquet",280301826
"data/africa_full_predictor_data/africa_full_predictor_data_2019-11-01.parquet",279944301
"data/africa_full_predictor_data/africa_full_predictor_data_2019-11-02.parquet",280160593
"data/africa_full_predictor_data/africa_full_predictor_data_2019-11-03.parquet",280106785
"data/africa_full_predictor_data/africa_full_predictor_data_2019-11-04.parquet",280051248
"data/africa_full_predictor_data/africa_full_predictor_data_2019-11-05.parquet",280165304
"data/africa_full_predictor_data/africa_full_predictor_data_2019-11-06.parquet",280120029
"data/africa_full_predictor_data/africa_full_predictor_data_2019-11-07.parquet",280771258
"data/africa_full_predictor_data/africa_full_predictor_data_2019-11-08.parquet",279992052
"data/africa_full_predictor_data/africa_full_predictor_data_2019-11-09.parquet",280275707
"data/africa_full_predictor_data/africa_full_predictor_data_2019-11-10.parquet",280345360
"data/africa_full_predictor_data/africa_full_predictor_data_2019-11-11.parquet",280145209
"data/africa_full_predictor_data/africa_full_predictor_data_2019-11-12.parquet",279760473
"data/africa_full_predictor_data/africa_full_predictor_data_2019-11-13.parquet",279814157
"data/africa_full_predictor_data/africa_full_predictor_data_2019-11-14.parquet",279506890
"data/africa_full_predictor_data/africa_full_predictor_data_2019-11-15.parquet",279583840
"data/africa_full_predictor_data/africa_full_predictor_data_2019-11-16.parquet",279693006
"data/africa_full_predictor_data/africa_full_predictor_data_2019-11-17.parquet",279606944
"data/africa_full_predictor_data/africa_full_predictor_data_2019-11-18.parquet",279909087
"data/africa_full_predictor_data/africa_full_predictor_data_2019-11-19.parquet",280924209
"data/africa_full_predictor_data/africa_full_predictor_data_2019-11-20.parquet",280083868
"data/africa_full_predictor_data/africa_full_predictor_data_2019-11-21.parquet",279768824
"data/africa_full_predictor_data/africa_full_predictor_data_2019-11-22.parquet",279894717
"data/africa_full_predictor_data/africa_full_predictor_data_2019-11-23.parquet",279920354
"data/africa_full_predictor_data/africa_full_predictor_data_2019-11-24.parquet",279719859
"data/africa_full_predictor_data/africa_full_predictor_data_2019-11-25.parquet",279451334
"data/africa_full_predictor_data/africa_full_predictor_data_2019-11-26.parquet",279442156
"data/africa_full_predictor_data/africa_full_predictor_data_2019-11-27.parquet",279101941
"data/africa_full_predictor_data/africa_full_predictor_data_2019-11-28.parquet",279255382
"data/africa_full_predictor_data/africa_full_predictor_data_2019-11-29.parquet",279393906
"data/africa_full_predictor_data/africa_full_predictor_data_2019-11-30.parquet",279464952
"data/africa_full_predictor_data/africa_full_predictor_data_2019-12-01.parquet",279536144
"data/africa_full_predictor_data/africa_full_predictor_data_2019-12-02.parquet",279490025
"data/africa_full_predictor_data/africa_full_predictor_data_2019-12-03.parquet",279445495
"data/africa_full_predictor_data/africa_full_predictor_data_2019-12-04.parquet",279527587
"data/africa_full_predictor_data/africa_full_predictor_data_2019-12-05.parquet",279489074
"data/africa_full_predictor_data/africa_full_predictor_data_2019-12-06.parquet",279466526
"data/africa_full_predictor_data/africa_full_predictor_data_2019-12-07.parquet",279757929
"data/africa_full_predictor_data/africa_full_predictor_data_2019-12-08.parquet",279066548
"data/africa_full_predictor_data/africa_full_predictor_data_2019-12-09.parquet",279184907
"data/africa_full_predictor_data/africa_full_predictor_data_2019-12-10.parquet",279328645
"data/africa_full_predictor_data/africa_full_predictor_data_2019-12-11.parquet",278867602
"data/africa_full_predictor_data/africa_full_predictor_data_2019-12-12.parquet",278830752
"data/africa_full_predictor_data/africa_full_predictor_data_2019-12-13.parquet",278996143
"data/africa_full_predictor_data/africa_full_predictor_data_2019-12-14.parquet",279255474
"data/africa_full_predictor_data/africa_full_predictor_data_2019-12-15.parquet",279919942
"data/africa_full_predictor_data/africa_full_predictor_data_2019-12-16.parquet",279022154
"data/africa_full_predictor_data/africa_full_predictor_data_2019-12-17.parquet",278468494
"data/africa_full_predictor_data/africa_full_predictor_data_2019-12-18.parquet",278048137
"data/africa_full_predictor_data/africa_full_predictor_data_2019-12-19.parquet",278300625
"data/africa_full_predictor_data/africa_full_predictor_data_2019-12-20.parquet",278723483
"data/africa_full_predictor_data/africa_full_predictor_data_2019-12-21.parquet",278728103
"data/africa_full_predictor_data/africa_full_predictor_data_2019-12-22.parquet",278520481
"data/africa_full_predictor_data/africa_full_predictor_data_2019-12-23.parquet",278569493
"data/africa_full_predictor_data/africa_full_predictor_data_2019-12-24.parquet",278213257
"data/africa_full_predictor_data/africa_full_predictor_data_2019-12-25.parquet",278367831
"data/africa_full_predictor_data/africa_full_predictor_data_2019-12-26.parquet",278727279
"data/africa_full_predictor_data/africa_full_predictor_data_2019-12-27.parquet",278988405
"data/africa_full_predictor_data/africa_full_predictor_data_2019-12-28.parquet",278725704
"data/africa_full_predictor_data/africa_full_predictor_data_2019-12-29.parquet",278937189
"data/africa_full_predictor_data/africa_full_predictor_data_2019-12-30.parquet",278512251
"data/africa_full_predictor_data/africa_full_predictor_data_2019-12-31.parquet",278848475
"data/africa_full_predictor_data/africa_full_predictor_data_2020-01-01.parquet",279294463
"data/africa_full_predictor_data/africa_full_predictor_data_2020-01-02.parquet",278928341
"data/africa_full_predictor_data/africa_full_predictor_data_2020-01-03.parquet",279212016
"data/africa_full_predictor_data/africa_full_predictor_data_2020-01-04.parquet",279411894
"data/africa_full_predictor_data/africa_full_predictor_data_2020-01-05.parquet",279361688
"data/africa_full_predictor_data/africa_full_predictor_data_2020-01-06.parquet",279610479
"data/africa_full_predictor_data/africa_full_predictor_data_2020-01-07.parquet",279452366
"data/africa_full_predictor_data/africa_full_predictor_data_2020-01-08.parquet",278816929
"data/africa_full_predictor_data/africa_full_predictor_data_2020-01-09.parquet",279152923
"data/africa_full_predictor_data/africa_full_predictor_data_2020-01-10.parquet",279545270
"data/africa_full_predictor_data/africa_full_predictor_data_2020-01-11.parquet",279492551
"data/africa_full_predictor_data/africa_full_predictor_data_2020-01-12.parquet",279158896
"data/africa_full_predictor_data/africa_full_predictor_data_2020-01-13.parquet",278613570
"data/africa_full_predictor_data/africa_full_predictor_data_2020-01-14.parquet",278779650
"data/africa_full_predictor_data/africa_full_predictor_data_2020-01-15.parquet",279341579
"data/africa_full_predictor_data/africa_full_predictor_data_2020-01-16.parquet",279440989
"data/africa_full_predictor_data/africa_full_predictor_data_2020-01-17.parquet",279783550
"data/africa_full_predictor_data/africa_full_predictor_data_2020-01-18.parquet",280237070
"data/africa_full_predictor_data/africa_full_predictor_data_2020-01-19.parquet",279955328
"data/africa_full_predictor_data/africa_full_predictor_data_2020-01-20.parquet",279965158
"data/africa_full_predictor_data/africa_full_predictor_data_2020-01-21.parquet",279954532
"data/africa_full_predictor_data/africa_full_predictor_data_2020-01-22.parquet",279896738
"data/africa_full_predictor_data/africa_full_predictor_data_2020-01-23.parquet",279480133
"data/africa_full_predictor_data/africa_full_predictor_data_2020-01-24.parquet",279691254
"data/africa_full_predictor_data/africa_full_predictor_data_2020-01-25.parquet",280059949
"data/africa_full_predictor_data/africa_full_predictor_data_2020-01-26.parquet",280345893
"data/africa_full_predictor_data/africa_full_predictor_data_2020-01-27.parquet",280498945
"data/africa_full_predictor_data/africa_full_predictor_data_2020-01-28.parquet",280736649
"data/africa_full_predictor_data/africa_full_predictor_data_2020-01-29.parquet",280131554
"data/africa_full_predictor_data/africa_full_predictor_data_2020-01-30.parquet",280240889
"data/africa_full_predictor_data/africa_full_predictor_data_2020-01-31.parquet",280046756
"data/africa_full_predictor_data/africa_full_predictor_data_2020-02-01.parquet",279467181
"data/africa_full_predictor_data/africa_full_predictor_data_2020-02-02.parquet",280125318
"data/africa_full_predictor_data/africa_full_predictor_data_2020-02-03.parquet",280026591
"data/africa_full_predictor_data/africa_full_predictor_data_2020-02-04.parquet",279607632
"data/africa_full_predictor_data/africa_full_predictor_data_2020-02-05.parquet",279602246
"data/africa_full_predictor_data/africa_full_predictor_data_2020-02-06.parquet",280501916
"data/africa_full_predictor_data/africa_full_predictor_data_2020-02-07.parquet",280292743
"data/africa_full_predictor_data/africa_full_predictor_data_2020-02-08.parquet",279929940
"data/africa_full_predictor_data/africa_full_predictor_data_2020-02-09.parquet",280058500
"data/africa_full_predictor_data/africa_full_predictor_data_2020-02-10.parquet",280267846
"data/africa_full_predictor_data/africa_full_predictor_data_2020-02-11.parquet",280249603
"data/africa_full_predictor_data/africa_full_predictor_data_2020-02-12.parquet",280524077
"data/africa_full_predictor_data/africa_full_predictor_data_2020-02-13.parquet",280186970
"data/africa_full_predictor_data/africa_full_predictor_data_2020-02-14.parquet",280217022
"data/africa_full_predictor_data/africa_full_predictor_data_2020-02-15.parquet",280418983
"data/africa_full_predictor_data/africa_full_predictor_data_2020-02-16.parquet",280347607
"data/africa_full_predictor_data/africa_full_predictor_data_2020-02-17.parquet",280230265
"data/africa_full_predictor_data/africa_full_predictor_data_2020-02-18.parquet",280534493
"data/africa_full_predictor_data/africa_full_predictor_data_2020-02-19.parquet",280745751
"data/africa_full_predictor_data/africa_full_predictor_data_2020-02-20.parquet",280518030
"data/africa_full_predictor_data/africa_full_predictor_data_2020-02-21.parquet",280363222
"data/africa_full_predictor_data/africa_full_predictor_data_2020-02-22.parquet",280797166
"data/africa_full_predictor_data/africa_full_predictor_data_2020-02-23.parquet",280519221
"data/africa_full_predictor_data/africa_full_predictor_data_2020-02-24.parquet",281193566
"data/africa_full_predictor_data/africa_full_predictor_data_2020-02-25.parquet",280899318
"data/africa_full_predictor_data/africa_full_predictor_data_2020-02-26.parquet",280298235
"data/africa_full_predictor_data/africa_full_predictor_data_2020-02-27.parquet",279888744
"data/africa_full_predictor_data/africa_full_predictor_data_2020-02-28.parquet",280341693
"data/africa_full_predictor_data/africa_full_predictor_data_2020-02-29.parquet",280722453
"data/africa_full_predictor_data/africa_full_predictor_data_2020-03-01.parquet",280231646
"data/africa_full_predictor_data/africa_full_predictor_data_2020-03-02.parquet",280008306
"data/africa_full_predictor_data/africa_full_predictor_data_2020-03-03.parquet",279718814
"data/africa_full_predictor_data/africa_full_predictor_data_2020-03-04.parquet",279984302
"data/africa_full_predictor_data/africa_full_predictor_data_2020-03-05.parquet",279737373
"data/africa_full_predictor_data/africa_full_predictor_data_2020-03-06.parquet",280150995
"data/africa_full_predictor_data/africa_full_predictor_data_2020-03-07.parquet",280141310
"data/africa_full_predictor_data/africa_full_predictor_data_2020-03-08.parquet",280354987
"data/africa_full_predictor_data/africa_full_predictor_data_2020-03-09.parquet",280683368
"data/africa_full_predictor_data/africa_full_predictor_data_2020-03-10.parquet",280694566
"data/africa_full_predictor_data/africa_full_predictor_data_2020-03-11.parquet",280421014
"data/africa_full_predictor_data/africa_full_predictor_data_2020-03-12.parquet",280939479
"data/africa_full_predictor_data/africa_full_predictor_data_2020-03-13.parquet",280800044
"data/africa_full_predictor_data/africa_full_predictor_data_2020-03-14.parquet",280249287
"data/africa_full_predictor_data/africa_full_predictor_data_2020-03-15.parquet",280989749
"data/africa_full_predictor_data/africa_full_predictor_data_2020-03-16.parquet",280289059
"data/africa_full_predictor_data/africa_full_predictor_data_2020-03-17.parquet",280910743
"data/africa_full_predictor_data/africa_full_predictor_data_2020-03-18.parquet",281257603
"data/africa_full_predictor_data/africa_full_predictor_data_2020-03-19.parquet",281109981
"data/africa_full_predictor_data/africa_full_predictor_data_2020-03-20.parquet",280802910
"data/africa_full_predictor_data/africa_full_predictor_data_2020-03-21.parquet",281412457
"data/africa_full_predictor_data/africa_full_predictor_data_2020-03-22.parquet",281552558
"data/africa_full_predictor_data/africa_full_predictor_data_2020-03-23.parquet",281103292
"data/africa_full_predictor_data/africa_full_predictor_data_2020-03-24.parquet",281365402
"data/africa_full_predictor_data/africa_full_predictor_data_2020-03-25.parquet",281678255
"data/africa_full_predictor_data/africa_full_predictor_data_2020-03-26.parquet",280742300
"data/africa_full_predictor_data/africa_full_predictor_data_2020-03-27.parquet",281268521
"data/africa_full_predictor_data/africa_full_predictor_data_2020-03-28.parquet",281575485
"data/africa_full_predictor_data/africa_full_predictor_data_2020-03-29.parquet",281379444
"data/africa_full_predictor_data/africa_full_predictor_data_2020-03-30.parquet",281342627
"data/africa_full_predictor_data/africa_full_predictor_data_2020-03-31.parquet",280588063
"data/africa_full_predictor_data/africa_full_predictor_data_2020-04-01.parquet",280406132
"data/africa_full_predictor_data/africa_full_predictor_data_2020-04-02.parquet",280419138
"data/africa_full_predictor_data/africa_full_predictor_data_2020-04-03.parquet",280606968
"data/africa_full_predictor_data/africa_full_predictor_data_2020-04-04.parquet",280911443
"data/africa_full_predictor_data/africa_full_predictor_data_2020-04-05.parquet",280774275
"data/africa_full_predictor_data/africa_full_predictor_data_2020-04-06.parquet",280888996
"data/africa_full_predictor_data/africa_full_predictor_data_2020-04-07.parquet",280673709
"data/africa_full_predictor_data/africa_full_predictor_data_2020-04-08.parquet",281353722
"data/africa_full_predictor_data/africa_full_predictor_data_2020-04-09.parquet",281658848
"data/africa_full_predictor_data/africa_full_predictor_data_2020-04-10.parquet",281480632
"data/africa_full_predictor_data/africa_full_predictor_data_2020-04-11.parquet",281904738
"data/africa_full_predictor_data/africa_full_predictor_data_2020-04-12.parquet",281560326
"data/africa_full_predictor_data/africa_full_predictor_data_2020-04-13.parquet",281724458
"data/africa_full_predictor_data/africa_full_predictor_data_2020-04-14.parquet",281657333
"data/africa_full_predictor_data/africa_full_predictor_data_2020-04-15.parquet",281482154
"data/africa_full_predictor_data/africa_full_predictor_data_2020-04-16.parquet",281321023
"data/africa_full_predictor_data/africa_full_predictor_data_2020-04-17.parquet",281538785
"data/africa_full_predictor_data/africa_full_predictor_data_2020-04-18.parquet",281614423
"data/africa_full_predictor_data/africa_full_predictor_data_2020-04-19.parquet",281477466
"data/africa_full_predictor_data/africa_full_predictor_data_2020-04-20.parquet",281159571
"data/africa_full_predictor_data/africa_full_predictor_data_2020-04-21.parquet",281557390
"data/africa_full_predictor_data/africa_full_predictor_data_2020-04-22.parquet",281713746
"data/africa_full_predictor_data/africa_full_predictor_data_2020-04-23.parquet",282130286
"data/africa_full_predictor_data/africa_full_predictor_data_2020-04-24.parquet",281804190
"data/africa_full_predictor_data/africa_full_predictor_data_2020-04-25.parquet",281674428
"data/africa_full_predictor_data/africa_full_predictor_data_2020-04-26.parquet",281654929
"data/africa_full_predictor_data/africa_full_predictor_data_2020-04-27.parquet",281504745
"data/africa_full_predictor_data/africa_full_predictor_data_2020-04-28.parquet",281923991
"data/africa_full_predictor_data/africa_full_predictor_data_2020-04-29.parquet",281979537
"data/africa_full_predictor_data/africa_full_predictor_data_2020-04-30.parquet",281910148
"data/africa_full_predictor_data/africa_full_predictor_data_2020-05-01.parquet",281577009
"data/africa_full_predictor_data/africa_full_predictor_data_2020-05-02.parquet",281525967
"data/africa_full_predictor_data/africa_full_predictor_data_2020-05-03.parquet",281542460
"data/africa_full_predictor_data/africa_full_predictor_data_2020-05-04.parquet",281400727
"data/africa_full_predictor_data/africa_full_predictor_data_2020-05-05.parquet",281722656
"data/africa_full_predictor_data/africa_full_predictor_data_2020-05-06.parquet",281471971
"data/africa_full_predictor_data/africa_full_predictor_data_2020-05-07.parquet",282117844
"data/africa_full_predictor_data/africa_full_predictor_data_2020-05-08.parquet",282015950
"data/africa_full_predictor_data/africa_full_predictor_data_2020-05-09.parquet",281375642
"data/africa_full_predictor_data/africa_full_predictor_data_2020-05-10.parquet",281338172
"data/africa_full_predictor_data/africa_full_predictor_data_2020-05-11.parquet",281193596
"data/africa_full_predictor_data/africa_full_predictor_data_2020-05-12.parquet",280992202
"data/africa_full_predictor_data/africa_full_predictor_data_2020-05-13.parquet",281308240
"data/africa_full_predictor_data/africa_full_predictor_data_2020-05-14.parquet",281281475
"data/africa_full_predictor_data/africa_full_predictor_data_2020-05-15.parquet",281060874
"data/africa_full_predictor_data/africa_full_predictor_data_2020-05-16.parquet",280981427
"data/africa_full_predictor_data/africa_full_predictor_data_2020-05-17.parquet",280734861
"data/africa_full_predictor_data/africa_full_predictor_data_2020-05-18.parquet",281092054
"data/africa_full_predictor_data/africa_full_predictor_data_2020-05-19.parquet",281165793
"data/africa_full_predictor_data/africa_full_predictor_data_2020-05-20.parquet",280954214
"data/africa_full_predictor_data/africa_full_predictor_data_2020-05-21.parquet",280545747
"data/africa_full_predictor_data/africa_full_predictor_data_2020-05-22.parquet",280685890
"data/africa_full_predictor_data/africa_full_predictor_data_2020-05-23.parquet",280934751
"data/africa_full_predictor_data/africa_full_predictor_data_2020-05-24.parquet",281234428
"data/africa_full_predictor_data/africa_full_predictor_data_2020-05-25.parquet",280558049
"data/africa_full_predictor_data/africa_full_predictor_data_2020-05-26.parquet",281425307
"data/africa_full_predictor_data/africa_full_predictor_data_2020-05-27.parquet",281522236
"data/africa_full_predictor_data/africa_full_predictor_data_2020-05-28.parquet",280982732
"data/africa_full_predictor_data/africa_full_predictor_data_2020-05-29.parquet",281000141
"data/africa_full_predictor_data/africa_full_predictor_data_2020-05-30.parquet",280361886
"data/africa_full_predictor_data/africa_full_predictor_data_2020-05-31.parquet",280389254
"data/africa_full_predictor_data/africa_full_predictor_data_2020-06-01.parquet",280823568
"data/africa_full_predictor_data/africa_full_predictor_data_2020-06-02.parquet",280440818
"data/africa_full_predictor_data/africa_full_predictor_data_2020-06-03.parquet",280175779
"data/africa_full_predictor_data/africa_full_predictor_data_2020-06-04.parquet",280072071
"data/africa_full_predictor_data/africa_full_predictor_data_2020-06-05.parquet",280468277
"data/africa_full_predictor_data/africa_full_predictor_data_2020-06-06.parquet",280394141
"data/africa_full_predictor_data/africa_full_predictor_data_2020-06-07.parquet",280361668
"data/africa_full_predictor_data/africa_full_predictor_data_2020-06-08.parquet",280037769
"data/africa_full_predictor_data/africa_full_predictor_data_2020-06-09.parquet",279876013
"data/africa_full_predictor_data/africa_full_predictor_data_2020-06-10.parquet",279705345
"data/africa_full_predictor_data/africa_full_predictor_data_2020-06-11.parquet",279901317
"data/africa_full_predictor_data/africa_full_predictor_data_2020-06-12.parquet",279619823
"data/africa_full_predictor_data/africa_full_predictor_data_2020-06-13.parquet",279842921
"data/africa_full_predictor_data/africa_full_predictor_data_2020-06-14.parquet",279046806
"data/africa_full_predictor_data/africa_full_predictor_data_2020-06-15.parquet",278665637
"data/africa_full_predictor_data/africa_full_predictor_data_2020-06-16.parquet",279328175
"data/africa_full_predictor_data/africa_full_predictor_data_2020-06-17.parquet",279582758
"data/africa_full_predictor_data/africa_full_predictor_data_2020-06-18.parquet",278951454
"data/africa_full_predictor_data/africa_full_predictor_data_2020-06-19.parquet",279297407
"data/africa_full_predictor_data/africa_full_predictor_data_2020-06-20.parquet",279429162
"data/africa_full_predictor_data/africa_full_predictor_data_2020-06-21.parquet",279381279
"data/africa_full_predictor_data/africa_full_predictor_data_2020-06-22.parquet",279365994
"data/africa_full_predictor_data/africa_full_predictor_data_2020-06-23.parquet",278939855
"data/africa_full_predictor_data/africa_full_predictor_data_2020-06-24.parquet",279471108
"data/africa_full_predictor_data/africa_full_predictor_data_2020-06-25.parquet",279552329
"data/africa_full_predictor_data/africa_full_predictor_data_2020-06-26.parquet",279059702
"data/africa_full_predictor_data/africa_full_predictor_data_2020-06-27.parquet",279109201
"data/africa_full_predictor_data/africa_full_predictor_data_2020-06-28.parquet",279712971
"data/africa_full_predictor_data/africa_full_predictor_data_2020-06-29.parquet",279302369
"data/africa_full_predictor_data/africa_full_predictor_data_2020-06-30.parquet",278122996
"data/africa_full_predictor_data/africa_full_predictor_data_2020-07-01.parquet",277940076
"data/africa_full_predictor_data/africa_full_predictor_data_2020-07-02.parquet",277355604
"data/africa_full_predictor_data/africa_full_predictor_data_2020-07-03.parquet",277571081
"data/africa_full_predictor_data/africa_full_predictor_data_2020-07-04.parquet",278137135
"data/africa_full_predictor_data/africa_full_predictor_data_2020-07-05.parquet",278430947
"data/africa_full_predictor_data/africa_full_predictor_data_2020-07-06.parquet",278874715
"data/africa_full_predictor_data/africa_full_predictor_data_2020-07-07.parquet",278611145
"data/africa_full_predictor_data/africa_full_predictor_data_2020-07-08.parquet",278431385
"data/africa_full_predictor_data/africa_full_predictor_data_2020-07-09.parquet",278120408
"data/africa_full_predictor_data/africa_full_predictor_data_2020-07-10.parquet",278628913
"data/africa_full_predictor_data/africa_full_predictor_data_2020-07-11.parquet",278246442
"data/africa_full_predictor_data/africa_full_predictor_data_2020-07-12.parquet",278732486
"data/africa_full_predictor_data/africa_full_predictor_data_2020-07-13.parquet",278660440
"data/africa_full_predictor_data/africa_full_predictor_data_2020-07-14.parquet",278368105
"data/africa_full_predictor_data/africa_full_predictor_data_2020-07-15.parquet",278581021
"data/africa_full_predictor_data/africa_full_predictor_data_2020-07-16.parquet",278416085
"data/africa_full_predictor_data/africa_full_predictor_data_2020-07-17.parquet",279153151
"data/africa_full_predictor_data/africa_full_predictor_data_2020-07-18.parquet",278673453
"data/africa_full_predictor_data/africa_full_predictor_data_2020-07-19.parquet",278923278
"data/africa_full_predictor_data/africa_full_predictor_data_2020-07-20.parquet",279013309
"data/africa_full_predictor_data/africa_full_predictor_data_2020-07-21.parquet",279089453
"data/africa_full_predictor_data/africa_full_predictor_data_2020-07-22.parquet",279120971
"data/africa_full_predictor_data/africa_full_predictor_data_2020-07-23.parquet",279098834
"data/africa_full_predictor_data/africa_full_predictor_data_2020-07-24.parquet",278884523
"data/africa_full_predictor_data/africa_full_predictor_data_2020-07-25.parquet",279154082
"data/africa_full_predictor_data/africa_full_predictor_data_2020-07-26.parquet",279110007
"data/africa_full_predictor_data/africa_full_predictor_data_2020-07-27.parquet",279203783
"data/africa_full_predictor_data/africa_full_predictor_data_2020-07-28.parquet",279479045
"data/africa_full_predictor_data/africa_full_predictor_data_2020-07-29.parquet",279016473
"data/africa_full_predictor_data/africa_full_predictor_data_2020-07-30.parquet",279866769
"data/africa_full_predictor_data/africa_full_predictor_data_2020-07-31.parquet",279246128
"data/africa_full_predictor_data/africa_full_predictor_data_2020-08-01.parquet",279468481
"data/africa_full_predictor_data/africa_full_predictor_data_2020-08-02.parquet",279273829
"data/africa_full_predictor_data/africa_full_predictor_data_2020-08-03.parquet",279746950
"data/africa_full_predictor_data/africa_full_predictor_data_2020-08-04.parquet",279213255
"data/africa_full_predictor_data/africa_full_predictor_data_2020-08-05.parquet",279389294
"data/africa_full_predictor_data/africa_full_predictor_data_2020-08-06.parquet",279290080
"data/africa_full_predictor_data/africa_full_predictor_data_2020-08-07.parquet",1614
"data/africa_full_predictor_data/africa_full_predictor_data_2020-08-08.parquet",279057745
"data/africa_full_predictor_data/africa_full_predictor_data_2020-08-09.parquet",278837733
"data/africa_full_predictor_data/africa_full_predictor_data_2020-08-10.parquet",279385138
"data/africa_full_predictor_data/africa_full_predictor_data_2020-08-11.parquet",278642797
"data/africa_full_predictor_data/africa_full_predictor_data_2020-08-12.parquet",278599426
"data/africa_full_predictor_data/africa_full_predictor_data_2020-08-13.parquet",278894350
"data/africa_full_predictor_data/africa_full_predictor_data_2020-08-14.parquet",278823417
"data/africa_full_predictor_data/africa_full_predictor_data_2020-08-15.parquet",278753920
"data/africa_full_predictor_data/africa_full_predictor_data_2020-08-16.parquet",278925481
"data/africa_full_predictor_data/africa_full_predictor_data_2020-08-17.parquet",278570103
"data/africa_full_predictor_data/africa_full_predictor_data_2020-08-18.parquet",279219409
"data/africa_full_predictor_data/africa_full_predictor_data_2020-08-19.parquet",278840385
"data/africa_full_predictor_data/africa_full_predictor_data_2020-08-20.parquet",279073996
"data/africa_full_predictor_data/africa_full_predictor_data_2020-08-21.parquet",278998295
"data/africa_full_predictor_data/africa_full_predictor_data_2020-08-22.parquet",279629283
"data/africa_full_predictor_data/africa_full_predictor_data_2020-08-23.parquet",279523976
"data/africa_full_predictor_data/africa_full_predictor_data_2020-08-24.parquet",279122749
"data/africa_full_predictor_data/africa_full_predictor_data_2020-08-25.parquet",279670091
"data/africa_full_predictor_data/africa_full_predictor_data_2020-08-26.parquet",279464038
"data/africa_full_predictor_data/africa_full_predictor_data_2020-08-27.parquet",279823140
"data/africa_full_predictor_data/africa_full_predictor_data_2020-08-28.parquet",279067140
"data/africa_full_predictor_data/africa_full_predictor_data_2020-08-29.parquet",279542631
"data/africa_full_predictor_data/africa_full_predictor_data_2020-08-30.parquet",279525082
"data/africa_full_predictor_data/africa_full_predictor_data_2020-08-31.parquet",279435428
"data/africa_full_predictor_data/africa_full_predictor_data_2020-09-01.parquet",279311505
"data/africa_full_predictor_data/africa_full_predictor_data_2020-09-02.parquet",279008160
"data/africa_full_predictor_data/africa_full_predictor_data_2020-09-03.parquet",279258258
"data/africa_full_predictor_data/africa_full_predictor_data_2020-09-04.parquet",279534421
"data/africa_full_predictor_data/africa_full_predictor_data_2020-09-05.parquet",279718747
"data/africa_full_predictor_data/africa_full_predictor_data_2020-09-06.parquet",280176513
"data/africa_full_predictor_data/africa_full_predictor_data_2020-09-07.parquet",279051943
"data/africa_full_predictor_data/africa_full_predictor_data_2020-09-08.parquet",279263325
"data/africa_full_predictor_data/africa_full_predictor_data_2020-09-09.parquet",279269597
"data/africa_full_predictor_data/africa_full_predictor_data_2020-09-10.parquet",278937618
"data/africa_full_predictor_data/africa_full_predictor_data_2020-09-11.parquet",279252147
"data/africa_full_predictor_data/africa_full_predictor_data_2020-09-12.parquet",279325917
"data/africa_full_predictor_data/africa_full_predictor_data_2020-09-13.parquet",278823163
"data/africa_full_predictor_data/africa_full_predictor_data_2020-09-14.parquet",278798470
"data/africa_full_predictor_data/africa_full_predictor_data_2020-09-15.parquet",279107137
"data/africa_full_predictor_data/africa_full_predictor_data_2020-09-16.parquet",278917979
"data/africa_full_predictor_data/africa_full_predictor_data_2020-09-17.parquet",279456044
"data/africa_full_predictor_data/africa_full_predictor_data_2020-09-18.parquet",280296254
"data/africa_full_predictor_data/africa_full_predictor_data_2020-09-19.parquet",279399244
"data/africa_full_predictor_data/africa_full_predictor_data_2020-09-20.parquet",279499519
"data/africa_full_predictor_data/africa_full_predictor_data_2020-09-21.parquet",279432875
"data/africa_full_predictor_data/africa_full_predictor_data_2020-09-22.parquet",279692780
"data/africa_full_predictor_data/africa_full_predictor_data_2020-09-23.parquet",279439274
"data/africa_full_predictor_data/africa_full_predictor_data_2020-09-24.parquet",279459421
"data/africa_full_predictor_data/africa_full_predictor_data_2020-09-25.parquet",279471821
"data/africa_full_predictor_data/africa_full_predictor_data_2020-09-26.parquet",279844421
"data/africa_full_predictor_data/africa_full_predictor_data_2020-09-27.parquet",279948688
"data/africa_full_predictor_data/africa_full_predictor_data_2020-09-28.parquet",279949267
"data/africa_full_predictor_data/africa_full_predictor_data_2020-09-29.parquet",280089355
"data/africa_full_predictor_data/africa_full_predictor_data_2020-09-30.parquet",280249690
"data/africa_full_predictor_data/africa_full_predictor_data_2020-10-01.parquet",280293909
"data/africa_full_predictor_data/africa_full_predictor_data_2020-10-02.parquet",280307194
"data/africa_full_predictor_data/africa_full_predictor_data_2020-10-03.parquet",280475371
"data/africa_full_predictor_data/africa_full_predictor_data_2020-10-04.parquet",280296685
"data/africa_full_predictor_data/africa_full_predictor_data_2020-10-05.parquet",280227119
"data/africa_full_predictor_data/africa_full_predictor_data_2020-10-06.parquet",280392477
"data/africa_full_predictor_data/africa_full_predictor_data_2020-10-07.parquet",280251878
"data/africa_full_predictor_data/africa_full_predictor_data_2020-10-08.parquet",280296682
"data/africa_full_predictor_data/africa_full_predictor_data_2020-10-09.parquet",280342635
"data/africa_full_predictor_data/africa_full_predictor_data_2020-10-10.parquet",280587029
"data/africa_full_predictor_data/africa_full_predictor_data_2020-10-11.parquet",280249329
"data/africa_full_predictor_data/africa_full_predictor_data_2020-10-12.parquet",281117068
"data/africa_full_predictor_data/africa_full_predictor_data_2020-10-13.parquet",280952628
"data/africa_full_predictor_data/africa_full_predictor_data_2020-10-14.parquet",280642506
"data/africa_full_predictor_data/africa_full_predictor_data_2020-10-15.parquet",280848020
"data/africa_full_predictor_data/africa_full_predictor_data_2020-10-16.parquet",280508264
"data/africa_full_predictor_data/africa_full_predictor_data_2020-10-17.parquet",280342845
"data/africa_full_predictor_data/africa_full_predictor_data_2020-10-18.parquet",281045243
"data/africa_full_predictor_data/africa_full_predictor_data_2020-10-19.parquet",280835953
"data/africa_full_predictor_data/africa_full_predictor_data_2020-10-20.parquet",280831784
"data/africa_full_predictor_data/africa_full_predictor_data_2020-10-21.parquet",280519730
"data/africa_full_predictor_data/africa_full_predictor_data_2020-10-22.parquet",280435558
"data/africa_full_predictor_data/africa_full_predictor_data_2020-10-23.parquet",280528190
"data/africa_full_predictor_data/africa_full_predictor_data_2020-10-24.parquet",280608968
"data/africa_full_predictor_data/africa_full_predictor_data_2020-10-25.parquet",280485611
"data/africa_full_predictor_data/africa_full_predictor_data_2020-10-26.parquet",280849604
"data/africa_full_predictor_data/africa_full_predictor_data_2020-10-27.parquet",280708162
"data/africa_full_predictor_data/africa_full_predictor_data_2020-10-28.parquet",280715247
"data/africa_full_predictor_data/africa_full_predictor_data_2020-10-29.parquet",280470302
"data/africa_full_predictor_data/africa_full_predictor_data_2020-10-30.parquet",280305688
"data/africa_full_predictor_data/africa_full_predictor_data_2020-10-31.parquet",280498810
"data/africa_full_predictor_data/africa_full_predictor_data_2020-11-01.parquet",280280429
"data/africa_full_predictor_data/africa_full_predictor_data_2020-11-02.parquet",280358582
"data/africa_full_predictor_data/africa_full_predictor_data_2020-11-03.parquet",280455009
"data/africa_full_predictor_data/africa_full_predictor_data_2020-11-04.parquet",280433477
"data/africa_full_predictor_data/africa_full_predictor_data_2020-11-05.parquet",280318498
"data/africa_full_predictor_data/africa_full_predictor_data_2020-11-06.parquet",280687250
"data/africa_full_predictor_data/africa_full_predictor_data_2020-11-07.parquet",280409800
"data/africa_full_predictor_data/africa_full_predictor_data_2020-11-08.parquet",281028006
"data/africa_full_predictor_data/africa_full_predictor_data_2020-11-09.parquet",280984182
"data/africa_full_predictor_data/africa_full_predictor_data_2020-11-10.parquet",280150457
"data/africa_full_predictor_data/africa_full_predictor_data_2020-11-11.parquet",279520457
"data/africa_full_predictor_data/africa_full_predictor_data_2020-11-12.parquet",279531848
"data/africa_full_predictor_data/africa_full_predictor_data_2020-11-13.parquet",279690714
"data/africa_full_predictor_data/africa_full_predictor_data_2020-11-14.parquet",279546444
"data/africa_full_predictor_data/africa_full_predictor_data_2020-11-15.parquet",279581758
"data/africa_full_predictor_data/africa_full_predictor_data_2020-11-16.parquet",279480968
"data/africa_full_predictor_data/africa_full_predictor_data_2020-11-17.parquet",279729347
"data/africa_full_predictor_data/africa_full_predictor_data_2020-11-18.parquet",280130333
"data/africa_full_predictor_data/africa_full_predictor_data_2020-11-19.parquet",279791391
"data/africa_full_predictor_data/africa_full_predictor_data_2020-11-20.parquet",279775351
"data/africa_full_predictor_data/africa_full_predictor_data_2020-11-21.parquet",279742594
"data/africa_full_predictor_data/africa_full_predictor_data_2020-11-22.parquet",279633175
"data/africa_full_predictor_data/africa_full_predictor_data_2020-11-23.parquet",279441263
"data/africa_full_predictor_data/africa_full_predictor_data_2020-11-24.parquet",279280650
"data/africa_full_predictor_data/africa_full_predictor_data_2020-11-25.parquet",279284160
"data/africa_full_predictor_data/africa_full_predictor_data_2020-11-26.parquet",279090255
"data/africa_full_predictor_data/africa_full_predictor_data_2020-11-27.parquet",279251944
"data/africa_full_predictor_data/africa_full_predictor_data_2020-11-28.parquet",279393454
"data/africa_full_predictor_data/africa_full_predictor_data_2020-11-29.parquet",279655818
"data/africa_full_predictor_data/africa_full_predictor_data_2020-11-30.parquet",279557949
"data/africa_full_predictor_data/africa_full_predictor_data_2020-12-01.parquet",279539215
"data/africa_full_predictor_data/africa_full_predictor_data_2020-12-02.parquet",279218204
"data/africa_full_predictor_data/africa_full_predictor_data_2020-12-03.parquet",279485826
"data/africa_full_predictor_data/africa_full_predictor_data_2020-12-04.parquet",279448543
"data/africa_full_predictor_data/africa_full_predictor_data_2020-12-05.parquet",279455653
"data/africa_full_predictor_data/africa_full_predictor_data_2020-12-06.parquet",279526522
"data/africa_full_predictor_data/africa_full_predictor_data_2020-12-07.parquet",279236489
"data/africa_full_predictor_data/africa_full_predictor_data_2020-12-08.parquet",279180918
"data/africa_full_predictor_data/africa_full_predictor_data_2020-12-09.parquet",279270040
"data/africa_full_predictor_data/africa_full_predictor_data_2020-12-10.parquet",279136472
"data/africa_full_predictor_data/africa_full_predictor_data_2020-12-11.parquet",278942672
"data/africa_full_predictor_data/africa_full_predictor_data_2020-12-12.parquet",278706374
"data/africa_full_predictor_data/africa_full_predictor_data_2020-12-13.parquet",279115998
"data/africa_full_predictor_data/africa_full_predictor_data_2020-12-14.parquet",279562249
"data/africa_full_predictor_data/africa_full_predictor_data_2020-12-15.parquet",278832554
"data/africa_full_predictor_data/africa_full_predictor_data_2020-12-16.parquet",278732804
"data/africa_full_predictor_data/africa_full_predictor_data_2020-12-17.parquet",278108563
"data/africa_full_predictor_data/africa_full_predictor_data_2020-12-18.parquet",278273325
"data/africa_full_predictor_data/africa_full_predictor_data_2020-12-19.parquet",278976991
"data/africa_full_predictor_data/africa_full_predictor_data_2020-12-20.parquet",278396937
"data/africa_full_predictor_data/africa_full_predictor_data_2020-12-21.parquet",278359771
"data/africa_full_predictor_data/africa_full_predictor_data_2020-12-22.parquet",278805726
"data/africa_full_predictor_data/africa_full_predictor_data_2020-12-23.parquet",278260963
"data/africa_full_predictor_data/africa_full_predictor_data_2020-12-24.parquet",278401271
"data/africa_full_predictor_data/africa_full_predictor_data_2020-12-25.parquet",278460238
"data/africa_full_predictor_data/africa_full_predictor_data_2020-12-26.parquet",278136264
"data/africa_full_predictor_data/africa_full_predictor_data_2020-12-27.parquet",278577408
"data/africa_full_predictor_data/africa_full_predictor_data_2020-12-28.parquet",278795939
"data/africa_full_predictor_data/africa_full_predictor_data_2020-12-29.parquet",278585175
"data/africa_full_predictor_data/africa_full_predictor_data_2020-12-30.parquet",278681225
"data/africa_full_predictor_data/africa_full_predictor_data_2020-12-31.parquet",274914407
"data/africa_full_predictor_data/africa_full_predictor_data_2021-01-01.parquet",279497197
"data/africa_full_predictor_data/africa_full_predictor_data_2021-01-02.parquet",279152880
"data/africa_full_predictor_data/africa_full_predictor_data_2021-01-03.parquet",279255541
"data/africa_full_predictor_data/africa_full_predictor_data_2021-01-04.parquet",279434837
"data/africa_full_predictor_data/africa_full_predictor_data_2021-01-05.parquet",279660818
"data/africa_full_predictor_data/africa_full_predictor_data_2021-01-06.parquet",279667823
"data/africa_full_predictor_data/africa_full_predictor_data_2021-01-07.parquet",279664440
"data/africa_full_predictor_data/africa_full_predictor_data_2021-01-08.parquet",279528748
"data/africa_full_predictor_data/africa_full_predictor_data_2021-01-09.parquet",279408873
"data/africa_full_predictor_data/africa_full_predictor_data_2021-01-10.parquet",279551984
"data/africa_full_predictor_data/africa_full_predictor_data_2021-01-11.parquet",279149887
"data/africa_full_predictor_data/africa_full_predictor_data_2021-01-12.parquet",279251980
"data/africa_full_predictor_data/africa_full_predictor_data_2021-01-13.parquet",278995557
"data/africa_full_predictor_data/africa_full_predictor_data_2021-01-14.parquet",278742196
"data/africa_full_predictor_data/africa_full_predictor_data_2021-01-15.parquet",279235070
"data/africa_full_predictor_data/africa_full_predictor_data_2021-01-16.parquet",279062296
"data/africa_full_predictor_data/africa_full_predictor_data_2021-01-17.parquet",280273399
"data/africa_full_predictor_data/africa_full_predictor_data_2021-01-18.parquet",280180258
"data/africa_full_predictor_data/africa_full_predictor_data_2021-01-19.parquet",279855233
"data/africa_full_predictor_data/africa_full_predictor_data_2021-01-20.parquet",279686012
"data/africa_full_predictor_data/africa_full_predictor_data_2021-01-21.parquet",279845888
"data/africa_full_predictor_data/africa_full_predictor_data_2021-01-22.parquet",279714018
"data/africa_full_predictor_data/africa_full_predictor_data_2021-01-23.parquet",279317772
"data/africa_full_predictor_data/africa_full_predictor_data_2021-01-24.parquet",279366681
"data/africa_full_predictor_data/africa_full_predictor_data_2021-01-25.parquet",279770487
"data/africa_full_predictor_data/africa_full_predictor_data_2021-01-26.parquet",280063969
"data/africa_full_predictor_data/africa_full_predictor_data_2021-01-27.parquet",280521135
"data/africa_full_predictor_data/africa_full_predictor_data_2021-01-28.parquet",280134973
"data/africa_full_predictor_data/africa_full_predictor_data_2021-01-29.parquet",279968910
"data/africa_full_predictor_data/africa_full_predictor_data_2021-01-30.parquet",279490858
"data/africa_full_predictor_data/africa_full_predictor_data_2021-01-31.parquet",280177647
"data/africa_full_predictor_data/africa_full_predictor_data_2021-02-01.parquet",279760677
"data/africa_full_predictor_data/africa_full_predictor_data_2021-02-02.parquet",280244673
"data/africa_full_predictor_data/africa_full_predictor_data_2021-02-03.parquet",279985286
"data/africa_full_predictor_data/africa_full_predictor_data_2021-02-04.parquet",279392978
"data/africa_full_predictor_data/africa_full_predictor_data_2021-02-05.parquet",280012933
"data/africa_full_predictor_data/africa_full_predictor_data_2021-02-06.parquet",280358084
"data/africa_full_predictor_data/africa_full_predictor_data_2021-02-07.parquet",280327759
"data/africa_full_predictor_data/africa_full_predictor_data_2021-02-08.parquet",280063329
"data/africa_full_predictor_data/africa_full_predictor_data_2021-02-09.parquet",280223725
"data/africa_full_predictor_data/africa_full_predictor_data_2021-02-10.parquet",280088592
"data/africa_full_predictor_data/africa_full_predictor_data_2021-02-11.parquet",280213231
"data/africa_full_predictor_data/africa_full_predictor_data_2021-02-12.parquet",279869248
"data/africa_full_predictor_data/africa_full_predictor_data_2021-02-13.parquet",280231018
"data/africa_full_predictor_data/africa_full_predictor_data_2021-02-14.parquet",280006501
"data/africa_full_predictor_data/africa_full_predictor_data_2021-02-15.parquet",280473134
"data/africa_full_predictor_data/africa_full_predictor_data_2021-02-16.parquet",280680686
"data/africa_full_predictor_data/africa_full_predictor_data_2021-02-17.parquet",280485454
"data/africa_full_predictor_data/africa_full_predictor_data_2021-02-18.parquet",280464729
"data/africa_full_predictor_data/africa_full_predictor_data_2021-02-19.parquet",280994409
"data/africa_full_predictor_data/africa_full_predictor_data_2021-02-20.parquet",280428940
"data/africa_full_predictor_data/africa_full_predictor_data_2021-02-21.parquet",280681911
"data/africa_full_predictor_data/africa_full_predictor_data_2021-02-22.parquet",280167188
"data/africa_full_predictor_data/africa_full_predictor_data_2021-02-23.parquet",279924761
"data/africa_full_predictor_data/africa_full_predictor_data_2021-02-24.parquet",280163662
"data/africa_full_predictor_data/africa_full_predictor_data_2021-02-25.parquet",280190469
"data/africa_full_predictor_data/africa_full_predictor_data_2021-02-26.parquet",279802386
"data/africa_full_predictor_data/africa_full_predictor_data_2021-02-27.parquet",279556805
"data/africa_full_predictor_data/africa_full_predictor_data_2021-02-28.parquet",280217658
"data/africa_full_predictor_data/africa_full_predictor_data_2021-03-01.parquet",280460049
"data/africa_full_predictor_data/africa_full_predictor_data_2021-03-02.parquet",279478707
"data/africa_full_predictor_data/africa_full_predictor_data_2021-03-03.parquet",279856840
"data/africa_full_predictor_data/africa_full_predictor_data_2021-03-04.parquet",279889731
"data/africa_full_predictor_data/africa_full_predictor_data_2021-03-05.parquet",280138471
"data/africa_full_predictor_data/africa_full_predictor_data_2021-03-06.parquet",280060169
"data/africa_full_predictor_data/africa_full_predictor_data_2021-03-07.parquet",280147348
"data/africa_full_predictor_data/africa_full_predictor_data_2021-03-08.parquet",280016633
"data/africa_full_predictor_data/africa_full_predictor_data_2021-03-09.parquet",280173750
"data/africa_full_predictor_data/africa_full_predictor_data_2021-03-10.parquet",280002494
"data/africa_full_predictor_data/africa_full_predictor_data_2021-03-11.parquet",280695742
"data/africa_full_predictor_data/africa_full_predictor_data_2021-03-12.parquet",280772757
"data/africa_full_predictor_data/africa_full_predictor_data_2021-03-13.parquet",280750804
"data/africa_full_predictor_data/africa_full_predictor_data_2021-03-14.parquet",280134361
"data/africa_full_predictor_data/africa_full_predictor_data_2021-03-15.parquet",280641778
"data/africa_full_predictor_data/africa_full_predictor_data_2021-03-16.parquet",280527542
"data/africa_full_predictor_data/africa_full_predictor_data_2021-03-17.parquet",280458634
"data/africa_full_predictor_data/africa_full_predictor_data_2021-03-18.parquet",281342707
"data/africa_full_predictor_data/africa_full_predictor_data_2021-03-19.parquet",281102954
"data/africa_full_predictor_data/africa_full_predictor_data_2021-03-20.parquet",281253653
"data/africa_full_predictor_data/africa_full_predictor_data_2021-03-21.parquet",281079767
"data/africa_full_predictor_data/africa_full_predictor_data_2021-03-22.parquet",281319580
"data/africa_full_predictor_data/africa_full_predictor_data_2021-03-23.parquet",280793173
"data/africa_full_predictor_data/africa_full_predictor_data_2021-03-24.parquet",281110934
"data/africa_full_predictor_data/africa_full_predictor_data_2021-03-25.parquet",281040155
"data/africa_full_predictor_data/africa_full_predictor_data_2021-03-26.parquet",280629994
"data/africa_full_predictor_data/africa_full_predictor_data_2021-03-27.parquet",281229808
"data/africa_full_predictor_data/africa_full_predictor_data_2021-03-28.parquet",280839068
"data/africa_full_predictor_data/africa_full_predictor_data_2021-03-29.parquet",281148411
"data/africa_full_predictor_data/africa_full_predictor_data_2021-03-30.parquet",281240187
"data/africa_full_predictor_data/africa_full_predictor_data_2021-03-31.parquet",281018189
"data/africa_full_predictor_data/africa_full_predictor_data_2021-04-01.parquet",281111915
"data/africa_full_predictor_data/africa_full_predictor_data_2021-04-02.parquet",280137705
"data/africa_full_predictor_data/africa_full_predictor_data_2021-04-03.parquet",280095488
"data/africa_full_predictor_data/africa_full_predictor_data_2021-04-04.parquet",280636551
"data/africa_full_predictor_data/africa_full_predictor_data_2021-04-05.parquet",280721494
"data/africa_full_predictor_data/africa_full_predictor_data_2021-04-06.parquet",280651793
"data/africa_full_predictor_data/africa_full_predictor_data_2021-04-07.parquet",280836439
"data/africa_full_predictor_data/africa_full_predictor_data_2021-04-08.parquet",280790701
"data/africa_full_predictor_data/africa_full_predictor_data_2021-04-09.parquet",281158853
"data/africa_full_predictor_data/africa_full_predictor_data_2021-04-10.parquet",281351628
"data/africa_full_predictor_data/africa_full_predictor_data_2021-04-11.parquet",281080954
"data/africa_full_predictor_data/africa_full_predictor_data_2021-04-12.parquet",281308336
"data/africa_full_predictor_data/africa_full_predictor_data_2021-04-13.parquet",281472373
"data/africa_full_predictor_data/africa_full_predictor_data_2021-04-14.parquet",281447073
"data/africa_full_predictor_data/africa_full_predictor_data_2021-04-15.parquet",281531503
"data/africa_full_predictor_data/africa_full_predictor_data_2021-04-16.parquet",281232920
"data/africa_full_predictor_data/africa_full_predictor_data_2021-04-17.parquet",281234862
"data/africa_full_predictor_data/africa_full_predictor_data_2021-04-18.parquet",281316560
"data/africa_full_predictor_data/africa_full_predictor_data_2021-04-19.parquet",281333554
"data/africa_full_predictor_data/africa_full_predictor_data_2021-04-20.parquet",281350621
"data/africa_full_predictor_data/africa_full_predictor_data_2021-04-21.parquet",281279908
"data/africa_full_predictor_data/africa_full_predictor_data_2021-04-22.parquet",281238924
"data/africa_full_predictor_data/africa_full_predictor_data_2021-04-23.parquet",281463219
"data/africa_full_predictor_data/africa_full_predictor_data_2021-04-24.parquet",281489752
"data/africa_full_predictor_data/africa_full_predictor_data_2021-04-25.parquet",281476823
"data/africa_full_predictor_data/africa_full_predictor_data_2021-04-26.parquet",282291473
"data/africa_full_predictor_data/africa_full_predictor_data_2021-04-27.parquet",281680219
"data/africa_full_predictor_data/africa_full_predictor_data_2021-04-28.parquet",281437456
"data/africa_full_predictor_data/africa_full_predictor_data_2021-04-29.parquet",281787483
"data/africa_full_predictor_data/africa_full_predictor_data_2021-04-30.parquet",282311018
"data/africa_full_predictor_data/africa_full_predictor_data_2021-05-01.parquet",282094508
"data/africa_full_predictor_data/africa_full_predictor_data_2021-05-02.parquet",281566746
"data/africa_full_predictor_data/africa_full_predictor_data_2021-05-03.parquet",281901778
"data/africa_full_predictor_data/africa_full_predictor_data_2021-05-04.parquet",281709563
"data/africa_full_predictor_data/africa_full_predictor_data_2021-05-05.parquet",281253979
"data/africa_full_predictor_data/africa_full_predictor_data_2021-05-06.parquet",281709224
"data/africa_full_predictor_data/africa_full_predictor_data_2021-05-07.parquet",282073184
"data/africa_full_predictor_data/africa_full_predictor_data_2021-05-08.parquet",281681654
"data/africa_full_predictor_data/africa_full_predictor_data_2021-05-09.parquet",281907130
"data/africa_full_predictor_data/africa_full_predictor_data_2021-05-10.parquet",282136933
"data/africa_full_predictor_data/africa_full_predictor_data_2021-05-11.parquet",281128317
"data/africa_full_predictor_data/africa_full_predictor_data_2021-05-12.parquet",281270551
"data/africa_full_predictor_data/africa_full_predictor_data_2021-05-13.parquet",281116266
"data/africa_full_predictor_data/africa_full_predictor_data_2021-05-14.parquet",281663356
"data/africa_full_predictor_data/africa_full_predictor_data_2021-05-15.parquet",280714492
"data/africa_full_predictor_data/africa_full_predictor_data_2021-05-16.parquet",280899142
"data/africa_full_predictor_data/africa_full_predictor_data_2021-05-17.parquet",280782158
"data/africa_full_predictor_data/africa_full_predictor_data_2021-05-18.parquet",280946180
"data/africa_full_predictor_data/africa_full_predictor_data_2021-05-19.parquet",280942195
"data/africa_full_predictor_data/africa_full_predictor_data_2021-05-20.parquet",281060885
"data/africa_full_predictor_data/africa_full_predictor_data_2021-05-21.parquet",280756495
"data/africa_full_predictor_data/africa_full_predictor_data_2021-05-22.parquet",280554439
"data/africa_full_predictor_data/africa_full_predictor_data_2021-05-23.parquet",280610211
"data/africa_full_predictor_data/africa_full_predictor_data_2021-05-24.parquet",280800373
"data/africa_full_predictor_data/africa_full_predictor_data_2021-05-25.parquet",280481358
"data/africa_full_predictor_data/africa_full_predictor_data_2021-05-26.parquet",280819513
"data/africa_full_predictor_data/africa_full_predictor_data_2021-05-27.parquet",281628997
"data/africa_full_predictor_data/africa_full_predictor_data_2021-05-28.parquet",281193547
"data/africa_full_predictor_data/africa_full_predictor_data_2021-05-29.parquet",280986480
"data/africa_full_predictor_data/africa_full_predictor_data_2021-05-30.parquet",280941807
"data/africa_full_predictor_data/africa_full_predictor_data_2021-05-31.parquet",280534909
"data/africa_full_predictor_data/africa_full_predictor_data_2021-06-01.parquet",280119893
"data/africa_full_predictor_data/africa_full_predictor_data_2021-06-02.parquet",280351479
"data/africa_full_predictor_data/africa_full_predictor_data_2021-06-03.parquet",279833710
"data/africa_full_predictor_data/africa_full_predictor_data_2021-06-04.parquet",280548125
"data/africa_full_predictor_data/africa_full_predictor_data_2021-06-05.parquet",280300926
"data/africa_full_predictor_data/africa_full_predictor_data_2021-06-06.parquet",280229291
"data/africa_full_predictor_data/africa_full_predictor_data_2021-06-07.parquet",280379296
"data/africa_full_predictor_data/africa_full_predictor_data_2021-06-08.parquet",280120751
"data/africa_full_predictor_data/africa_full_predictor_data_2021-06-09.parquet",279852083
"data/africa_full_predictor_data/africa_full_predictor_data_2021-06-10.parquet",280143441
"data/africa_full_predictor_data/africa_full_predictor_data_2021-06-11.parquet",279552924
"data/africa_full_predictor_data/africa_full_predictor_data_2021-06-12.parquet",279707349
"data/africa_full_predictor_data/africa_full_predictor_data_2021-06-13.parquet",279412068
"data/africa_full_predictor_data/africa_full_predictor_data_2021-06-14.parquet",279817211
"data/africa_full_predictor_data/africa_full_predictor_data_2021-06-15.parquet",278794874
"data/africa_full_predictor_data/africa_full_predictor_data_2021-06-16.parquet",278538057
"data/africa_full_predictor_data/africa_full_predictor_data_2021-06-17.parquet",279171184
"data/africa_full_predictor_data/africa_full_predictor_data_2021-06-18.parquet",279510238
"data/africa_full_predictor_data/africa_full_predictor_data_2021-06-19.parquet",278964761
"data/africa_full_predictor_data/africa_full_predictor_data_2021-06-20.parquet",279171145
"data/africa_full_predictor_data/africa_full_predictor_data_2021-06-21.parquet",279625023
"data/africa_full_predictor_data/africa_full_predictor_data_2021-06-22.parquet",279881408
"data/africa_full_predictor_data/africa_full_predictor_data_2021-06-23.parquet",279187690
"data/africa_full_predictor_data/africa_full_predictor_data_2021-06-24.parquet",279189618
"data/africa_full_predictor_data/africa_full_predictor_data_2021-06-25.parquet",279436972
"data/africa_full_predictor_data/africa_full_predictor_data_2021-06-26.parquet",278873644
"data/africa_full_predictor_data/africa_full_predictor_data_2021-06-27.parquet",278748873
"data/africa_full_predictor_data/africa_full_predictor_data_2021-06-28.parquet",279159816
"data/africa_full_predictor_data/africa_full_predictor_data_2021-06-29.parquet",279005561
"data/africa_full_predictor_data/africa_full_predictor_data_2021-06-30.parquet",279167765
"data/africa_full_predictor_data/africa_full_predictor_data_2021-07-01.parquet",278393267
"data/africa_full_predictor_data/africa_full_predictor_data_2021-07-02.parquet",278143326
"data/africa_full_predictor_data/africa_full_predictor_data_2021-07-03.parquet",278441238
"data/africa_full_predictor_data/africa_full_predictor_data_2021-07-04.parquet",277749956
"data/africa_full_predictor_data/africa_full_predictor_data_2021-07-05.parquet",277995800
"data/africa_full_predictor_data/africa_full_predictor_data_2021-07-06.parquet",278265874
"data/africa_full_predictor_data/africa_full_predictor_data_2021-07-07.parquet",278490470
"data/africa_full_predictor_data/africa_full_predictor_data_2021-07-08.parquet",278571717
"data/africa_full_predictor_data/africa_full_predictor_data_2021-07-09.parquet",278670028
"data/africa_full_predictor_data/africa_full_predictor_data_2021-07-10.parquet",278308647
"data/africa_full_predictor_data/africa_full_predictor_data_2021-07-11.parquet",278398774
"data/africa_full_predictor_data/africa_full_predictor_data_2021-07-12.parquet",278409604
"data/africa_full_predictor_data/africa_full_predictor_data_2021-07-13.parquet",278475705
"data/africa_full_predictor_data/africa_full_predictor_data_2021-07-14.parquet",278432811
"data/africa_full_predictor_data/africa_full_predictor_data_2021-07-15.parquet",278434750
"data/africa_full_predictor_data/africa_full_predictor_data_2021-07-16.parquet",279012572
"data/africa_full_predictor_data/africa_full_predictor_data_2021-07-17.parquet",278144070
"data/africa_full_predictor_data/africa_full_predictor_data_2021-07-18.parquet",278517392
"data/africa_full_predictor_data/africa_full_predictor_data_2021-07-19.parquet",278377630
"data/africa_full_predictor_data/africa_full_predictor_data_2021-07-20.parquet",278798647
"data/africa_full_predictor_data/africa_full_predictor_data_2021-07-21.parquet",278940118
"data/africa_full_predictor_data/africa_full_predictor_data_2021-07-22.parquet",279081199
"data/africa_full_predictor_data/africa_full_predictor_data_2021-07-23.parquet",278819667
"data/africa_full_predictor_data/africa_full_predictor_data_2021-07-24.parquet",279167674
"data/africa_full_predictor_data/africa_full_predictor_data_2021-07-25.parquet",279504374
"data/africa_full_predictor_data/africa_full_predictor_data_2021-07-26.parquet",279266557
"data/africa_full_predictor_data/africa_full_predictor_data_2021-07-27.parquet",278918459
"data/africa_full_predictor_data/africa_full_predictor_data_2021-07-28.parquet",279016936
"data/africa_full_predictor_data/africa_full_predictor_data_2021-07-29.parquet",278950701
"data/africa_full_predictor_data/africa_full_predictor_data_2021-07-30.parquet",278866475
"data/africa_full_predictor_data/africa_full_predictor_data_2021-07-31.parquet",279295749
"data/africa_full_predictor_data/africa_full_predictor_data_2021-08-01.parquet",279746089
"data/africa_full_predictor_data/africa_full_predictor_data_2021-08-02.parquet",278950170
"data/africa_full_predictor_data/africa_full_predictor_data_2021-08-03.parquet",279260837
"data/africa_full_predictor_data/africa_full_predictor_data_2021-08-04.parquet",279612493
"data/africa_full_predictor_data/africa_full_predictor_data_2021-08-05.parquet",279218043
"data/africa_full_predictor_data/africa_full_predictor_data_2021-08-06.parquet",279954933
"data/africa_full_predictor_data/africa_full_predictor_data_2021-08-07.parquet",279568532
"data/africa_full_predictor_data/africa_full_predictor_data_2021-08-08.parquet",279561031
"data/africa_full_predictor_data/africa_full_predictor_data_2021-08-09.parquet",279002445
"data/africa_full_predictor_data/africa_full_predictor_data_2021-08-10.parquet",278489898
"data/africa_full_predictor_data/africa_full_predictor_data_2021-08-11.parquet",278763443
"data/africa_full_predictor_data/africa_full_predictor_data_2021-08-12.parquet",278291814
"data/africa_full_predictor_data/africa_full_predictor_data_2021-08-13.parquet",278720162
"data/africa_full_predictor_data/africa_full_predictor_data_2021-08-14.parquet",279114541
"data/africa_full_predictor_data/africa_full_predictor_data_2021-08-15.parquet",279042551
"data/africa_full_predictor_data/africa_full_predictor_data_2021-08-16.parquet",278396357
"data/africa_full_predictor_data/africa_full_predictor_data_2021-08-17.parquet",278569704
"data/africa_full_predictor_data/africa_full_predictor_data_2021-08-18.parquet",278385966
"data/africa_full_predictor_data/africa_full_predictor_data_2021-08-19.parquet",278975013
"data/africa_full_predictor_data/africa_full_predictor_data_2021-08-20.parquet",278681643
"data/africa_full_predictor_data/africa_full_predictor_data_2021-08-21.parquet",278823722
"data/africa_full_predictor_data/africa_full_predictor_data_2021-08-22.parquet",278716277
"data/africa_full_predictor_data/africa_full_predictor_data_2021-08-23.parquet",279424603
"data/africa_full_predictor_data/africa_full_predictor_data_2021-08-24.parquet",279287446
"data/africa_full_predictor_data/africa_full_predictor_data_2021-08-25.parquet",278873463
"data/africa_full_predictor_data/africa_full_predictor_data_2021-08-26.parquet",278917936
"data/africa_full_predictor_data/africa_full_predictor_data_2021-08-27.parquet",279182555
"data/africa_full_predictor_data/africa_full_predictor_data_2021-08-28.parquet",279820333
"data/africa_full_predictor_data/africa_full_predictor_data_2021-08-29.parquet",279409325
"data/africa_full_predictor_data/africa_full_predictor_data_2021-08-30.parquet",278982962
"data/africa_full_predictor_data/africa_full_predictor_data_2021-08-31.parquet",279002403
"data/africa_full_predictor_data/africa_full_predictor_data_2021-09-01.parquet",279038073
"data/africa_full_predictor_data/africa_full_predictor_data_2021-09-02.parquet",279596073
"data/africa_full_predictor_data/africa_full_predictor_data_2021-09-03.parquet",278870382
"data/africa_full_predictor_data/africa_full_predictor_data_2021-09-04.parquet",279278316
"data/africa_full_predictor_data/africa_full_predictor_data_2021-09-05.parquet",279446970
"data/africa_full_predictor_data/africa_full_predictor_data_2021-09-06.parquet",279560473
"data/africa_full_predictor_data/africa_full_predictor_data_2021-09-07.parquet",279459369
"data/africa_full_predictor_data/africa_full_predictor_data_2021-09-08.parquet",279144205
"data/africa_full_predictor_data/africa_full_predictor_data_2021-09-09.parquet",279397178
"data/africa_full_predictor_data/africa_full_predictor_data_2021-09-10.parquet",279279690
"data/africa_full_predictor_data/africa_full_predictor_data_2021-09-11.parquet",278882769
"data/africa_full_predictor_data/africa_full_predictor_data_2021-09-12.parquet",279341859
"data/africa_full_predictor_data/africa_full_predictor_data_2021-09-13.parquet",279414932
"data/africa_full_predictor_data/africa_full_predictor_data_2021-09-14.parquet",278768430
"data/africa_full_predictor_data/africa_full_predictor_data_2021-09-15.parquet",278843150
"data/africa_full_predictor_data/africa_full_predictor_data_2021-09-16.parquet",279199623
"data/africa_full_predictor_data/africa_full_predictor_data_2021-09-17.parquet",279347399
"data/africa_full_predictor_data/africa_full_predictor_data_2021-09-18.parquet",279551449
"data/africa_full_predictor_data/africa_full_predictor_data_2021-09-19.parquet",279918001
"data/africa_full_predictor_data/africa_full_predictor_data_2021-09-20.parquet",279500502
"data/africa_full_predictor_data/africa_full_predictor_data_2021-09-21.parquet",279274162
"data/africa_full_predictor_data/africa_full_predictor_data_2021-09-22.parquet",279860742
"data/africa_full_predictor_data/africa_full_predictor_data_2021-09-23.parquet",279649377
"data/africa_full_predictor_data/africa_full_predictor_data_2021-09-24.parquet",279714972
"data/africa_full_predictor_data/africa_full_predictor_data_2021-09-25.parquet",279554187
"data/africa_full_predictor_data/africa_full_predictor_data_2021-09-26.parquet",279602868
"data/africa_full_predictor_data/africa_full_predictor_data_2021-09-27.parquet",279948144
"data/africa_full_predictor_data/africa_full_predictor_data_2021-09-28.parquet",280128730
"data/africa_full_predictor_data/africa_full_predictor_data_2021-09-29.parquet",280517684
"data/africa_full_predictor_data/africa_full_predictor_data_2021-09-30.parquet",280208296
"data/africa_full_predictor_data/africa_full_predictor_data_2021-10-01.parquet",280498725
"data/africa_full_predictor_data/africa_full_predictor_data_2021-10-02.parquet",280209665
"data/africa_full_predictor_data/africa_full_predictor_data_2021-10-03.parquet",280062824
"data/africa_full_predictor_data/africa_full_predictor_data_2021-10-04.parquet",280426339
"data/africa_full_predictor_data/africa_full_predictor_data_2021-10-05.parquet",280659854
"data/africa_full_predictor_data/africa_full_predictor_data_2021-10-06.parquet",280743869
"data/africa_full_predictor_data/africa_full_predictor_data_2021-10-07.parquet",280313237
"data/africa_full_predictor_data/africa_full_predictor_data_2021-10-08.parquet",280463280
"data/africa_full_predictor_data/africa_full_predictor_data_2021-10-09.parquet",280433664
"data/africa_full_predictor_data/africa_full_predictor_data_2021-10-10.parquet",280581995
"data/africa_full_predictor_data/africa_full_predictor_data_2021-10-11.parquet",280479502
"data/africa_full_predictor_data/africa_full_predictor_data_2021-10-12.parquet",280339122
"data/africa_full_predictor_data/africa_full_predictor_data_2021-10-13.parquet",280637213
"data/africa_full_predictor_data/africa_full_predictor_data_2021-10-14.parquet",280393535
"data/africa_full_predictor_data/africa_full_predictor_data_2021-10-15.parquet",280905413
"data/africa_full_predictor_data/africa_full_predictor_data_2021-10-16.parquet",281117011
"data/africa_full_predictor_data/africa_full_predictor_data_2021-10-17.parquet",280981369
"data/africa_full_predictor_data/africa_full_predictor_data_2021-10-18.parquet",280599897
"data/africa_full_predictor_data/africa_full_predictor_data_2021-10-19.parquet",280690921
"data/africa_full_predictor_data/africa_full_predictor_data_2021-10-20.parquet",280874028
"data/africa_full_predictor_data/africa_full_predictor_data_2021-10-21.parquet",281195881
"data/africa_full_predictor_data/africa_full_predictor_data_2021-10-22.parquet",280757319
"data/africa_full_predictor_data/africa_full_predictor_data_2021-10-23.parquet",280584463
"data/africa_full_predictor_data/africa_full_predictor_data_2021-10-24.parquet",281034198
"data/africa_full_predictor_data/africa_full_predictor_data_2021-10-25.parquet",281160819
"data/africa_full_predictor_data/africa_full_predictor_data_2021-10-26.parquet",280792677
"data/africa_full_predictor_data/africa_full_predictor_data_2021-10-27.parquet",281058431
"data/africa_full_predictor_data/africa_full_predictor_data_2021-10-28.parquet",281308957
"data/africa_full_predictor_data/africa_full_predictor_data_2021-10-29.parquet",280935980
"data/africa_full_predictor_data/africa_full_predictor_data_2021-10-30.parquet",280909870
"data/africa_full_predictor_data/africa_full_predictor_data_2021-10-31.parquet",280621952
"data/africa_full_predictor_data/africa_full_predictor_data_2021-11-01.parquet",280468314
"data/africa_full_predictor_data/africa_full_predictor_data_2021-11-02.parquet",280731771
"data/africa_full_predictor_data/africa_full_predictor_data_2021-11-03.parquet",280667152
"data/africa_full_predictor_data/africa_full_predictor_data_2021-11-04.parquet",280307615
"data/africa_full_predictor_data/africa_full_predictor_data_2021-11-05.parquet",280501599
"data/africa_full_predictor_data/africa_full_predictor_data_2021-11-06.parquet",280169506
"data/africa_full_predictor_data/africa_full_predictor_data_2021-11-07.parquet",280355840
"data/africa_full_predictor_data/africa_full_predictor_data_2021-11-08.parquet",280444400
"data/africa_full_predictor_data/africa_full_predictor_data_2021-11-09.parquet",280044030
"data/africa_full_predictor_data/africa_full_predictor_data_2021-11-10.parquet",280330028
"data/africa_full_predictor_data/africa_full_predictor_data_2021-11-11.parquet",280052934
"data/africa_full_predictor_data/africa_full_predictor_data_2021-11-12.parquet",279511148
"data/africa_full_predictor_data/africa_full_predictor_data_2021-11-13.parquet",279826398
"data/africa_full_predictor_data/africa_full_predictor_data_2021-11-14.parquet",279543605
"data/africa_full_predictor_data/africa_full_predictor_data_2021-11-15.parquet",279867765
"data/africa_full_predictor_data/africa_full_predictor_data_2021-11-16.parquet",279631046
"data/africa_full_predictor_data/africa_full_predictor_data_2021-11-17.parquet",279533875
"data/africa_full_predictor_data/africa_full_predictor_data_2021-11-18.parquet",279906271
"data/africa_full_predictor_data/africa_full_predictor_data_2021-11-19.parquet",280136139
"data/africa_full_predictor_data/africa_full_predictor_data_2021-11-20.parquet",280621297
"data/africa_full_predictor_data/africa_full_predictor_data_2021-11-21.parquet",279962048
"data/africa_full_predictor_data/africa_full_predictor_data_2021-11-22.parquet",279639172
"data/africa_full_predictor_data/africa_full_predictor_data_2021-11-23.parquet",279539414
"data/africa_full_predictor_data/africa_full_predictor_data_2021-11-24.parquet",279710138
"data/africa_full_predictor_data/africa_full_predictor_data_2021-11-25.parquet",279503665
"data/africa_full_predictor_data/africa_full_predictor_data_2021-11-26.parquet",280056178
"data/africa_full_predictor_data/africa_full_predictor_data_2021-11-27.parquet",279397090
"data/africa_full_predictor_data/africa_full_predictor_data_2021-11-28.parquet",279307921
"data/africa_full_predictor_data/africa_full_predictor_data_2021-11-29.parquet",279847121
"data/africa_full_predictor_data/africa_full_predictor_data_2021-11-30.parquet",279728054
"data/africa_full_predictor_data/africa_full_predictor_data_2021-12-01.parquet",279955798
"data/africa_full_predictor_data/africa_full_predictor_data_2021-12-02.parquet",279455971
"data/africa_full_predictor_data/africa_full_predictor_data_2021-12-03.parquet",279175026
"data/africa_full_predictor_data/africa_full_predictor_data_2021-12-04.parquet",279469795
"data/africa_full_predictor_data/africa_full_predictor_data_2021-12-05.parquet",279167233
"data/africa_full_predictor_data/africa_full_predictor_data_2021-12-06.parquet",279199357
"data/africa_full_predictor_data/africa_full_predictor_data_2021-12-07.parquet",279251758
"data/africa_full_predictor_data/africa_full_predictor_data_2021-12-08.parquet",278965265
"data/africa_full_predictor_data/africa_full_predictor_data_2021-12-09.parquet",279054017
"data/africa_full_predictor_data/africa_full_predictor_data_2021-12-10.parquet",279745970
"data/africa_full_predictor_data/africa_full_predictor_data_2021-12-11.parquet",278918518
"data/africa_full_predictor_data/africa_full_predictor_data_2021-12-12.parquet",278973524
"data/africa_full_predictor_data/africa_full_predictor_data_2021-12-13.parquet",279001755
"data/africa_full_predictor_data/africa_full_predictor_data_2021-12-14.parquet",279130027
"data/africa_full_predictor_data/africa_full_predictor_data_2021-12-15.parquet",279307182
"data/africa_full_predictor_data/africa_full_predictor_data_2021-12-16.parquet",278863165
"data/africa_full_predictor_data/africa_full_predictor_data_2021-12-17.parquet",278890802
"data/africa_full_predictor_data/africa_full_predictor_data_2021-12-18.parquet",278431946
"data/africa_full_predictor_data/africa_full_predictor_data_2021-12-19.parquet",278479178
"data/africa_full_predictor_data/africa_full_predictor_data_2021-12-20.parquet",278966357
"data/africa_full_predictor_data/africa_full_predictor_data_2021-12-21.parquet",278573990
"data/africa_full_predictor_data/africa_full_predictor_data_2021-12-22.parquet",278619788
"data/africa_full_predictor_data/africa_full_predictor_data_2021-12-23.parquet",278693496
"data/africa_full_predictor_data/africa_full_predictor_data_2021-12-24.parquet",278281374
"data/africa_full_predictor_data/africa_full_predictor_data_2021-12-25.parquet",278472250
"data/africa_full_predictor_data/africa_full_predictor_data_2021-12-26.parquet",278609367
"data/africa_full_predictor_data/africa_full_predictor_data_2021-12-27.parquet",278635502
"data/africa_full_predictor_data/africa_full_predictor_data_2021-12-28.parquet",278973997
"data/africa_full_predictor_data/africa_full_predictor_data_2021-12-29.parquet",279099090
"data/africa_full_predictor_data/africa_full_predictor_data_2021-12-30.parquet",278476596
"data/africa_full_predictor_data/africa_full_predictor_data_2021-12-31.parquet",278680156
"data/africa_full_predictor_data/africa_full_predictor_data_2022-01-01.parquet",279635000
"data/africa_full_predictor_data/africa_full_predictor_data_2022-01-02.parquet",279143725
"data/africa_full_predictor_data/africa_full_predictor_data_2022-01-03.parquet",279316672
"data/africa_full_predictor_data/africa_full_predictor_data_2022-01-04.parquet",279284823
"data/africa_full_predictor_data/africa_full_predictor_data_2022-01-05.parquet",279450005
"data/africa_full_predictor_data/africa_full_predictor_data_2022-01-06.parquet",279383938
"data/africa_full_predictor_data/africa_full_predictor_data_2022-01-07.parquet",279483664
"data/africa_full_predictor_data/africa_full_predictor_data_2022-01-08.parquet",279465015
"data/africa_full_predictor_data/africa_full_predictor_data_2022-01-09.parquet",279225385
"data/africa_full_predictor_data/africa_full_predictor_data_2022-01-10.parquet",279525592
"data/africa_full_predictor_data/africa_full_predictor_data_2022-01-11.parquet",279487525
"data/africa_full_predictor_data/africa_full_predictor_data_2022-01-12.parquet",279590046
"data/africa_full_predictor_data/africa_full_predictor_data_2022-01-13.parquet",279067451
"data/africa_full_predictor_data/africa_full_predictor_data_2022-01-14.parquet",278994929
"data/africa_full_predictor_data/africa_full_predictor_data_2022-01-15.parquet",279439471
"data/africa_full_predictor_data/africa_full_predictor_data_2022-01-16.parquet",279577107
"data/africa_full_predictor_data/africa_full_predictor_data_2022-01-17.parquet",280143514
"data/africa_full_predictor_data/africa_full_predictor_data_2022-01-18.parquet",280323849
"data/africa_full_predictor_data/africa_full_predictor_data_2022-01-19.parquet",280406770
"data/africa_full_predictor_data/africa_full_predictor_data_2022-01-20.parquet",279847825
"data/africa_full_predictor_data/africa_full_predictor_data_2022-01-21.parquet",279656771
"data/africa_full_predictor_data/africa_full_predictor_data_2022-01-22.parquet",279404747
"data/africa_full_predictor_data/africa_full_predictor_data_2022-01-23.parquet",279251490
"data/africa_full_predictor_data/africa_full_predictor_data_2022-01-24.parquet",279279368
"data/africa_full_predictor_data/africa_full_predictor_data_2022-01-25.parquet",279671282
"data/africa_full_predictor_data/africa_full_predictor_data_2022-01-26.parquet",280043730
"data/africa_full_predictor_data/africa_full_predictor_data_2022-01-27.parquet",280192564
"data/africa_full_predictor_data/africa_full_predictor_data_2022-01-28.parquet",279969505
"data/africa_full_predictor_data/africa_full_predictor_data_2022-01-29.parquet",279765959
"data/africa_full_predictor_data/africa_full_predictor_data_2022-01-30.parquet",279605555
"data/africa_full_predictor_data/africa_full_predictor_data_2022-01-31.parquet",279635683
"data/africa_full_predictor_data/africa_full_predictor_data_2022-02-01.parquet",280280103
"data/africa_full_predictor_data/africa_full_predictor_data_2022-02-02.parquet",280189519
"data/africa_full_predictor_data/africa_full_predictor_data_2022-02-03.parquet",280232622
"data/africa_full_predictor_data/africa_full_predictor_data_2022-02-04.parquet",279496485
"data/africa_full_predictor_data/africa_full_predictor_data_2022-02-05.parquet",280253412
"data/africa_full_predictor_data/africa_full_predictor_data_2022-02-06.parquet",280039247
"data/africa_full_predictor_data/africa_full_predictor_data_2022-02-07.parquet",279983334
"data/africa_full_predictor_data/africa_full_predictor_data_2022-02-08.parquet",279794445
"data/africa_full_predictor_data/africa_full_predictor_data_2022-02-09.parquet",279854510
"data/africa_full_predictor_data/africa_full_predictor_data_2022-02-10.parquet",280011172
"data/africa_full_predictor_data/africa_full_predictor_data_2022-02-11.parquet",279638364
"data/africa_full_predictor_data/africa_full_predictor_data_2022-02-12.parquet",279877205
"data/africa_full_predictor_data/africa_full_predictor_data_2022-02-13.parquet",280130438
"data/africa_full_predictor_data/africa_full_predictor_data_2022-02-14.parquet",279908686
"data/africa_full_predictor_data/africa_full_predictor_data_2022-02-15.parquet",280271984
"data/africa_full_predictor_data/africa_full_predictor_data_2022-02-16.parquet",280094258
"data/africa_full_predictor_data/africa_full_predictor_data_2022-02-17.parquet",280213727
"data/africa_full_predictor_data/africa_full_predictor_data_2022-02-18.parquet",280156291
"data/africa_full_predictor_data/africa_full_predictor_data_2022-02-19.parquet",280471825
"data/africa_full_predictor_data/africa_full_predictor_data_2022-02-20.parquet",280348111
"data/africa_full_predictor_data/africa_full_predictor_data_2022-02-21.parquet",280358397
"data/africa_full_predictor_data/africa_full_predictor_data_2022-02-22.parquet",280342243
"data/africa_full_predictor_data/africa_full_predictor_data_2022-02-23.parquet",280467189
"data/africa_full_predictor_data/africa_full_predictor_data_2022-02-24.parquet",280615987
"data/africa_full_predictor_data/africa_full_predictor_data_2022-02-25.parquet",280726573
"data/africa_full_predictor_data/africa_full_predictor_data_2022-02-26.parquet",279910403
"data/africa_full_predictor_data/africa_full_predictor_data_2022-02-27.parquet",279627987
"data/africa_full_predictor_data/africa_full_predictor_data_2022-02-28.parquet",280096537
"data/africa_full_predictor_data/africa_full_predictor_data_2022-03-01.parquet",280591564
"data/africa_full_predictor_data/africa_full_predictor_data_2022-03-02.parquet",279989118
"data/africa_full_predictor_data/africa_full_predictor_data_2022-03-03.parquet",280140046
"data/africa_full_predictor_data/africa_full_predictor_data_2022-03-04.parquet",280067142
"data/africa_full_predictor_data/africa_full_predictor_data_2022-03-05.parquet",280298117
"data/africa_full_predictor_data/africa_full_predictor_data_2022-03-06.parquet",280265973
"data/africa_full_predictor_data/africa_full_predictor_data_2022-03-07.parquet",280416937
"data/africa_full_predictor_data/africa_full_predictor_data_2022-03-08.parquet",280618308
"data/africa_full_predictor_data/africa_full_predictor_data_2022-03-09.parquet",280522326
"data/africa_full_predictor_data/africa_full_predictor_data_2022-03-10.parquet",280641309
"data/africa_full_predictor_data/africa_full_predictor_data_2022-03-11.parquet",280654910
"data/africa_full_predictor_data/africa_full_predictor_data_2022-03-12.parquet",281132863
"data/africa_full_predictor_data/africa_full_predictor_data_2022-03-13.parquet",280670852
"data/africa_full_predictor_data/africa_full_predictor_data_2022-03-14.parquet",280666514
"data/africa_full_predictor_data/africa_full_predictor_data_2022-03-15.parquet",280865856
"data/africa_full_predictor_data/africa_full_predictor_data_2022-03-16.parquet",280928976
"data/africa_full_predictor_data/africa_full_predictor_data_2022-03-17.parquet",280452544
"data/africa_full_predictor_data/africa_full_predictor_data_2022-03-18.parquet",280635174
"data/africa_full_predictor_data/africa_full_predictor_data_2022-03-19.parquet",280899570
"data/africa_full_predictor_data/africa_full_predictor_data_2022-03-20.parquet",281011116
"data/africa_full_predictor_data/africa_full_predictor_data_2022-03-21.parquet",280709873
"data/africa_full_predictor_data/africa_full_predictor_data_2022-03-22.parquet",281290415
"data/africa_full_predictor_data/africa_full_predictor_data_2022-03-23.parquet",280879263
"data/africa_full_predictor_data/africa_full_predictor_data_2022-03-24.parquet",281099422
"data/africa_full_predictor_data/africa_full_predictor_data_2022-03-25.parquet",280602668
"data/africa_full_predictor_data/africa_full_predictor_data_2022-03-26.parquet",281116587
"data/africa_full_predictor_data/africa_full_predictor_data_2022-03-27.parquet",280417066
"data/africa_full_predictor_data/africa_full_predictor_data_2022-03-28.parquet",280998353
"data/africa_full_predictor_data/africa_full_predictor_data_2022-03-29.parquet",281064118
"data/africa_full_predictor_data/africa_full_predictor_data_2022-03-30.parquet",281325502
"data/africa_full_predictor_data/africa_full_predictor_data_2022-03-31.parquet",281143022
"data/africa_full_predictor_data/africa_full_predictor_data_2022-04-01.parquet",280846335
"data/africa_full_predictor_data/africa_full_predictor_data_2022-04-02.parquet",280555189
"data/africa_full_predictor_data/africa_full_predictor_data_2022-04-03.parquet",280686560
"data/africa_full_predictor_data/africa_full_predictor_data_2022-04-04.parquet",280757850
"data/africa_full_predictor_data/africa_full_predictor_data_2022-04-05.parquet",281335067
"data/africa_full_predictor_data/africa_full_predictor_data_2022-04-06.parquet",281367357
"data/africa_full_predictor_data/africa_full_predictor_data_2022-04-07.parquet",281025874
"data/africa_full_predictor_data/africa_full_predictor_data_2022-04-08.parquet",281108410
"data/africa_full_predictor_data/africa_full_predictor_data_2022-04-09.parquet",281174494
"data/africa_full_predictor_data/africa_full_predictor_data_2022-04-10.parquet",281421730
"data/africa_full_predictor_data/africa_full_predictor_data_2022-04-11.parquet",281427933
"data/africa_full_predictor_data/africa_full_predictor_data_2022-04-12.parquet",281523531
"data/africa_full_predictor_data/africa_full_predictor_data_2022-04-13.parquet",281559418
"data/africa_full_predictor_data/africa_full_predictor_data_2022-04-14.parquet",282018946
"data/africa_full_predictor_data/africa_full_predictor_data_2022-04-15.parquet",281773483
"data/africa_full_predictor_data/africa_full_predictor_data_2022-04-16.parquet",281995417
"data/africa_full_predictor_data/africa_full_predictor_data_2022-04-17.parquet",281397972
"data/africa_full_predictor_data/africa_full_predictor_data_2022-04-18.parquet",281777676
"data/africa_full_predictor_data/africa_full_predictor_data_2022-04-19.parquet",281384393
"data/africa_full_predictor_data/africa_full_predictor_data_2022-04-20.parquet",281485999
"data/africa_full_predictor_data/africa_full_predictor_data_2022-04-21.parquet",281436997
"data/africa_full_predictor_data/africa_full_predictor_data_2022-04-22.parquet",281346753
"data/africa_full_predictor_data/africa_full_predictor_data_2022-04-23.parquet",281508103
"data/africa_full_predictor_data/africa_full_predictor_data_2022-04-24.parquet",281438305
"data/africa_full_predictor_data/africa_full_predictor_data_2022-04-25.parquet",281706278
"data/africa_full_predictor_data/africa_full_predictor_data_2022-04-26.parquet",281915727
"data/africa_full_predictor_data/africa_full_predictor_data_2022-04-27.parquet",281741066
"data/africa_full_predictor_data/africa_full_predictor_data_2022-04-28.parquet",281394923
"data/africa_full_predictor_data/africa_full_predictor_data_2022-04-29.parquet",281978874
"data/africa_full_predictor_data/africa_full_predictor_data_2022-04-30.parquet",282080621
"data/africa_full_predictor_data/africa_full_predictor_data_2022-05-01.parquet",281753104
"data/africa_full_predictor_data/africa_full_predictor_data_2022-05-02.parquet",281619501
"data/africa_full_predictor_data/africa_full_predictor_data_2022-05-03.parquet",281652737
"data/africa_full_predictor_data/africa_full_predictor_data_2022-05-04.parquet",281398603
"data/africa_full_predictor_data/africa_full_predictor_data_2022-05-05.parquet",281280218
"data/africa_full_predictor_data/africa_full_predictor_data_2022-05-06.parquet",281350250
"data/africa_full_predictor_data/africa_full_predictor_data_2022-05-07.parquet",281532669
"data/africa_full_predictor_data/africa_full_predictor_data_2022-05-08.parquet",281628359
"data/africa_full_predictor_data/africa_full_predictor_data_2022-05-09.parquet",281414244
"data/africa_full_predictor_data/africa_full_predictor_data_2022-05-10.parquet",281310037
"data/africa_full_predictor_data/africa_full_predictor_data_2022-05-11.parquet",281099518
"data/africa_full_predictor_data/africa_full_predictor_data_2022-05-12.parquet",280740814
"data/africa_full_predictor_data/africa_full_predictor_data_2022-05-13.parquet",281118615
"data/africa_full_predictor_data/africa_full_predictor_data_2022-05-14.parquet",281146617
"data/africa_full_predictor_data/africa_full_predictor_data_2022-05-15.parquet",281346222
"data/africa_full_predictor_data/africa_full_predictor_data_2022-05-16.parquet",281167633
"data/africa_full_predictor_data/africa_full_predictor_data_2022-05-17.parquet",280771841
"data/africa_full_predictor_data/africa_full_predictor_data_2022-05-18.parquet",281458359
"data/africa_full_predictor_data/africa_full_predictor_data_2022-05-19.parquet",281336009
"data/africa_full_predictor_data/africa_full_predictor_data_2022-05-20.parquet",281275649
"data/africa_full_predictor_data/africa_full_predictor_data_2022-05-21.parquet",281093705
"data/africa_full_predictor_data/africa_full_predictor_data_2022-05-22.parquet",281072323
"data/africa_full_predictor_data/africa_full_predictor_data_2022-05-23.parquet",280765250
"data/africa_full_predictor_data/africa_full_predictor_data_2022-05-24.parquet",280313894
"data/africa_full_predictor_data/africa_full_predictor_data_2022-05-25.parquet",280591962
"data/africa_full_predictor_data/africa_full_predictor_data_2022-05-26.parquet",280605395
"data/africa_full_predictor_data/africa_full_predictor_data_2022-05-27.parquet",281305116
"data/africa_full_predictor_data/africa_full_predictor_data_2022-05-28.parquet",281132161
"data/africa_full_predictor_data/africa_full_predictor_data_2022-05-29.parquet",281048723
"data/africa_full_predictor_data/africa_full_predictor_data_2022-05-30.parquet",281022434
"data/africa_full_predictor_data/africa_full_predictor_data_2022-05-31.parquet",280636563
"data/africa_full_predictor_data/africa_full_predictor_data_2022-06-01.parquet",279935500
"data/africa_full_predictor_data/africa_full_predictor_data_2022-06-02.parquet",280339282
"data/africa_full_predictor_data/africa_full_predictor_data_2022-06-03.parquet",279804346
"data/africa_full_predictor_data/africa_full_predictor_data_2022-06-04.parquet",280003612
"data/africa_full_predictor_data/africa_full_predictor_data_2022-06-05.parquet",279972463
"data/africa_full_predictor_data/africa_full_predictor_data_2022-06-06.parquet",280378963
"data/africa_full_predictor_data/africa_full_predictor_data_2022-06-07.parquet",280247372
"data/africa_full_predictor_data/africa_full_predictor_data_2022-06-08.parquet",280264634
"data/africa_full_predictor_data/africa_full_predictor_data_2022-06-09.parquet",280130445
"data/africa_full_predictor_data/africa_full_predictor_data_2022-06-10.parquet",279915254
"data/africa_full_predictor_data/africa_full_predictor_data_2022-06-11.parquet",279611025
"data/africa_full_predictor_data/africa_full_predictor_data_2022-06-12.parquet",279661353
"data/africa_full_predictor_data/africa_full_predictor_data_2022-06-13.parquet",279457758
"data/africa_full_predictor_data/africa_full_predictor_data_2022-06-14.parquet",279731333
"data/africa_full_predictor_data/africa_full_predictor_data_2022-06-15.parquet",278824476
"data/africa_full_predictor_data/africa_full_predictor_data_2022-06-16.parquet",278815706
"data/africa_full_predictor_data/africa_full_predictor_data_2022-06-17.parquet",279704077
"data/africa_full_predictor_data/africa_full_predictor_data_2022-06-18.parquet",279507654
"data/africa_full_predictor_data/africa_full_predictor_data_2022-06-19.parquet",279025990
"data/africa_full_predictor_data/africa_full_predictor_data_2022-06-20.parquet",279227185
"data/africa_full_predictor_data/africa_full_predictor_data_2022-06-21.parquet",279580447
"data/africa_full_predictor_data/africa_full_predictor_data_2022-06-22.parquet",279598149
"data/africa_full_predictor_data/africa_full_predictor_data_2022-06-23.parquet",279471345
"data/africa_full_predictor_data/africa_full_predictor_data_2022-06-24.parquet",279095031
"data/africa_full_predictor_data/africa_full_predictor_data_2022-06-25.parquet",279171008
"data/africa_full_predictor_data/africa_full_predictor_data_2022-06-26.parquet",279496117
"data/africa_full_predictor_data/africa_full_predictor_data_2022-06-27.parquet",279098757
"data/africa_full_predictor_data/africa_full_predictor_data_2022-06-28.parquet",279736800
"data/africa_full_predictor_data/africa_full_predictor_data_2022-06-29.parquet",279412905
"data/africa_full_predictor_data/africa_full_predictor_data_2022-06-30.parquet",279185446
"data/africa_full_predictor_data/africa_full_predictor_data_2022-07-01.parquet",277760712
"data/africa_full_predictor_data/africa_full_predictor_data_2022-07-02.parquet",277615620
"data/africa_full_predictor_data/africa_full_predictor_data_2022-07-03.parquet",277449518
"data/africa_full_predictor_data/africa_full_predictor_data_2022-07-04.parquet",277164388
"data/africa_full_predictor_data/africa_full_predictor_data_2022-07-05.parquet",277990212
"data/africa_full_predictor_data/africa_full_predictor_data_2022-07-06.parquet",277794100
"data/africa_full_predictor_data/africa_full_predictor_data_2022-07-07.parquet",278177967
"data/africa_full_predictor_data/africa_full_predictor_data_2022-07-08.parquet",278473752
"data/africa_full_predictor_data/africa_full_predictor_data_2022-07-09.parquet",278171064
"data/africa_full_predictor_data/africa_full_predictor_data_2022-07-10.parquet",278138756
"data/africa_full_predictor_data/africa_full_predictor_data_2022-07-11.parquet",278285088
"data/africa_full_predictor_data/africa_full_predictor_data_2022-07-12.parquet",278113503
"data/africa_full_predictor_data/africa_full_predictor_data_2022-07-13.parquet",278155021
"data/africa_full_predictor_data/africa_full_predictor_data_2022-07-14.parquet",278250329
"data/africa_full_predictor_data/africa_full_predictor_data_2022-07-15.parquet",278065511
"data/africa_full_predictor_data/africa_full_predictor_data_2022-07-16.parquet",278269890
"data/africa_full_predictor_data/africa_full_predictor_data_2022-07-17.parquet",278246932
"data/africa_full_predictor_data/africa_full_predictor_data_2022-07-18.parquet",278158816
"data/africa_full_predictor_data/africa_full_predictor_data_2022-07-19.parquet",279008434
"data/africa_full_predictor_data/africa_full_predictor_data_2022-07-20.parquet",278739261
"data/africa_full_predictor_data/africa_full_predictor_data_2022-07-21.parquet",278411921
"data/africa_full_predictor_data/africa_full_predictor_data_2022-07-22.parquet",278872478
"data/africa_full_predictor_data/africa_full_predictor_data_2022-07-23.parquet",278517450
"data/africa_full_predictor_data/africa_full_predictor_data_2022-07-24.parquet",278538469
"data/africa_full_predictor_data/africa_full_predictor_data_2022-07-25.parquet",279048842
"data/africa_full_predictor_data/africa_full_predictor_data_2022-07-26.parquet",279608107
"data/africa_full_predictor_data/africa_full_predictor_data_2022-07-27.parquet",278789132
"data/africa_full_predictor_data/africa_full_predictor_data_2022-07-28.parquet",278776906
"data/africa_full_predictor_data/africa_full_predictor_data_2022-07-29.parquet",278912717
"data/africa_full_predictor_data/africa_full_predictor_data_2022-07-30.parquet",279095999
"data/africa_full_predictor_data/africa_full_predictor_data_2022-07-31.parquet",278921846
"data/africa_full_predictor_data/africa_full_predictor_data_2022-08-01.parquet",279142636
"data/africa_full_predictor_data/africa_full_predictor_data_2022-08-02.parquet",279926300
"data/africa_full_predictor_data/africa_full_predictor_data_2022-08-03.parquet",279389415
"data/africa_full_predictor_data/africa_full_predictor_data_2022-08-04.parquet",280160611
"data/africa_full_predictor_data/africa_full_predictor_data_2022-08-05.parquet",279151704
"data/africa_full_predictor_data/africa_full_predictor_data_2022-08-06.parquet",279116781
"data/africa_full_predictor_data/africa_full_predictor_data_2022-08-07.parquet",279160939
"data/africa_full_predictor_data/africa_full_predictor_data_2022-08-08.parquet",279314679
"data/africa_full_predictor_data/africa_full_predictor_data_2022-08-09.parquet",278661835
"data/africa_full_predictor_data/africa_full_predictor_data_2022-08-10.parquet",278718267
"data/africa_full_predictor_data/africa_full_predictor_data_2022-08-11.parquet",278382826
"data/africa_full_predictor_data/africa_full_predictor_data_2022-08-12.parquet",278589692
"data/africa_full_predictor_data/africa_full_predictor_data_2022-08-13.parquet",278543883
"data/africa_full_predictor_data/africa_full_predictor_data_2022-08-14.parquet",278758056
"data/africa_full_predictor_data/africa_full_predictor_data_2022-08-15.parquet",279159588
"data/africa_full_predictor_data/africa_full_predictor_data_2022-08-16.parquet",278579774
"data/africa_full_predictor_data/africa_full_predictor_data_2022-08-17.parquet",278638236
"data/africa_full_predictor_data/africa_full_predictor_data_2022-08-18.parquet",278518497
"data/africa_full_predictor_data/africa_full_predictor_data_2022-08-19.parquet",278980383
"data/africa_full_predictor_data/africa_full_predictor_data_2022-08-20.parquet",278620561
"data/africa_full_predictor_data/africa_full_predictor_data_2022-08-21.parquet",278817457
"data/africa_full_predictor_data/africa_full_predictor_data_2022-08-22.parquet",278785894
"data/africa_full_predictor_data/africa_full_predictor_data_2022-08-23.parquet",279316375
"data/africa_full_predictor_data/africa_full_predictor_data_2022-08-24.parquet",279098523
"data/africa_full_predictor_data/africa_full_predictor_data_2022-08-25.parquet",279093092
"data/africa_full_predictor_data/africa_full_predictor_data_2022-08-26.parquet",278634498
"data/africa_full_predictor_data/africa_full_predictor_data_2022-08-27.parquet",278987657
"data/africa_full_predictor_data/africa_full_predictor_data_2022-08-28.parquet",279238880
"data/africa_full_predictor_data/africa_full_predictor_data_2022-08-29.parquet",279389071
"data/africa_full_predictor_data/africa_full_predictor_data_2022-08-30.parquet",279219773
"data/africa_full_predictor_data/africa_full_predictor_data_2022-08-31.parquet",279490895
"data/africa_full_predictor_data/africa_full_predictor_data_2022-09-01.parquet",279231783
"data/africa_full_predictor_data/africa_full_predictor_data_2022-09-02.parquet",278856771
"data/africa_full_predictor_data/africa_full_predictor_data_2022-09-03.parquet",278910631
"data/africa_full_predictor_data/africa_full_predictor_data_2022-09-04.parquet",280046337
"data/africa_full_predictor_data/africa_full_predictor_data_2022-09-05.parquet",279350247
"data/africa_full_predictor_data/africa_full_predictor_data_2022-09-06.parquet",279395063
"data/africa_full_predictor_data/africa_full_predictor_data_2022-09-07.parquet",279941409
"data/africa_full_predictor_data/africa_full_predictor_data_2022-09-08.parquet",279076175
"data/africa_full_predictor_data/africa_full_predictor_data_2022-09-09.parquet",279272462
"data/africa_full_predictor_data/africa_full_predictor_data_2022-09-10.parquet",278953512
"data/africa_full_predictor_data/africa_full_predictor_data_2022-09-11.parquet",278684660
"data/africa_full_predictor_data/africa_full_predictor_data_2022-09-12.parquet",278909279
"data/africa_full_predictor_data/africa_full_predictor_data_2022-09-13.parquet",278985113
"data/africa_full_predictor_data/africa_full_predictor_data_2022-09-14.parquet",278789789
"data/africa_full_predictor_data/africa_full_predictor_data_2022-09-15.parquet",278875573
"data/africa_full_predictor_data/africa_full_predictor_data_2022-09-16.parquet",278960823
"data/africa_full_predictor_data/africa_full_predictor_data_2022-09-17.parquet",278930744
"data/africa_full_predictor_data/africa_full_predictor_data_2022-09-18.parquet",279394603
"data/africa_full_predictor_data/africa_full_predictor_data_2022-09-19.parquet",279617030
"data/africa_full_predictor_data/africa_full_predictor_data_2022-09-20.parquet",279532945
"data/africa_full_predictor_data/africa_full_predictor_data_2022-09-21.parquet",279530906
"data/africa_full_predictor_data/africa_full_predictor_data_2022-09-22.parquet",279451968
"data/africa_full_predictor_data/africa_full_predictor_data_2022-09-23.parquet",279087846
"data/africa_full_predictor_data/africa_full_predictor_data_2022-09-24.parquet",279188945
"data/africa_full_predictor_data/africa_full_predictor_data_2022-09-25.parquet",279303603
"data/africa_full_predictor_data/africa_full_predictor_data_2022-09-26.parquet",279430048
"data/africa_full_predictor_data/africa_full_predictor_data_2022-09-27.parquet",279572675
"data/africa_full_predictor_data/africa_full_predictor_data_2022-09-28.parquet",279454683
"data/africa_full_predictor_data/africa_full_predictor_data_2022-09-29.parquet",279924407
"data/africa_full_predictor_data/africa_full_predictor_data_2022-09-30.parquet",280148191
"data/africa_full_predictor_data/africa_full_predictor_data_2022-10-01.parquet",280328198
"data/africa_full_predictor_data/africa_full_predictor_data_2022-10-02.parquet",280078209
"data/africa_full_predictor_data/africa_full_predictor_data_2022-10-03.parquet",280790864
"data/africa_full_predictor_data/africa_full_predictor_data_2022-10-04.parquet",280486385
"data/africa_full_predictor_data/africa_full_predictor_data_2022-10-05.parquet",280260108
"data/africa_full_predictor_data/africa_full_predictor_data_2022-10-06.parquet",280063379
"data/africa_full_predictor_data/africa_full_predictor_data_2022-10-07.parquet",280246964
"data/africa_full_predictor_data/africa_full_predictor_data_2022-10-08.parquet",280232227
"data/africa_full_predictor_data/africa_full_predictor_data_2022-10-09.parquet",280081557
"data/africa_full_predictor_data/africa_full_predictor_data_2022-10-10.parquet",280216685
"data/africa_full_predictor_data/africa_full_predictor_data_2022-10-11.parquet",280144723
"data/africa_full_predictor_data/africa_full_predictor_data_2022-10-12.parquet",279895911
"data/africa_full_predictor_data/africa_full_predictor_data_2022-10-13.parquet",280291356
"data/africa_full_predictor_data/africa_full_predictor_data_2022-10-14.parquet",280273153
"data/africa_full_predictor_data/africa_full_predictor_data_2022-10-15.parquet",280563359
"data/africa_full_predictor_data/africa_full_predictor_data_2022-10-16.parquet",280761723
"data/africa_full_predictor_data/africa_full_predictor_data_2022-10-17.parquet",280543675
"data/africa_full_predictor_data/africa_full_predictor_data_2022-10-18.parquet",280405770
"data/africa_full_predictor_data/africa_full_predictor_data_2022-10-19.parquet",280200755
"data/africa_full_predictor_data/africa_full_predictor_data_2022-10-20.parquet",280763891
"data/africa_full_predictor_data/africa_full_predictor_data_2022-10-21.parquet",280714858
"data/africa_full_predictor_data/africa_full_predictor_data_2022-10-22.parquet",280567307
"data/africa_full_predictor_data/africa_full_predictor_data_2022-10-23.parquet",280619071
"data/africa_full_predictor_data/africa_full_predictor_data_2022-10-24.parquet",280689596
"data/africa_full_predictor_data/africa_full_predictor_data_2022-10-25.parquet",280769810
"data/africa_full_predictor_data/africa_full_predictor_data_2022-10-26.parquet",280731422
"data/africa_full_predictor_data/africa_full_predictor_data_2022-10-27.parquet",281115587
"data/africa_full_predictor_data/africa_full_predictor_data_2022-10-28.parquet",280753456
"data/africa_full_predictor_data/africa_full_predictor_data_2022-10-29.parquet",280857357
"data/africa_full_predictor_data/africa_full_predictor_data_2022-10-30.parquet",281303523
"data/africa_full_predictor_data/africa_full_predictor_data_2022-10-31.parquet",280244788
"data/africa_full_predictor_data/africa_full_predictor_data_2022-11-01.parquet",280345483
"data/africa_full_predictor_data/africa_full_predictor_data_2022-11-02.parquet",280662908
"data/africa_full_predictor_data/africa_full_predictor_data_2022-11-03.parquet",280575453
"data/africa_full_predictor_data/africa_full_predictor_data_2022-11-04.parquet",280051205
"data/africa_full_predictor_data/africa_full_predictor_data_2022-11-05.parquet",280490296
"data/africa_full_predictor_data/africa_full_predictor_data_2022-11-06.parquet",280330105
"data/africa_full_predictor_data/africa_full_predictor_data_2022-11-07.parquet",280205645
"data/africa_full_predictor_data/africa_full_predictor_data_2022-11-08.parquet",280157239
"data/africa_full_predictor_data/africa_full_predictor_data_2022-11-09.parquet",280103569
"data/africa_full_predictor_data/africa_full_predictor_data_2022-11-10.parquet",280365776
"data/africa_full_predictor_data/africa_full_predictor_data_2022-11-11.parquet",280177553
"data/africa_full_predictor_data/africa_full_predictor_data_2022-11-12.parquet",280323157
"data/africa_full_predictor_data/africa_full_predictor_data_2022-11-13.parquet",279473349
"data/africa_full_predictor_data/africa_full_predictor_data_2022-11-14.parquet",279635019
"data/africa_full_predictor_data/africa_full_predictor_data_2022-11-15.parquet",279695119
"data/africa_full_predictor_data/africa_full_predictor_data_2022-11-16.parquet",279603212
"data/africa_full_predictor_data/africa_full_predictor_data_2022-11-17.parquet",279473103
"data/africa_full_predictor_data/africa_full_predictor_data_2022-11-18.parquet",279749909
"data/africa_full_predictor_data/africa_full_predictor_data_2022-11-19.parquet",279967765
"data/africa_full_predictor_data/africa_full_predictor_data_2022-11-20.parquet",280166749
"data/africa_full_predictor_data/africa_full_predictor_data_2022-11-21.parquet",279669758
"data/africa_full_predictor_data/africa_full_predictor_data_2022-11-22.parquet",279419022
"data/africa_full_predictor_data/africa_full_predictor_data_2022-11-23.parquet",279575858
"data/africa_full_predictor_data/africa_full_predictor_data_2022-11-24.parquet",279380479
"data/africa_full_predictor_data/africa_full_predictor_data_2022-11-25.parquet",279415603
"data/africa_full_predictor_data/africa_full_predictor_data_2022-11-26.parquet",279529936
"data/africa_full_predictor_data/africa_full_predictor_data_2022-11-27.parquet",279820641
"data/africa_full_predictor_data/africa_full_predictor_data_2022-11-28.parquet",279212590
"data/africa_full_predictor_data/africa_full_predictor_data_2022-11-29.parquet",279545419
"data/africa_full_predictor_data/africa_full_predictor_data_2022-11-30.parquet",279589593
"data/africa_full_predictor_data/africa_full_predictor_data_2022-12-01.parquet",279352609
"data/africa_full_predictor_data/africa_full_predictor_data_2022-12-02.parquet",279381987
"data/africa_full_predictor_data/africa_full_predictor_data_2022-12-03.parquet",279526281
"data/africa_full_predictor_data/africa_full_predictor_data_2022-12-04.parquet",279384495
"data/africa_full_predictor_data/africa_full_predictor_data_2022-12-05.parquet",279328749
"data/africa_full_predictor_data/africa_full_predictor_data_2022-12-06.parquet",279150945
"data/africa_full_predictor_data/africa_full_predictor_data_2022-12-07.parquet",279031326
"data/africa_full_predictor_data/africa_full_predictor_data_2022-12-08.parquet",279259207
"data/africa_full_predictor_data/africa_full_predictor_data_2022-12-09.parquet",279225993
"data/africa_full_predictor_data/africa_full_predictor_data_2022-12-10.parquet",279456238
"data/africa_full_predictor_data/africa_full_predictor_data_2022-12-11.parquet",279100211
"data/africa_full_predictor_data/africa_full_predictor_data_2022-12-12.parquet",278950159
"data/africa_full_predictor_data/africa_full_predictor_data_2022-12-13.parquet",278856580
"data/africa_full_predictor_data/africa_full_predictor_data_2022-12-14.parquet",279035963
"data/africa_full_predictor_data/africa_full_predictor_data_2022-12-15.parquet",279339870
"data/africa_full_predictor_data/africa_full_predictor_data_2022-12-16.parquet",278719615
"data/africa_full_predictor_data/africa_full_predictor_data_2022-12-17.parquet",278615937
"data/africa_full_predictor_data/africa_full_predictor_data_2022-12-18.parquet",278095763
"data/africa_full_predictor_data/africa_full_predictor_data_2022-12-19.parquet",278274042
"data/africa_full_predictor_data/africa_full_predictor_data_2022-12-20.parquet",278497301
"data/africa_full_predictor_data/africa_full_predictor_data_2022-12-21.parquet",278722146
"data/africa_full_predictor_data/africa_full_predictor_data_2022-12-22.parquet",278736014
"data/africa_full_predictor_data/africa_full_predictor_data_2022-12-23.parquet",278565177
"data/africa_full_predictor_data/africa_full_predictor_data_2022-12-24.parquet",278359562
"data/africa_full_predictor_data/africa_full_predictor_data_2022-12-25.parquet",278374636
"data/africa_full_predictor_data/africa_full_predictor_data_2022-12-26.parquet",278755780
"data/africa_full_predictor_data/africa_full_predictor_data_2022-12-27.parquet",278683556
"data/africa_full_predictor_data/africa_full_predictor_data_2022-12-28.parquet",278958067
"data/africa_full_predictor_data/africa_full_predictor_data_2022-12-29.parquet",278973838
"data/africa_full_predictor_data/africa_full_predictor_data_2022-12-30.parquet",279349793
"data/africa_full_predictor_data/africa_full_predictor_data_2022-12-31.parquet",278792583
"data/africa_full_predictor_data/africa_full_predictor_data_2023-01-01.parquet",279250303
"data/africa_full_predictor_data/africa_full_predictor_data_2023-01-02.parquet",278836854
"data/africa_full_predictor_data/africa_full_predictor_data_2023-01-03.parquet",279006929
"data/africa_full_predictor_data/africa_full_predictor_data_2023-01-04.parquet",279171769
"data/africa_full_predictor_data/africa_full_predictor_data_2023-01-05.parquet",279361147
"data/africa_full_predictor_data/africa_full_predictor_data_2023-01-06.parquet",279360204
"data/africa_full_predictor_data/africa_full_predictor_data_2023-01-07.parquet",279389906
"data/africa_full_predictor_data/africa_full_predictor_data_2023-01-08.parquet",279275758
"data/africa_full_predictor_data/africa_full_predictor_data_2023-01-09.parquet",278919563
"data/africa_full_predictor_data/africa_full_predictor_data_2023-01-10.parquet",278844138
"data/africa_full_predictor_data/africa_full_predictor_data_2023-01-11.parquet",279184102
"data/africa_full_predictor_data/africa_full_predictor_data_2023-01-12.parquet",278882988
"data/africa_full_predictor_data/africa_full_predictor_data_2023-01-13.parquet",278677809
"data/africa_full_predictor_data/africa_full_predictor_data_2023-01-14.parquet",278751939
"data/africa_full_predictor_data/africa_full_predictor_data_2023-01-15.parquet",279098553
"data/africa_full_predictor_data/africa_full_predictor_data_2023-01-16.parquet",279654121
"data/africa_full_predictor_data/africa_full_predictor_data_2023-01-17.parquet",280153912
"data/africa_full_predictor_data/africa_full_predictor_data_2023-01-18.parquet",280151259
"data/africa_full_predictor_data/africa_full_predictor_data_2023-01-19.parquet",279821490
"data/africa_full_predictor_data/africa_full_predictor_data_2023-01-20.parquet",279737958
"data/africa_full_predictor_data/africa_full_predictor_data_2023-01-21.parquet",279965988
"data/africa_full_predictor_data/africa_full_predictor_data_2023-01-22.parquet",279550786
"data/africa_full_predictor_data/africa_full_predictor_data_2023-01-23.parquet",279242397
"data/africa_full_predictor_data/africa_full_predictor_data_2023-01-24.parquet",279722839
"data/africa_full_predictor_data/africa_full_predictor_data_2023-01-25.parquet",279922948
"data/africa_full_predictor_data/africa_full_predictor_data_2023-01-26.parquet",279999568
"data/africa_full_predictor_data/africa_full_predictor_data_2023-01-27.parquet",280361059
"data/africa_full_predictor_data/africa_full_predictor_data_2023-01-28.parquet",280098464
"data/africa_full_predictor_data/africa_full_predictor_data_2023-01-29.parquet",279721715
"data/africa_full_predictor_data/africa_full_predictor_data_2023-01-30.parquet",279764958
"data/africa_full_predictor_data/africa_full_predictor_data_2023-01-31.parquet",280058793
"data/africa_full_predictor_data/africa_full_predictor_data_2023-02-01.parquet",279646199
"data/africa_full_predictor_data/africa_full_predictor_data_2023-02-02.parquet",279798486
"data/africa_full_predictor_data/africa_full_predictor_data_2023-02-03.parquet",280074510
"data/africa_full_predictor_data/africa_full_predictor_data_2023-02-04.parquet",279310473
"data/africa_full_predictor_data/africa_full_predictor_data_2023-02-05.parquet",279571901
"data/africa_full_predictor_data/africa_full_predictor_data_2023-02-06.parquet",280021251
"data/africa_full_predictor_data/africa_full_predictor_data_2023-02-07.parquet",280616048
"data/africa_full_predictor_data/africa_full_predictor_data_2023-02-08.parquet",279971489
"data/africa_full_predictor_data/africa_full_predictor_data_2023-02-09.parquet",279946947
"data/africa_full_predictor_data/africa_full_predictor_data_2023-02-10.parquet",279895105
"data/africa_full_predictor_data/africa_full_predictor_data_2023-02-11.parquet",280026554
"data/africa_full_predictor_data/africa_full_predictor_data_2023-02-12.parquet",280044378
"data/africa_full_predictor_data/africa_full_predictor_data_2023-02-13.parquet",280432306
"data/africa_full_predictor_data/africa_full_predictor_data_2023-02-14.parquet",279935392
"data/africa_full_predictor_data/africa_full_predictor_data_2023-02-15.parquet",281035833
"data/africa_full_predictor_data/africa_full_predictor_data_2023-02-16.parquet",280524354
"data/africa_full_predictor_data/africa_full_predictor_data_2023-02-17.parquet",280354988
"data/africa_full_predictor_data/africa_full_predictor_data_2023-02-18.parquet",280057517
"data/africa_full_predictor_data/africa_full_predictor_data_2023-02-19.parquet",280350383
"data/africa_full_predictor_data/africa_full_predictor_data_2023-02-20.parquet",280159760
"data/africa_full_predictor_data/africa_full_predictor_data_2023-02-21.parquet",279908472
"data/africa_full_predictor_data/africa_full_predictor_data_2023-02-22.parquet",280265016
"data/africa_full_predictor_data/africa_full_predictor_data_2023-02-23.parquet",280212534
"data/africa_full_predictor_data/africa_full_predictor_data_2023-02-24.parquet",280852338
"data/africa_full_predictor_data/africa_full_predictor_data_2023-02-25.parquet",280448271
"data/africa_full_predictor_data/africa_full_predictor_data_2023-02-26.parquet",280046171
"data/africa_full_predictor_data/africa_full_predictor_data_2023-02-27.parquet",279925506
"data/africa_full_predictor_data/africa_full_predictor_data_2023-02-28.parquet",280317309
"data/africa_full_predictor_data/africa_full_predictor_data_2023-03-01.parquet",280585578
"data/africa_full_predictor_data/africa_full_predictor_data_2023-03-02.parquet",280018503
"data/africa_full_predictor_data/africa_full_predictor_data_2023-03-03.parquet",279927169
"data/africa_full_predictor_data/africa_full_predictor_data_2023-03-04.parquet",280126943
"data/africa_full_predictor_data/africa_full_predictor_data_2023-03-05.parquet",279990207
"data/africa_full_predictor_data/africa_full_predictor_data_2023-03-06.parquet",280125770
"data/africa_full_predictor_data/africa_full_predictor_data_2023-03-07.parquet",280066704
"data/africa_full_predictor_data/africa_full_predictor_data_2023-03-08.parquet",280038476
"data/africa_full_predictor_data/africa_full_predictor_data_2023-03-09.parquet",280676039
"data/africa_full_predictor_data/africa_full_predictor_data_2023-03-10.parquet",280425700
"data/africa_full_predictor_data/africa_full_predictor_data_2023-03-11.parquet",280726739
"data/africa_full_predictor_data/africa_full_predictor_data_2023-03-12.parquet",280597822
"data/africa_full_predictor_data/africa_full_predictor_data_2023-03-13.parquet",280772292
"data/africa_full_predictor_data/africa_full_predictor_data_2023-03-14.parquet",280767095
"data/africa_full_predictor_data/africa_full_predictor_data_2023-03-15.parquet",280770547
"data/africa_full_predictor_data/africa_full_predictor_data_2023-03-16.parquet",280536151
"data/africa_full_predictor_data/africa_full_predictor_data_2023-03-17.parquet",280055899
"data/africa_full_predictor_data/africa_full_predictor_data_2023-03-18.parquet",280896774
"data/africa_full_predictor_data/africa_full_predictor_data_2023-03-19.parquet",280813441
"data/africa_full_predictor_data/africa_full_predictor_data_2023-03-20.parquet",281288310
"data/africa_full_predictor_data/africa_full_predictor_data_2023-03-21.parquet",281214996
"data/africa_full_predictor_data/africa_full_predictor_data_2023-03-22.parquet",281116535
"data/africa_full_predictor_data/africa_full_predictor_data_2023-03-23.parquet",280907755
"data/africa_full_predictor_data/africa_full_predictor_data_2023-03-24.parquet",281101883
"data/africa_full_predictor_data/africa_full_predictor_data_2023-03-25.parquet",281220464
"data/africa_full_predictor_data/africa_full_predictor_data_2023-03-26.parquet",281187581
"data/africa_full_predictor_data/africa_full_predictor_data_2023-03-27.parquet",280991188
"data/africa_full_predictor_data/africa_full_predictor_data_2023-03-28.parquet",280906462
"data/africa_full_predictor_data/africa_full_predictor_data_2023-03-29.parquet",281650770
"data/africa_full_predictor_data/africa_full_predictor_data_2023-03-30.parquet",281769763
"data/africa_full_predictor_data/africa_full_predictor_data_2023-03-31.parquet",281025104
"data/africa_full_predictor_data/africa_full_predictor_data_2023-04-01.parquet",280708620
"data/africa_full_predictor_data/africa_full_predictor_data_2023-04-02.parquet",280609912
"data/africa_full_predictor_data/africa_full_predictor_data_2023-04-03.parquet",280270375
"data/africa_full_predictor_data/africa_full_predictor_data_2023-04-04.parquet",280833047
"data/africa_full_predictor_data/africa_full_predictor_data_2023-04-05.parquet",280962067
"data/africa_full_predictor_data/africa_full_predictor_data_2023-04-06.parquet",280936352
"data/africa_full_predictor_data/africa_full_predictor_data_2023-04-07.parquet",280892858
"data/africa_full_predictor_data/africa_full_predictor_data_2023-04-08.parquet",281134868
"data/africa_full_predictor_data/africa_full_predictor_data_2023-04-09.parquet",280963895
"data/africa_full_predictor_data/africa_full_predictor_data_2023-04-10.parquet",281761775
"data/africa_full_predictor_data/africa_full_predictor_data_2023-04-11.parquet",281638786
"data/africa_full_predictor_data/africa_full_predictor_data_2023-04-12.parquet",282159526
"data/africa_full_predictor_data/africa_full_predictor_data_2023-04-13.parquet",281371462
"data/africa_full_predictor_data/africa_full_predictor_data_2023-04-14.parquet",281517470
"data/africa_full_predictor_data/africa_full_predictor_data_2023-04-15.parquet",281720308
"data/africa_full_predictor_data/africa_full_predictor_data_2023-04-16.parquet",281304738
"data/africa_full_predictor_data/africa_full_predictor_data_2023-04-17.parquet",281079817
"data/africa_full_predictor_data/africa_full_predictor_data_2023-04-18.parquet",281375793
"data/africa_full_predictor_data/africa_full_predictor_data_2023-04-19.parquet",281183563
"data/africa_full_predictor_data/africa_full_predictor_data_2023-04-20.parquet",281253960
"data/africa_full_predictor_data/africa_full_predictor_data_2023-04-21.parquet",281152108
"data/africa_full_predictor_data/africa_full_predictor_data_2023-04-22.parquet",281260726
"data/africa_full_predictor_data/africa_full_predictor_data_2023-04-23.parquet",281725203
"data/africa_full_predictor_data/africa_full_predictor_data_2023-04-24.parquet",282252302
"data/africa_full_predictor_data/africa_full_predictor_data_2023-04-25.parquet",281493251
"data/africa_full_predictor_data/africa_full_predictor_data_2023-04-26.parquet",281915760
"data/africa_full_predictor_data/africa_full_predictor_data_2023-04-27.parquet",281821097
"data/africa_full_predictor_data/africa_full_predictor_data_2023-04-28.parquet",281906112
"data/africa_full_predictor_data/africa_full_predictor_data_2023-04-29.parquet",282036234
"data/africa_full_predictor_data/africa_full_predictor_data_2023-04-30.parquet",282186029
"data/africa_full_predictor_data/africa_full_predictor_data_2023-05-01.parquet",281886564
"data/africa_full_predictor_data/africa_full_predictor_data_2023-05-02.parquet",281328430
"data/africa_full_predictor_data/africa_full_predictor_data_2023-05-03.parquet",281445858
"data/africa_full_predictor_data/africa_full_predictor_data_2023-05-04.parquet",281002997
"data/africa_full_predictor_data/africa_full_predictor_data_2023-05-05.parquet",281407763
"data/africa_full_predictor_data/africa_full_predictor_data_2023-05-06.parquet",281473164
"data/africa_full_predictor_data/africa_full_predictor_data_2023-05-07.parquet",281759849
"data/africa_full_predictor_data/africa_full_predictor_data_2023-05-08.parquet",281646416
"data/africa_full_predictor_data/africa_full_predictor_data_2023-05-09.parquet",281765107
"data/africa_full_predictor_data/africa_full_predictor_data_2023-05-10.parquet",281363231
"data/africa_full_predictor_data/africa_full_predictor_data_2023-05-11.parquet",281421435
"data/africa_full_predictor_data/africa_full_predictor_data_2023-05-12.parquet",281174374
"data/africa_full_predictor_data/africa_full_predictor_data_2023-05-13.parquet",281164752
"data/africa_full_predictor_data/africa_full_predictor_data_2023-05-14.parquet",281243536
"data/africa_full_predictor_data/africa_full_predictor_data_2023-05-15.parquet",281361454
"data/africa_full_predictor_data/africa_full_predictor_data_2023-05-16.parquet",281470281
"data/africa_full_predictor_data/africa_full_predictor_data_2023-05-17.parquet",280680172
"data/africa_full_predictor_data/africa_full_predictor_data_2023-05-18.parquet",280928506
"data/africa_full_predictor_data/africa_full_predictor_data_2023-05-19.parquet",281101447
"data/africa_full_predictor_data/africa_full_predictor_data_2023-05-20.parquet",281263532
"data/africa_full_predictor_data/africa_full_predictor_data_2023-05-21.parquet",280994076
"data/africa_full_predictor_data/africa_full_predictor_data_2023-05-22.parquet",280789488
"data/africa_full_predictor_data/africa_full_predictor_data_2023-05-23.parquet",280579669
"data/africa_full_predictor_data/africa_full_predictor_data_2023-05-24.parquet",281429996
"data/africa_full_predictor_data/africa_full_predictor_data_2023-05-25.parquet",281265579
"data/africa_full_predictor_data/africa_full_predictor_data_2023-05-26.parquet",280810144
"data/africa_full_predictor_data/africa_full_predictor_data_2023-05-27.parquet",281646181
"data/africa_full_predictor_data/africa_full_predictor_data_2023-05-28.parquet",281267962
"data/africa_full_predictor_data/africa_full_predictor_data_2023-05-29.parquet",281305542
"data/africa_full_predictor_data/africa_full_predictor_data_2023-05-30.parquet",280905407
"data/africa_full_predictor_data/africa_full_predictor_data_2023-05-31.parquet",281058204
"data/africa_full_predictor_data/africa_full_predictor_data_2023-06-01.parquet",280657945
"data/africa_full_predictor_data/africa_full_predictor_data_2023-06-02.parquet",280516438
"data/africa_full_predictor_data/africa_full_predictor_data_2023-06-03.parquet",280452666
"data/africa_full_predictor_data/africa_full_predictor_data_2023-06-04.parquet",280275672
"data/africa_full_predictor_data/africa_full_predictor_data_2023-06-05.parquet",280480982
"data/africa_full_predictor_data/africa_full_predictor_data_2023-06-06.parquet",280703926
"data/africa_full_predictor_data/africa_full_predictor_data_2023-06-07.parquet",280652654
"data/africa_full_predictor_data/africa_full_predictor_data_2023-06-08.parquet",280445577
"data/africa_full_predictor_data/africa_full_predictor_data_2023-06-09.parquet",280466169
"data/africa_full_predictor_data/africa_full_predictor_data_2023-06-10.parquet",280172252
"data/africa_full_predictor_data/africa_full_predictor_data_2023-06-11.parquet",280061658
"data/africa_full_predictor_data/africa_full_predictor_data_2023-06-12.parquet",279725299
"data/africa_full_predictor_data/africa_full_predictor_data_2023-06-13.parquet",279758003
"data/africa_full_predictor_data/africa_full_predictor_data_2023-06-14.parquet",280264474
"data/africa_full_predictor_data/africa_full_predictor_data_2023-06-15.parquet",279090152
"data/africa_full_predictor_data/africa_full_predictor_data_2023-06-16.parquet",278797566
"data/africa_full_predictor_data/africa_full_predictor_data_2023-06-17.parquet",279407324
"data/africa_full_predictor_data/africa_full_predictor_data_2023-06-18.parquet",279309224
"data/africa_full_predictor_data/africa_full_predictor_data_2023-06-19.parquet",279251257
"data/africa_full_predictor_data/africa_full_predictor_data_2023-06-20.parquet",279124447
"data/africa_full_predictor_data/africa_full_predictor_data_2023-06-21.parquet",279781572
"data/africa_full_predictor_data/africa_full_predictor_data_2023-06-22.parquet",279332220
"data/africa_full_predictor_data/africa_full_predictor_data_2023-06-23.parquet",278990411
"data/africa_full_predictor_data/africa_full_predictor_data_2023-06-24.parquet",279222831
"data/africa_full_predictor_data/africa_full_predictor_data_2023-06-25.parquet",279241013
"data/africa_full_predictor_data/africa_full_predictor_data_2023-06-26.parquet",279377713
"data/africa_full_predictor_data/africa_full_predictor_data_2023-06-27.parquet",278948793
"data/africa_full_predictor_data/africa_full_predictor_data_2023-06-28.parquet",278977878
"data/africa_full_predictor_data/africa_full_predictor_data_2023-06-29.parquet",279578907
"data/africa_full_predictor_data/africa_full_predictor_data_2023-06-30.parquet",279250258
"data/africa_full_predictor_data/africa_full_predictor_data_2023-07-01.parquet",277670454
"data/africa_full_predictor_data/africa_full_predictor_data_2023-07-02.parquet",277495255
"data/africa_full_predictor_data/africa_full_predictor_data_2023-07-03.parquet",277556342
"data/africa_full_predictor_data/africa_full_predictor_data_2023-07-04.parquet",277950977
"data/africa_full_predictor_data/africa_full_predictor_data_2023-07-05.parquet",278079858
"data/africa_full_predictor_data/africa_full_predictor_data_2023-07-06.parquet",277716342
"data/africa_full_predictor_data/africa_full_predictor_data_2023-07-07.parquet",278502184
"data/africa_full_predictor_data/africa_full_predictor_data_2023-07-08.parquet",278762380
"data/africa_full_predictor_data/africa_full_predictor_data_2023-07-09.parquet",278256055
"data/africa_full_predictor_data/africa_full_predictor_data_2023-07-10.parquet",278180731
"data/africa_full_predictor_data/africa_full_predictor_data_2023-07-11.parquet",278207619
"data/africa_full_predictor_data/africa_full_predictor_data_2023-07-12.parquet",278584225
"data/africa_full_predictor_data/africa_full_predictor_data_2023-07-13.parquet",278289686
"data/africa_full_predictor_data/africa_full_predictor_data_2023-07-14.parquet",278464154
"data/africa_full_predictor_data/africa_full_predictor_data_2023-07-15.parquet",278227458
"data/africa_full_predictor_data/africa_full_predictor_data_2023-07-16.parquet",278044457
"data/africa_full_predictor_data/africa_full_predictor_data_2023-07-17.parquet",278336565
"data/africa_full_predictor_data/africa_full_predictor_data_2023-07-18.parquet",278164333
"data/africa_full_predictor_data/africa_full_predictor_data_2023-07-19.parquet",278426499
"data/africa_full_predictor_data/africa_full_predictor_data_2023-07-20.parquet",278517278
"data/africa_full_predictor_data/africa_full_predictor_data_2023-07-21.parquet",278619140
"data/africa_full_predictor_data/africa_full_predictor_data_2023-07-22.parquet",278879386
"data/africa_full_predictor_data/africa_full_predictor_data_2023-07-23.parquet",278767255
"data/africa_full_predictor_data/africa_full_predictor_data_2023-07-24.parquet",278870078
"data/africa_full_predictor_data/africa_full_predictor_data_2023-07-25.parquet",278751755
"data/africa_full_predictor_data/africa_full_predictor_data_2023-07-26.parquet",279042208
"data/africa_full_predictor_data/africa_full_predictor_data_2023-07-27.parquet",278639783
"data/africa_full_predictor_data/africa_full_predictor_data_2023-07-28.parquet",278886308
"data/africa_full_predictor_data/africa_full_predictor_data_2023-07-29.parquet",279013824
"data/africa_full_predictor_data/africa_full_predictor_data_2023-07-30.parquet",278746339
"data/africa_full_predictor_data/africa_full_predictor_data_2023-07-31.parquet",278707570
"data/africa_full_predictor_data/africa_full_predictor_data_2023-08-01.parquet",278961486
"data/africa_full_predictor_data/africa_full_predictor_data_2023-08-02.parquet",279117283
"data/africa_full_predictor_data/africa_full_predictor_data_2023-08-03.parquet",279101189
"data/africa_full_predictor_data/africa_full_predictor_data_2023-08-04.parquet",279512496
"data/africa_full_predictor_data/africa_full_predictor_data_2023-08-05.parquet",279281115
"data/africa_full_predictor_data/africa_full_predictor_data_2023-08-06.parquet",278998086
"data/africa_full_predictor_data/africa_full_predictor_data_2023-08-07.parquet",279061556
"data/africa_full_predictor_data/africa_full_predictor_data_2023-08-08.parquet",279423767
"data/africa_full_predictor_data/africa_full_predictor_data_2023-08-09.parquet",278959643
"data/africa_full_predictor_data/africa_full_predictor_data_2023-08-10.parquet",278811403
"data/africa_full_predictor_data/africa_full_predictor_data_2023-08-11.parquet",277648309
"data/africa_full_predictor_data/africa_full_predictor_data_2023-08-12.parquet",277527336
"data/africa_full_predictor_data/africa_full_predictor_data_2023-08-13.parquet",277583284
"data/africa_full_predictor_data/africa_full_predictor_data_2023-08-14.parquet",277677630
"data/africa_full_predictor_data/africa_full_predictor_data_2023-08-15.parquet",277761631
"data/africa_full_predictor_data/africa_full_predictor_data_2023-08-16.parquet",277576434
"data/africa_full_predictor_data/africa_full_predictor_data_2023-08-17.parquet",277658039
"data/africa_full_predictor_data/africa_full_predictor_data_2023-08-18.parquet",277496110
"data/africa_full_predictor_data/africa_full_predictor_data_2023-08-19.parquet",277674870
"data/africa_full_predictor_data/africa_full_predictor_data_2023-08-20.parquet",277478796
"data/africa_full_predictor_data/africa_full_predictor_data_2023-08-21.parquet",278712590
"data/africa_full_predictor_data/africa_full_predictor_data_2023-08-22.parquet",278816835
"data/africa_full_predictor_data/africa_full_predictor_data_2023-08-23.parquet",279235908
"data/africa_full_predictor_data/africa_full_predictor_data_2023-08-24.parquet",279635236
"data/africa_full_predictor_data/africa_full_predictor_data_2023-08-25.parquet",278947659
"data/africa_full_predictor_data/africa_full_predictor_data_2023-08-26.parquet",278928213
"data/africa_full_predictor_data/africa_full_predictor_data_2023-08-27.parquet",279051691
"data/africa_full_predictor_data/africa_full_predictor_data_2023-08-28.parquet",280215721
"data/africa_full_predictor_data/africa_full_predictor_data_2023-08-29.parquet",279258471
"data/africa_full_predictor_data/africa_full_predictor_data_2023-08-30.parquet",279234122
"data/africa_full_predictor_data/africa_full_predictor_data_2023-08-31.parquet",279217641
"data/africa_full_predictor_data/africa_full_predictor_data_2023-09-01.parquet",279273864
"data/africa_full_predictor_data/africa_full_predictor_data_2023-09-02.parquet",278665458
"data/africa_full_predictor_data/africa_full_predictor_data_2023-09-03.parquet",279684327
"data/africa_full_predictor_data/africa_full_predictor_data_2023-09-04.parquet",279585171
"data/africa_full_predictor_data/africa_full_predictor_data_2023-09-05.parquet",279261919
"data/africa_full_predictor_data/africa_full_predictor_data_2023-09-06.parquet",279236049
"data/africa_full_predictor_data/africa_full_predictor_data_2023-09-07.parquet",279208888
"data/africa_full_predictor_data/africa_full_predictor_data_2023-09-08.parquet",278974055
"data/africa_full_predictor_data/africa_full_predictor_data_2023-09-09.parquet",279473885
"data/africa_full_predictor_data/africa_full_predictor_data_2023-09-10.parquet",279092755
"data/africa_full_predictor_data/africa_full_predictor_data_2023-09-11.parquet",279094181
"data/africa_full_predictor_data/africa_full_predictor_data_2023-09-12.parquet",279217505
"data/africa_full_predictor_data/africa_full_predictor_data_2023-09-13.parquet",279337790
"data/africa_full_predictor_data/africa_full_predictor_data_2023-09-14.parquet",278744163
"data/africa_full_predictor_data/africa_full_predictor_data_2023-09-15.parquet",278683961
"data/africa_full_predictor_data/africa_full_predictor_data_2023-09-16.parquet",278687140
"data/africa_full_predictor_data/africa_full_predictor_data_2023-09-17.parquet",278825091
"data/africa_full_predictor_data/africa_full_predictor_data_2023-09-18.parquet",279093717
"data/africa_full_predictor_data/africa_full_predictor_data_2023-09-19.parquet",279434227
"data/africa_full_predictor_data/africa_full_predictor_data_2023-09-20.parquet",279976222
"data/africa_full_predictor_data/africa_full_predictor_data_2023-09-21.parquet",279467756
"data/africa_full_predictor_data/africa_full_predictor_data_2023-09-22.parquet",279415959
"data/africa_full_predictor_data/africa_full_predictor_data_2023-09-23.parquet",279650307
"data/africa_full_predictor_data/africa_full_predictor_data_2023-09-24.parquet",279491081
"data/africa_full_predictor_data/africa_full_predictor_data_2023-09-25.parquet",279553737
"data/africa_full_predictor_data/africa_full_predictor_data_2023-09-26.parquet",279456672
"data/africa_full_predictor_data/africa_full_predictor_data_2023-09-27.parquet",279718965
"data/africa_full_predictor_data/africa_full_predictor_data_2023-09-28.parquet",279819751
"data/africa_full_predictor_data/africa_full_predictor_data_2023-09-29.parquet",279854527
"data/africa_full_predictor_data/africa_full_predictor_data_2023-09-30.parquet",279876363
"data/africa_full_predictor_data/africa_full_predictor_data_2023-10-01.parquet",280266558
"data/africa_full_predictor_data/africa_full_predictor_data_2023-10-02.parquet",280251315
"data/africa_full_predictor_data/africa_full_predictor_data_2023-10-03.parquet",280552085
"data/africa_full_predictor_data/africa_full_predictor_data_2023-10-04.parquet",280716344
"data/africa_full_predictor_data/africa_full_predictor_data_2023-10-05.parquet",280113921
"data/africa_full_predictor_data/africa_full_predictor_data_2023-10-06.parquet",280971875
"data/africa_full_predictor_data/africa_full_predictor_data_2023-10-07.parquet",280277992
"data/africa_full_predictor_data/africa_full_predictor_data_2023-10-08.parquet",280416338
"data/africa_full_predictor_data/africa_full_predictor_data_2023-10-09.parquet",280358327
"data/africa_full_predictor_data/africa_full_predictor_data_2023-10-10.parquet",280308541
"data/africa_full_predictor_data/africa_full_predictor_data_2023-10-11.parquet",280510553
"data/africa_full_predictor_data/africa_full_predictor_data_2023-10-12.parquet",280183508
"data/africa_full_predictor_data/africa_full_predictor_data_2023-10-13.parquet",280235777
"data/africa_full_predictor_data/africa_full_predictor_data_2023-10-14.parquet",280754112
"data/africa_full_predictor_data/africa_full_predictor_data_2023-10-15.parquet",281571767
"data/africa_full_predictor_data/africa_full_predictor_data_2023-10-16.parquet",281132291
"data/africa_full_predictor_data/africa_full_predictor_data_2023-10-17.parquet",280814305
"data/africa_full_predictor_data/africa_full_predictor_data_2023-10-18.parquet",280523719
"data/africa_full_predictor_data/africa_full_predictor_data_2023-10-19.parquet",280500397
"data/africa_full_predictor_data/africa_full_predictor_data_2023-10-20.parquet",280933456
"data/africa_full_predictor_data/africa_full_predictor_data_2023-10-21.parquet",280747703
"data/africa_full_predictor_data/africa_full_predictor_data_2023-10-22.parquet",280516717
"data/africa_full_predictor_data/africa_full_predictor_data_2023-10-23.parquet",280445031
"data/africa_full_predictor_data/africa_full_predictor_data_2023-10-24.parquet",280696120
"data/africa_full_predictor_data/africa_full_predictor_data_2023-10-25.parquet",280839043
"data/africa_full_predictor_data/africa_full_predictor_data_2023-10-26.parquet",280925274
"data/africa_full_predictor_data/africa_full_predictor_data_2023-10-27.parquet",281100936
"data/africa_full_predictor_data/africa_full_predictor_data_2023-10-28.parquet",280951518
"data/africa_full_predictor_data/africa_full_predictor_data_2023-10-29.parquet",280845272
"data/africa_full_predictor_data/africa_full_predictor_data_2023-10-30.parquet",281358053
"data/africa_full_predictor_data/africa_full_predictor_data_2023-10-31.parquet",280690954
"data/africa_full_predictor_data/africa_full_predictor_data_2023-11-01.parquet",280671882
"data/africa_full_predictor_data/africa_full_predictor_data_2023-11-02.parquet",280603071
"data/africa_full_predictor_data/africa_full_predictor_data_2023-11-03.parquet",281364314
"data/africa_full_predictor_data/africa_full_predictor_data_2023-11-04.parquet",280500412
"data/africa_full_predictor_data/africa_full_predictor_data_2023-11-05.parquet",280668363
"data/africa_full_predictor_data/africa_full_predictor_data_2023-11-06.parquet",280451281
"data/africa_full_predictor_data/africa_full_predictor_data_2023-11-07.parquet",280163639
"data/africa_full_predictor_data/africa_full_predictor_data_2023-11-08.parquet",280390615
"data/africa_full_predictor_data/africa_full_predictor_data_2023-11-09.parquet",280262322
"data/africa_full_predictor_data/africa_full_predictor_data_2023-11-10.parquet",280352032
"data/africa_full_predictor_data/africa_full_predictor_data_2023-11-11.parquet",280129979
"data/africa_full_predictor_data/africa_full_predictor_data_2023-11-12.parquet",279868684
"data/africa_full_predictor_data/africa_full_predictor_data_2023-11-13.parquet",279677063
"data/africa_full_predictor_data/africa_full_predictor_data_2023-11-14.parquet",279894827
"data/africa_full_predictor_data/africa_full_predictor_data_2023-11-15.parquet",279891266
"data/africa_full_predictor_data/africa_full_predictor_data_2023-11-16.parquet",279788522
"data/africa_full_predictor_data/africa_full_predictor_data_2023-11-17.parquet",279792002
"data/africa_full_predictor_data/africa_full_predictor_data_2023-11-18.parquet",280030041
"data/africa_full_predictor_data/africa_full_predictor_data_2023-11-19.parquet",280254381
"data/africa_full_predictor_data/africa_full_predictor_data_2023-11-20.parquet",280150971
"data/africa_full_predictor_data/africa_full_predictor_data_2023-11-21.parquet",280323728
"data/africa_full_predictor_data/africa_full_predictor_data_2023-11-22.parquet",279818751
"data/africa_full_predictor_data/africa_full_predictor_data_2023-11-23.parquet",279848961
"data/africa_full_predictor_data/africa_full_predictor_data_2023-11-24.parquet",279717452
"data/africa_full_predictor_data/africa_full_predictor_data_2023-11-25.parquet",279723875
"data/africa_full_predictor_data/africa_full_predictor_data_2023-11-26.parquet",279805431
"data/africa_full_predictor_data/africa_full_predictor_data_2023-11-27.parquet",279559558
"data/africa_full_predictor_data/africa_full_predictor_data_2023-11-28.parquet",279538456
"data/africa_full_predictor_data/africa_full_predictor_data_2023-11-29.parquet",279656588
"data/africa_full_predictor_data/africa_full_predictor_data_2023-11-30.parquet",279756045
"data/africa_full_predictor_data/africa_full_predictor_data_2023-12-01.parquet",279726326
"data/africa_full_predictor_data/africa_full_predictor_data_2023-12-02.parquet",279547978
"data/africa_full_predictor_data/africa_full_predictor_data_2023-12-03.parquet",279702035
"data/africa_full_predictor_data/africa_full_predictor_data_2023-12-04.parquet",279544844
"data/africa_full_predictor_data/africa_full_predictor_data_2023-12-05.parquet",279387011
"data/africa_full_predictor_data/africa_full_predictor_data_2023-12-06.parquet",279845262
"data/africa_full_predictor_data/africa_full_predictor_data_2023-12-07.parquet",279117019
"data/africa_full_predictor_data/africa_full_predictor_data_2023-12-08.parquet",279229608
"data/africa_full_predictor_data/africa_full_predictor_data_2023-12-09.parquet",279084712
"data/africa_full_predictor_data/africa_full_predictor_data_2023-12-10.parquet",279428357
"data/africa_full_predictor_data/africa_full_predictor_data_2023-12-11.parquet",279170917
"data/africa_full_predictor_data/africa_full_predictor_data_2023-12-12.parquet",278944733
"data/africa_full_predictor_data/africa_full_predictor_data_2023-12-13.parquet",278923714
"data/africa_full_predictor_data/africa_full_predictor_data_2023-12-14.parquet",279707508
"data/africa_full_predictor_data/africa_full_predictor_data_2023-12-15.parquet",279392233
"data/africa_full_predictor_data/africa_full_predictor_data_2023-12-16.parquet",278802517
"data/africa_full_predictor_data/africa_full_predictor_data_2023-12-17.parquet",278469138
"data/africa_full_predictor_data/africa_full_predictor_data_2023-12-18.parquet",278072488
"data/africa_full_predictor_data/africa_full_predictor_data_2023-12-19.parquet",278103808
"data/africa_full_predictor_data/africa_full_predictor_data_2023-12-20.parquet",278592093
"data/africa_full_predictor_data/africa_full_predictor_data_2023-12-21.parquet",278500587
"data/africa_full_predictor_data/africa_full_predictor_data_2023-12-22.parquet",278540875
"data/africa_full_predictor_data/africa_full_predictor_data_2023-12-23.parquet",278624031
"data/africa_full_predictor_data/africa_full_predictor_data_2023-12-24.parquet",278254080
"data/africa_full_predictor_data/africa_full_predictor_data_2023-12-25.parquet",278492581
"data/africa_full_predictor_data/africa_full_predictor_data_2023-12-26.parquet",278607234
"data/africa_full_predictor_data/africa_full_predictor_data_2023-12-27.parquet",278636349
"data/africa_full_predictor_data/africa_full_predictor_data_2023-12-28.parquet",278884989
"data/africa_full_predictor_data/africa_full_predictor_data_2023-12-29.parquet",278909084
"data/africa_full_predictor_data/africa_full_predictor_data_2023-12-30.parquet",279014608
"data/africa_full_predictor_data/africa_full_predictor_data_2023-12-31.parquet",278656840
"data/africa_full_predictor_data/africa_full_predictor_data_2024-01-01.parquet",279211300
"data/africa_full_predictor_data/africa_full_predictor_data_2024-01-02.parquet",1614
"data/africa_full_predictor_data/africa_full_predictor_data_2024-01-03.parquet",1614
"data/africa_full_predictor_data/africa_full_predictor_data_2024-01-04.parquet",1614
"data/africa_full_predictor_data/africa_full_predictor_data_2024-01-05.parquet",1614
"data/africa_full_predictor_data/africa_full_predictor_data_2024-01-06.parquet",1614
"data/africa_full_predictor_data/africa_full_predictor_data_2024-01-07.parquet",1614
"data/africa_full_predictor_data/africa_full_predictor_data_2024-01-08.parquet",1614
"data/africa_full_predictor_data/africa_full_predictor_data_2024-01-09.parquet",1614
"data/africa_full_predictor_data/africa_full_predictor_data_2024-01-10.parquet",1614
"data/africa_full_predictor_data/africa_full_predictor_data_2024-01-11.parquet",1614
"data/africa_full_predictor_data/africa_full_predictor_data_2024-01-12.parquet",1614
"data/africa_full_predictor_data/africa_full_predictor_data_2024-01-13.parquet",1614
"data/africa_full_predictor_data/africa_full_predictor_data_2024-01-14.parquet",1614
"data/africa_full_predictor_data/africa_full_predictor_data_2024-01-15.parquet",279411176
"data/africa_full_predictor_data/africa_full_predictor_data_2024-01-16.parquet",279512362
"data/africa_full_predictor_data/africa_full_predictor_data_2024-01-17.parquet",279864386
"data/africa_full_predictor_data/africa_full_predictor_data_2024-01-18.parquet",280487783
"data/africa_full_predictor_data/africa_full_predictor_data_2024-01-19.parquet",280147384
"data/africa_full_predictor_data/africa_full_predictor_data_2024-01-20.parquet",280006529
"data/africa_full_predictor_data/africa_full_predictor_data_2024-01-21.parquet",280119939
"data/africa_full_predictor_data/africa_full_predictor_data_2024-01-22.parquet",279609853
"data/africa_full_predictor_data/africa_full_predictor_data_2024-01-23.parquet",279610683
"data/africa_full_predictor_data/africa_full_predictor_data_2024-01-24.parquet",280124249
"data/africa_full_predictor_data/africa_full_predictor_data_2024-01-25.parquet",279829783
"data/africa_full_predictor_data/africa_full_predictor_data_2024-01-26.parquet",280235948
"data/africa_full_predictor_data/africa_full_predictor_data_2024-01-27.parquet",280497478
"data/africa_full_predictor_data/africa_full_predictor_data_2024-01-28.parquet",280411987
"data/africa_full_predictor_data/africa_full_predictor_data_2024-01-29.parquet",279616448
"data/africa_full_predictor_data/africa_full_predictor_data_2024-01-30.parquet",280131569
"data/africa_full_predictor_data/africa_full_predictor_data_2024-01-31.parquet",280028494
"data/africa_full_predictor_data/africa_full_predictor_data_2024-02-01.parquet",279822157
"data/africa_full_predictor_data/africa_full_predictor_data_2024-02-02.parquet",280283814
"data/africa_full_predictor_data/africa_full_predictor_data_2024-02-03.parquet",280249781
"data/africa_full_predictor_data/africa_full_predictor_data_2024-02-04.parquet",279969079
"data/africa_full_predictor_data/africa_full_predictor_data_2024-02-05.parquet",279978975
"data/africa_full_predictor_data/africa_full_predictor_data_2024-02-06.parquet",280089796
"data/africa_full_predictor_data/africa_full_predictor_data_2024-02-07.parquet",280207661
"data/africa_full_predictor_data/africa_full_predictor_data_2024-02-08.parquet",279829645
"data/africa_full_predictor_data/africa_full_predictor_data_2024-02-09.parquet",280221955
"data/africa_full_predictor_data/africa_full_predictor_data_2024-02-10.parquet",280361028
"data/africa_full_predictor_data/africa_full_predictor_data_2024-02-11.parquet",280186297
"data/africa_full_predictor_data/africa_full_predictor_data_2024-02-12.parquet",280308894
"data/africa_full_predictor_data/africa_full_predictor_data_2024-02-13.parquet",280486120
"data/africa_full_predictor_data/africa_full_predictor_data_2024-02-14.parquet",280424261
"data/africa_full_predictor_data/africa_full_predictor_data_2024-02-15.parquet",280571488
"data/africa_full_predictor_data/africa_full_predictor_data_2024-02-16.parquet",280705396
"data/africa_full_predictor_data/africa_full_predictor_data_2024-02-17.parquet",281054436
"data/africa_full_predictor_data/africa_full_predictor_data_2024-02-18.parquet",280234429
"data/africa_full_predictor_data/africa_full_predictor_data_2024-02-19.parquet",280462814
"data/africa_full_predictor_data/africa_full_predictor_data_2024-02-20.parquet",280406580
"data/africa_full_predictor_data/africa_full_predictor_data_2024-02-21.parquet",279950301
"data/africa_full_predictor_data/africa_full_predictor_data_2024-02-22.parquet",280072693
"data/africa_full_predictor_data/africa_full_predictor_data_2024-02-23.parquet",280699668
"data/africa_full_predictor_data/africa_full_predictor_data_2024-02-24.parquet",281146123
"data/africa_full_predictor_data/africa_full_predictor_data_2024-02-25.parquet",280548137
"data/africa_full_predictor_data/africa_full_predictor_data_2024-02-26.parquet",280151000
"data/africa_full_predictor_data/africa_full_predictor_data_2024-02-27.parquet",279954708
"data/africa_full_predictor_data/africa_full_predictor_data_2024-02-28.parquet",280442591
"data/africa_full_predictor_data/africa_full_predictor_data_2024-02-29.parquet",280644136
"data/africa_full_predictor_data/africa_full_predictor_data_2024-03-01.parquet",279661099
"data/africa_full_predictor_data/africa_full_predictor_data_2024-03-02.parquet",279983357
"data/africa_full_predictor_data/africa_full_predictor_data_2024-03-03.parquet",280081359
"data/africa_full_predictor_data/africa_full_predictor_data_2024-03-04.parquet",280292297
"data/africa_full_predictor_data/africa_full_predictor_data_2024-03-05.parquet",280170721
"data/africa_full_predictor_data/africa_full_predictor_data_2024-03-06.parquet",280391164
"data/africa_full_predictor_data/africa_full_predictor_data_2024-03-07.parquet",279954422
"data/africa_full_predictor_data/africa_full_predictor_data_2024-03-08.parquet",280923267
"data/africa_full_predictor_data/africa_full_predictor_data_2024-03-09.parquet",280488344
"data/africa_full_predictor_data/africa_full_predictor_data_2024-03-10.parquet",280561543
"data/africa_full_predictor_data/africa_full_predictor_data_2024-03-11.parquet",280270569
"data/africa_full_predictor_data/africa_full_predictor_data_2024-03-12.parquet",280367517
"data/africa_full_predictor_data/africa_full_predictor_data_2024-03-13.parquet",280295017
"data/africa_full_predictor_data/africa_full_predictor_data_2024-03-14.parquet",280622052
"data/africa_full_predictor_data/africa_full_predictor_data_2024-03-15.parquet",280829218
"data/africa_full_predictor_data/africa_full_predictor_data_2024-03-16.parquet",280557093
"data/africa_full_predictor_data/africa_full_predictor_data_2024-03-17.parquet",281015213
"data/africa_full_predictor_data/africa_full_predictor_data_2024-03-18.parquet",281297691
"data/africa_full_predictor_data/africa_full_predictor_data_2024-03-19.parquet",281325257
"data/africa_full_predictor_data/africa_full_predictor_data_2024-03-20.parquet",280648178
"data/africa_full_predictor_data/africa_full_predictor_data_2024-03-21.parquet",281265773
"data/africa_full_predictor_data/africa_full_predictor_data_2024-03-22.parquet",281022325
"data/africa_full_predictor_data/africa_full_predictor_data_2024-03-23.parquet",281584381
"data/africa_full_predictor_data/africa_full_predictor_data_2024-03-24.parquet",281173742
"data/africa_full_predictor_data/africa_full_predictor_data_2024-03-25.parquet",281009998
"data/africa_full_predictor_data/africa_full_predictor_data_2024-03-26.parquet",281039855
"data/africa_full_predictor_data/africa_full_predictor_data_2024-03-27.parquet",281156663
"data/africa_full_predictor_data/africa_full_predictor_data_2024-03-28.parquet",280993682
"data/africa_full_predictor_data/africa_full_predictor_data_2024-03-29.parquet",281249951
"data/africa_full_predictor_data/africa_full_predictor_data_2024-03-30.parquet",281229700
"data/africa_full_predictor_data/africa_full_predictor_data_2024-03-31.parquet",280895537
"data/africa_full_predictor_data/africa_full_predictor_data_2024-04-01.parquet",280478816
"data/africa_full_predictor_data/africa_full_predictor_data_2024-04-02.parquet",280323824
"data/africa_full_predictor_data/africa_full_predictor_data_2024-04-03.parquet",280546254
"data/africa_full_predictor_data/africa_full_predictor_data_2024-04-04.parquet",280997749
"data/africa_full_predictor_data/africa_full_predictor_data_2024-04-05.parquet",281106342
"data/africa_full_predictor_data/africa_full_predictor_data_2024-04-06.parquet",281170015
"data/africa_full_predictor_data/africa_full_predictor_data_2024-04-07.parquet",281314435
"data/africa_full_predictor_data/africa_full_predictor_data_2024-04-08.parquet",281255418
"data/africa_full_predictor_data/africa_full_predictor_data_2024-04-09.parquet",281360495
"data/africa_full_predictor_data/africa_full_predictor_data_2024-04-10.parquet",281436057
"data/africa_full_predictor_data/africa_full_predictor_data_2024-04-11.parquet",281609004
"data/africa_full_predictor_data/africa_full_predictor_data_2024-04-12.parquet",281684842
"data/africa_full_predictor_data/africa_full_predictor_data_2024-04-13.parquet",281708592
"data/africa_full_predictor_data/africa_full_predictor_data_2024-04-14.parquet",281727898
"data/africa_full_predictor_data/africa_full_predictor_data_2024-04-15.parquet",281282825
"data/africa_full_predictor_data/africa_full_predictor_data_2024-04-16.parquet",281787495
"data/africa_full_predictor_data/africa_full_predictor_data_2024-04-17.parquet",281273142
"data/africa_full_predictor_data/africa_full_predictor_data_2024-04-18.parquet",281356443
"data/africa_full_predictor_data/africa_full_predictor_data_2024-04-19.parquet",281017548
"data/africa_full_predictor_data/africa_full_predictor_data_2024-04-20.parquet",281093870
"data/africa_full_predictor_data/africa_full_predictor_data_2024-04-21.parquet",281645642
"data/africa_full_predictor_data/africa_full_predictor_data_2024-04-22.parquet",281446189
"data/africa_full_predictor_data/africa_full_predictor_data_2024-04-23.parquet",281797206
"data/africa_full_predictor_data/africa_full_predictor_data_2024-04-24.parquet",281726505
"data/africa_full_predictor_data/africa_full_predictor_data_2024-04-25.parquet",281814435
"data/africa_full_predictor_data/africa_full_predictor_data_2024-04-26.parquet",281687088
"data/africa_full_predictor_data/africa_full_predictor_data_2024-04-27.parquet",282142412
"data/africa_full_predictor_data/africa_full_predictor_data_2024-04-28.parquet",282065734
"data/africa_full_predictor_data/africa_full_predictor_data_2024-04-29.parquet",282181918
"data/africa_full_predictor_data/africa_full_predictor_data_2024-04-30.parquet",282074063
"data/africa_full_predictor_data/africa_full_predictor_data_2024-05-01.parquet",281691577
"data/africa_full_predictor_data/africa_full_predictor_data_2024-05-02.parquet",281541366
"data/africa_full_predictor_data/africa_full_predictor_data_2024-05-03.parquet",281387456
"data/africa_full_predictor_data/africa_full_predictor_data_2024-05-04.parquet",281258985
"data/africa_full_predictor_data/africa_full_predictor_data_2024-05-05.parquet",281795847
"data/africa_full_predictor_data/africa_full_predictor_data_2024-05-06.parquet",281761981
"data/africa_full_predictor_data/africa_full_predictor_data_2024-05-07.parquet",281939970
"data/africa_full_predictor_data/africa_full_predictor_data_2024-05-08.parquet",281721725
"data/africa_full_predictor_data/africa_full_predictor_data_2024-05-09.parquet",281772083
"data/africa_full_predictor_data/africa_full_predictor_data_2024-05-10.parquet",281511272
"data/africa_full_predictor_data/africa_full_predictor_data_2024-05-11.parquet",280870054
"data/africa_full_predictor_data/africa_full_predictor_data_2024-05-12.parquet",281309180
"data/africa_full_predictor_data/africa_full_predictor_data_2024-05-13.parquet",281522258
"data/africa_full_predictor_data/africa_full_predictor_data_2024-05-14.parquet",281369080
"data/africa_full_predictor_data/africa_full_predictor_data_2024-05-15.parquet",280966369
"data/africa_full_predictor_data/africa_full_predictor_data_2024-05-16.parquet",281068887
"data/africa_full_predictor_data/africa_full_predictor_data_2024-05-17.parquet",281317694
"data/africa_full_predictor_data/africa_full_predictor_data_2024-05-18.parquet",281542143
"data/africa_full_predictor_data/africa_full_predictor_data_2024-05-19.parquet",281261072
"data/africa_full_predictor_data/africa_full_predictor_data_2024-05-20.parquet",280632467
"data/africa_full_predictor_data/africa_full_predictor_data_2024-05-21.parquet",280629807
"data/africa_full_predictor_data/africa_full_predictor_data_2024-05-22.parquet",280446935
"data/africa_full_predictor_data/africa_full_predictor_data_2024-05-23.parquet",281207791
"data/africa_full_predictor_data/africa_full_predictor_data_2024-05-24.parquet",280810171
"data/africa_full_predictor_data/africa_full_predictor_data_2024-05-25.parquet",280583827
"data/africa_full_predictor_data/africa_full_predictor_data_2024-05-26.parquet",281052466
"data/africa_full_predictor_data/africa_full_predictor_data_2024-05-27.parquet",281148964
"data/africa_full_predictor_data/africa_full_predictor_data_2024-05-28.parquet",280732362
"data/africa_full_predictor_data/africa_full_predictor_data_2024-05-29.parquet",281042772
"data/africa_full_predictor_data/africa_full_predictor_data_2024-05-30.parquet",280535384
"data/africa_full_predictor_data/africa_full_predictor_data_2024-05-31.parquet",280410842
"data/africa_full_predictor_data/africa_full_predictor_data_2024-06-01.parquet",280224096
"data/africa_full_predictor_data/africa_full_predictor_data_2024-06-02.parquet",280000621
"data/africa_full_predictor_data/africa_full_predictor_data_2024-06-03.parquet",280549771
"data/africa_full_predictor_data/africa_full_predictor_data_2024-06-04.parquet",279886308
"data/africa_full_predictor_data/africa_full_predictor_data_2024-06-05.parquet",279874872
"data/africa_full_predictor_data/africa_full_predictor_data_2024-06-06.parquet",280174991
"data/africa_full_predictor_data/africa_full_predictor_data_2024-06-07.parquet",280251581
"data/africa_full_predictor_data/africa_full_predictor_data_2024-06-08.parquet",280109811
"data/africa_full_predictor_data/africa_full_predictor_data_2024-06-09.parquet",280193300
"data/africa_full_predictor_data/africa_full_predictor_data_2024-06-10.parquet",279427057
"data/africa_full_predictor_data/africa_full_predictor_data_2024-06-11.parquet",279476673
"data/africa_full_predictor_data/africa_full_predictor_data_2024-06-12.parquet",279659301
"data/africa_full_predictor_data/africa_full_predictor_data_2024-06-13.parquet",279854965
"data/africa_full_predictor_data/africa_full_predictor_data_2024-06-14.parquet",279745829
"data/africa_full_predictor_data/africa_full_predictor_data_2024-06-15.parquet",279113932
"data/africa_full_predictor_data/africa_full_predictor_data_2024-06-16.parquet",279412942
"data/africa_full_predictor_data/africa_full_predictor_data_2024-06-17.parquet",279790204
"data/africa_full_predictor_data/africa_full_predictor_data_2024-06-18.parquet",279072208
"data/africa_full_predictor_data/africa_full_predictor_data_2024-06-19.parquet",278953530
"data/africa_full_predictor_data/africa_full_predictor_data_2024-06-20.parquet",279454027
"data/africa_full_predictor_data/africa_full_predictor_data_2024-06-21.parquet",279048013
"data/africa_full_predictor_data/africa_full_predictor_data_2024-06-22.parquet",279401911
"data/africa_full_predictor_data/africa_full_predictor_data_2024-06-23.parquet",279253106
"data/africa_full_predictor_data/africa_full_predictor_data_2024-06-24.parquet",279235742
"data/africa_full_predictor_data/africa_full_predictor_data_2024-06-25.parquet",278936012
"data/africa_full_predictor_data/africa_full_predictor_data_2024-06-26.parquet",279231208
"data/africa_full_predictor_data/africa_full_predictor_data_2024-06-27.parquet",278942541
"data/africa_full_predictor_data/africa_full_predictor_data_2024-06-28.parquet",279178423
"data/africa_full_predictor_data/africa_full_predictor_data_2024-06-29.parquet",278844466
"data/africa_full_predictor_data/africa_full_predictor_data_2024-06-30.parquet",278307598
"data/africa_full_predictor_data/africa_full_predictor_data_2024-07-01.parquet",277994998
"data/africa_full_predictor_data/africa_full_predictor_data_2024-07-02.parquet",277933705
"data/africa_full_predictor_data/africa_full_predictor_data_2024-07-03.parquet",277930972
"data/africa_full_predictor_data/africa_full_predictor_data_2024-07-04.parquet",278285813
"data/africa_full_predictor_data/africa_full_predictor_data_2024-07-05.parquet",277959357
"data/africa_full_predictor_data/africa_full_predictor_data_2024-07-06.parquet",278489916
"data/africa_full_predictor_data/africa_full_predictor_data_2024-07-07.parquet",278696799
"data/africa_full_predictor_data/africa_full_predictor_data_2024-07-08.parquet",278497809
"data/africa_full_predictor_data/africa_full_predictor_data_2024-07-09.parquet",278285816
"data/africa_full_predictor_data/africa_full_predictor_data_2024-07-10.parquet",278494611
"data/africa_full_predictor_data/africa_full_predictor_data_2024-07-11.parquet",278349963
"data/africa_full_predictor_data/africa_full_predictor_data_2024-07-12.parquet",278694441
"data/africa_full_predictor_data/africa_full_predictor_data_2024-07-13.parquet",277878800
"data/africa_full_predictor_data/africa_full_predictor_data_2024-07-14.parquet",278736991
"data/africa_full_predictor_data/africa_full_predictor_data_2024-07-15.parquet",279246291
"data/africa_full_predictor_data/africa_full_predictor_data_2024-07-16.parquet",279014173
"data/africa_full_predictor_data/africa_full_predictor_data_2024-07-17.parquet",278404768
"data/africa_full_predictor_data/africa_full_predictor_data_2024-07-18.parquet",278765288
"data/africa_full_predictor_data/africa_full_predictor_data_2024-07-19.parquet",278939985
"data/africa_full_predictor_data/africa_full_predictor_data_2024-07-20.parquet",278821901
"data/africa_full_predictor_data/africa_full_predictor_data_2024-07-21.parquet",278953193
"data/africa_full_predictor_data/africa_full_predictor_data_2024-07-22.parquet",278687088
"data/africa_full_predictor_data/africa_full_predictor_data_2024-07-23.parquet",278820418
"data/africa_full_predictor_data/africa_full_predictor_data_2024-07-24.parquet",279369034
"data/africa_full_predictor_data/africa_full_predictor_data_2024-07-25.parquet",279141038
"data/africa_full_predictor_data/africa_full_predictor_data_2024-07-26.parquet",278913470
"data/africa_full_predictor_data/africa_full_predictor_data_2024-07-27.parquet",279057843
"data/africa_full_predictor_data/africa_full_predictor_data_2024-07-28.parquet",279284130
"data/africa_full_predictor_data/africa_full_predictor_data_2024-07-29.parquet",279053722
"data/africa_full_predictor_data/africa_full_predictor_data_2024-07-30.parquet",279210008
"data/africa_full_predictor_data/africa_full_predictor_data_2024-07-31.parquet",279056783
"data/africa_full_predictor_data/africa_full_predictor_data_2024-08-01.parquet",279369904
"data/africa_full_predictor_data/africa_full_predictor_data_2024-08-02.parquet",280138240
"data/africa_full_predictor_data/africa_full_predictor_data_2024-08-03.parquet",279972874
"data/africa_full_predictor_data/africa_full_predictor_data_2024-08-04.parquet",279344711
"data/africa_full_predictor_data/africa_full_predictor_data_2024-08-05.parquet",279258558
"data/africa_full_predictor_data/africa_full_predictor_data_2024-08-06.parquet",279426131
"data/africa_full_predictor_data/africa_full_predictor_data_2024-08-07.parquet",279516188
"data/africa_full_predictor_data/africa_full_predictor_data_2024-08-08.parquet",279157382
"data/africa_full_predictor_data/africa_full_predictor_data_2024-08-09.parquet",278897158
"data/africa_full_predictor_data/africa_full_predictor_data_2024-08-10.parquet",279002088
"data/africa_full_predictor_data/africa_full_predictor_data_2024-08-11.parquet",278959388
"data/africa_full_predictor_data/africa_full_predictor_data_2024-08-12.parquet",278742589
"data/africa_full_predictor_data/africa_full_predictor_data_2024-08-13.parquet",279199884
"data/africa_full_predictor_data/africa_full_predictor_data_2024-08-14.parquet",279238194
"data/africa_full_predictor_data/africa_full_predictor_data_2024-08-15.parquet",278683817
"data/africa_full_predictor_data/africa_full_predictor_data_2024-08-16.parquet",279153310
"data/africa_full_predictor_data/africa_full_predictor_data_2024-08-17.parquet",279011331
"data/africa_full_predictor_data/africa_full_predictor_data_2024-08-18.parquet",279105247
"data/africa_full_predictor_data/africa_full_predictor_data_2024-08-19.parquet",279122687
"data/africa_full_predictor_data/africa_full_predictor_data_2024-08-20.parquet",279394096
"data/africa_full_predictor_data/africa_full_predictor_data_2024-08-21.parquet",279287045
"data/africa_full_predictor_data/africa_full_predictor_data_2024-08-22.parquet",279602826
"data/africa_full_predictor_data/africa_full_predictor_data_2024-08-23.parquet",280168697
"data/africa_full_predictor_data/africa_full_predictor_data_2024-08-24.parquet",279420962
"data/africa_full_predictor_data/africa_full_predictor_data_2024-08-25.parquet",279101918
"data/africa_full_predictor_data/africa_full_predictor_data_2024-08-26.parquet",279577344
"data/africa_full_predictor_data/africa_full_predictor_data_2024-08-27.parquet",279707221
"data/africa_full_predictor_data/africa_full_predictor_data_2024-08-28.parquet",279509226
"data/africa_full_predictor_data/africa_full_predictor_data_2024-08-29.parquet",279875315
"data/africa_full_predictor_data/africa_full_predictor_data_2024-08-30.parquet",279667511
"data/africa_full_predictor_data/africa_full_predictor_data_2024-08-31.parquet",280011219
"data/africa_full_predictor_data/africa_full_predictor_data_2024-09-01.parquet",279202474
"data/africa_full_predictor_data/africa_full_predictor_data_2024-09-02.parquet",279442211
"data/africa_full_predictor_data/africa_full_predictor_data_2024-09-03.parquet",279472382
"data/africa_full_predictor_data/africa_full_predictor_data_2024-09-04.parquet",279693168
"data/africa_full_predictor_data/africa_full_predictor_data_2024-09-05.parquet",279718388
"data/africa_full_predictor_data/africa_full_predictor_data_2024-09-06.parquet",279487559
"data/africa_full_predictor_data/africa_full_predictor_data_2024-09-07.parquet",279375565
"data/africa_full_predictor_data/africa_full_predictor_data_2024-09-08.parquet",279560813
"data/africa_full_predictor_data/africa_full_predictor_data_2024-09-09.parquet",279316955
"data/africa_full_predictor_data/africa_full_predictor_data_2024-09-10.parquet",279314176
"data/africa_full_predictor_data/africa_full_predictor_data_2024-09-11.parquet",279454112
"data/africa_full_predictor_data/africa_full_predictor_data_2024-09-12.parquet",279219177
"data/africa_full_predictor_data/africa_full_predictor_data_2024-09-13.parquet",278856498
"data/africa_full_predictor_data/africa_full_predictor_data_2024-09-14.parquet",278923283
"data/africa_full_predictor_data/africa_full_predictor_data_2024-09-15.parquet",279133976
"data/africa_full_predictor_data/africa_full_predictor_data_2024-09-16.parquet",279281480
"data/africa_full_predictor_data/africa_full_predictor_data_2024-09-17.parquet",280258904
"data/africa_full_predictor_data/africa_full_predictor_data_2024-09-18.parquet",279850708
"data/africa_full_predictor_data/africa_full_predictor_data_2024-09-19.parquet",280028286
"data/africa_full_predictor_data/africa_full_predictor_data_2024-09-20.parquet",279910613
"data/africa_full_predictor_data/africa_full_predictor_data_2024-09-21.parquet",279950473
"data/africa_full_predictor_data/africa_full_predictor_data_2024-09-22.parquet",279857238
"data/africa_full_predictor_data/africa_full_predictor_data_2024-09-23.parquet",279705911
"data/africa_full_predictor_data/africa_full_predictor_data_2024-09-24.parquet",279772851
"data/africa_full_predictor_data/africa_full_predictor_data_2024-09-25.parquet",279348482
"data/africa_full_predictor_data/africa_full_predictor_data_2024-09-26.parquet",279814632
"data/africa_full_predictor_data/africa_full_predictor_data_2024-09-27.parquet",280119756
"data/africa_full_predictor_data/africa_full_predictor_data_2024-09-28.parquet",280526182
"data/africa_full_predictor_data/africa_full_predictor_data_2024-09-29.parquet",280149987
"data/africa_full_predictor_data/africa_full_predictor_data_2024-09-30.parquet",280290706
"data/africa_full_predictor_data/africa_full_predictor_data_2024-10-01.parquet",280188491
"data/africa_full_predictor_data/africa_full_predictor_data_2024-10-02.parquet",280284702
"data/africa_full_predictor_data/africa_full_predictor_data_2024-10-03.parquet",280401055
"data/africa_full_predictor_data/africa_full_predictor_data_2024-10-04.parquet",280091831
"data/africa_full_predictor_data/africa_full_predictor_data_2024-10-05.parquet",280667338
"data/africa_full_predictor_data/africa_full_predictor_data_2024-10-06.parquet",280471131
"data/africa_full_predictor_data/africa_full_predictor_data_2024-10-07.parquet",281143495
"data/africa_full_predictor_data/africa_full_predictor_data_2024-10-08.parquet",280362045
"data/africa_full_predictor_data/africa_full_predictor_data_2024-10-09.parquet",280432104
"data/africa_full_predictor_data/africa_full_predictor_data_2024-10-10.parquet",280395280
"data/africa_full_predictor_data/africa_full_predictor_data_2024-10-11.parquet",280207593
"data/africa_full_predictor_data/africa_full_predictor_data_2024-10-12.parquet",280329254
"data/africa_full_predictor_data/africa_full_predictor_data_2024-10-13.parquet",280663420
"data/africa_full_predictor_data/africa_full_predictor_data_2024-10-14.parquet",281312738
"data/africa_full_predictor_data/africa_full_predictor_data_2024-10-15.parquet",280823898
"data/africa_full_predictor_data/africa_full_predictor_data_2024-10-16.parquet",281038141
"data/africa_full_predictor_data/africa_full_predictor_data_2024-10-17.parquet",280467796
"data/africa_full_predictor_data/africa_full_predictor_data_2024-10-18.parquet",280373601
"data/africa_full_predictor_data/africa_full_predictor_data_2024-10-19.parquet",280741936
"data/africa_full_predictor_data/africa_full_predictor_data_2024-10-20.parquet",280894402
"data/africa_full_predictor_data/africa_full_predictor_data_2024-10-21.parquet",280842496
"data/africa_full_predictor_data/africa_full_predictor_data_2024-10-22.parquet",280557749
"data/africa_full_predictor_data/africa_full_predictor_data_2024-10-23.parquet",281484475
"data/africa_full_predictor_data/africa_full_predictor_data_2024-10-24.parquet",280866333
"data/africa_full_predictor_data/africa_full_predictor_data_2024-10-25.parquet",280734862
"data/africa_full_predictor_data/africa_full_predictor_data_2024-10-26.parquet",280936720
"data/africa_full_predictor_data/africa_full_predictor_data_2024-10-27.parquet",281008690
"data/africa_full_predictor_data/africa_full_predictor_data_2024-10-28.parquet",280966940
"data/africa_full_predictor_data/africa_full_predictor_data_2024-10-29.parquet",280864648
"data/africa_full_predictor_data/africa_full_predictor_data_2024-10-30.parquet",280559030
"data/africa_full_predictor_data/africa_full_predictor_data_2024-10-31.parquet",280408582
"data/africa_full_predictor_data/africa_full_predictor_data_2024-11-01.parquet",280348025
"data/africa_full_predictor_data/africa_full_predictor_data_2024-11-02.parquet",280712414
"data/africa_full_predictor_data/africa_full_predictor_data_2024-11-03.parquet",281198777
"data/africa_full_predictor_data/africa_full_predictor_data_2024-11-04.parquet",280637577
"data/africa_full_predictor_data/africa_full_predictor_data_2024-11-05.parquet",280366009
"data/africa_full_predictor_data/africa_full_predictor_data_2024-11-06.parquet",280384019
"data/africa_full_predictor_data/africa_full_predictor_data_2024-11-07.parquet",280331556
"data/africa_full_predictor_data/africa_full_predictor_data_2024-11-08.parquet",280343150
"data/africa_full_predictor_data/africa_full_predictor_data_2024-11-09.parquet",280454822
"data/africa_full_predictor_data/africa_full_predictor_data_2024-11-10.parquet",280294140
"data/africa_full_predictor_data/africa_full_predictor_data_2024-11-11.parquet",279745349
"data/africa_full_predictor_data/africa_full_predictor_data_2024-11-12.parquet",279523580
"data/africa_full_predictor_data/africa_full_predictor_data_2024-11-13.parquet",279718158
"data/africa_full_predictor_data/africa_full_predictor_data_2024-11-14.parquet",280300877
"data/africa_full_predictor_data/africa_full_predictor_data_2024-11-15.parquet",280146974
"data/africa_full_predictor_data/africa_full_predictor_data_2024-11-16.parquet",279586613
"data/africa_full_predictor_data/africa_full_predictor_data_2024-11-17.parquet",279900717
"data/africa_full_predictor_data/africa_full_predictor_data_2024-11-18.parquet",280116885
"data/africa_full_predictor_data/africa_full_predictor_data_2024-11-19.parquet",280113051
"data/africa_full_predictor_data/africa_full_predictor_data_2024-11-20.parquet",280223145
"data/africa_full_predictor_data/africa_full_predictor_data_2024-11-21.parquet",279825240
"data/africa_full_predictor_data/africa_full_predictor_data_2024-11-22.parquet",279725358
"data/africa_full_predictor_data/africa_full_predictor_data_2024-11-23.parquet",279635212
"data/africa_full_predictor_data/africa_full_predictor_data_2024-11-24.parquet",279751783
"data/africa_full_predictor_data/africa_full_predictor_data_2024-11-25.parquet",279689193
"data/africa_full_predictor_data/africa_full_predictor_data_2024-11-26.parquet",279433251
"data/africa_full_predictor_data/africa_full_predictor_data_2024-11-27.parquet",279644719
"data/africa_full_predictor_data/africa_full_predictor_data_2024-11-28.parquet",279619378
"data/africa_full_predictor_data/africa_full_predictor_data_2024-11-29.parquet",279889339
"data/africa_full_predictor_data/africa_full_predictor_data_2024-11-30.parquet",279812904
"data/africa_full_predictor_data/africa_full_predictor_data_2024-12-01.parquet",279745427
"data/africa_full_predictor_data/africa_full_predictor_data_2024-12-02.parquet",279357370
"data/africa_full_predictor_data/africa_full_predictor_data_2024-12-03.parquet",279696501
"data/africa_full_predictor_data/africa_full_predictor_data_2024-12-04.parquet",279490196
"data/africa_full_predictor_data/africa_full_predictor_data_2024-12-05.parquet",279559610
"data/africa_full_predictor_data/africa_full_predictor_data_2024-12-06.parquet",279216859
"data/africa_full_predictor_data/africa_full_predictor_data_2024-12-07.parquet",279344230
"data/africa_full_predictor_data/africa_full_predictor_data_2024-12-08.parquet",279255451
"data/africa_full_predictor_data/africa_full_predictor_data_2024-12-09.parquet",279391311
"data/africa_full_predictor_data/africa_full_predictor_data_2024-12-10.parquet",279014538
"data/africa_full_predictor_data/africa_full_predictor_data_2024-12-11.parquet",278998597
"data/africa_full_predictor_data/africa_full_predictor_data_2024-12-12.parquet",278991932
"data/africa_full_predictor_data/africa_full_predictor_data_2024-12-13.parquet",279483755
"data/africa_full_predictor_data/africa_full_predictor_data_2024-12-14.parquet",279411653
"data/africa_full_predictor_data/africa_full_predictor_data_2024-12-15.parquet",278975032
"data/africa_full_predictor_data/africa_full_predictor_data_2024-12-16.parquet",278590017
"data/africa_full_predictor_data/africa_full_predictor_data_2024-12-17.parquet",278978595
"data/africa_full_predictor_data/africa_full_predictor_data_2024-12-18.parquet",278411351
"data/africa_full_predictor_data/africa_full_predictor_data_2024-12-19.parquet",278815639
"data/africa_full_predictor_data/africa_full_predictor_data_2024-12-20.parquet",279094144
"data/africa_full_predictor_data/africa_full_predictor_data_2024-12-21.parquet",278840547
"data/africa_full_predictor_data/africa_full_predictor_data_2024-12-22.parquet",278805411
"data/africa_full_predictor_data/africa_full_predictor_data_2024-12-23.parquet",278526912
"data/africa_full_predictor_data/africa_full_predictor_data_2024-12-24.parquet",278536485
"data/africa_full_predictor_data/africa_full_predictor_data_2024-12-25.parquet",278811162
"data/africa_full_predictor_data/africa_full_predictor_data_2024-12-26.parquet",278830305
"data/africa_full_predictor_data/africa_full_predictor_data_2024-12-27.parquet",279523504
"data/africa_full_predictor_data/africa_full_predictor_data_2024-12-28.parquet",279136513
"data/africa_full_predictor_data/africa_full_predictor_data_2024-12-29.parquet",278803463
"data/africa_full_predictor_data/africa_full_predictor_data_2024-12-30.parquet",279012769
"data/africa_full_predictor_data/africa_full_predictor_data_2024-12-31.parquet",274780687
"data/africa_full_predictor_data/africa_full_predictor_data_2025-01-01.parquet",279320967
"data/africa_full_predictor_data/africa_full_predictor_data_2025-01-02.parquet",278891242
"data/africa_full_predictor_data/africa_full_predictor_data_2025-01-03.parquet",279060823
"data/africa_full_predictor_data/africa_full_predictor_data_2025-01-04.parquet",279433425
"data/africa_full_predictor_data/africa_full_predictor_data_2025-01-05.parquet",279451575
"data/africa_full_predictor_data/africa_full_predictor_data_2025-01-06.parquet",279596325
"data/africa_full_predictor_data/africa_full_predictor_data_2025-01-07.parquet",279420799
"data/africa_full_predictor_data/africa_full_predictor_data_2025-01-08.parquet",279910144
"data/africa_full_predictor_data/africa_full_predictor_data_2025-01-09.parquet",279605478
"data/africa_full_predictor_data/africa_full_predictor_data_2025-01-10.parquet",279444768
"data/africa_full_predictor_data/africa_full_predictor_data_2025-01-11.parquet",279003124
"data/africa_full_predictor_data/africa_full_predictor_data_2025-01-12.parquet",279123627
"data/africa_full_predictor_data/africa_full_predictor_data_2025-01-13.parquet",279031209
"data/africa_full_predictor_data/africa_full_predictor_data_2025-01-14.parquet",278886332
"data/africa_full_predictor_data/africa_full_predictor_data_2025-01-15.parquet",279465690
"data/africa_full_predictor_data/africa_full_predictor_data_2025-01-16.parquet",279495824
"data/africa_full_predictor_data/africa_full_predictor_data_2025-01-17.parquet",280149122
"data/africa_full_predictor_data/africa_full_predictor_data_2025-01-18.parquet",280456268
"data/africa_full_predictor_data/africa_full_predictor_data_2025-01-19.parquet",280154675
"data/africa_full_predictor_data/africa_full_predictor_data_2025-01-20.parquet",279986438
"data/africa_full_predictor_data/africa_full_predictor_data_2025-01-21.parquet",280247140
"data/africa_full_predictor_data/africa_full_predictor_data_2025-01-22.parquet",279622455
"data/africa_full_predictor_data/africa_full_predictor_data_2025-01-23.parquet",279473167
"data/africa_full_predictor_data/africa_full_predictor_data_2025-01-24.parquet",279438161
"data/africa_full_predictor_data/africa_full_predictor_data_2025-01-25.parquet",279706550
"data/africa_full_predictor_data/africa_full_predictor_data_2025-01-26.parquet",280066839
"data/africa_full_predictor_data/africa_full_predictor_data_2025-01-27.parquet",280434774
"data/africa_full_predictor_data/africa_full_predictor_data_2025-01-28.parquet",280234593
"data/africa_full_predictor_data/africa_full_predictor_data_2025-01-29.parquet",279723920
"data/africa_full_predictor_data/africa_full_predictor_data_2025-01-30.parquet",279627921
"data/africa_full_predictor_data/africa_full_predictor_data_2025-01-31.parquet",279812140
"data/africa_full_predictor_data/africa_full_predictor_data_2025-02-01.parquet",279730752
"data/africa_full_predictor_data/africa_full_predictor_data_2025-02-02.parquet",280093904
"data/africa_full_predictor_data/africa_full_predictor_data_2025-02-03.parquet",280068903
"data/africa_full_predictor_data/africa_full_predictor_data_2025-02-04.parquet",279454708
"data/africa_full_predictor_data/africa_full_predictor_data_2025-02-05.parquet",279680305
"data/africa_full_predictor_data/africa_full_predictor_data_2025-02-06.parquet",280106520
"data/africa_full_predictor_data/africa_full_predictor_data_2025-02-07.parquet",280421624
"data/africa_full_predictor_data/africa_full_predictor_data_2025-02-08.parquet",279938660
"data/africa_full_predictor_data/africa_full_predictor_data_2025-02-09.parquet",279975465
"data/africa_full_predictor_data/africa_full_predictor_data_2025-02-10.parquet",279777535
"data/africa_full_predictor_data/africa_full_predictor_data_2025-02-11.parquet",280059231
"data/africa_full_predictor_data/africa_full_predictor_data_2025-02-12.parquet",280359341
"data/africa_full_predictor_data/africa_full_predictor_data_2025-02-13.parquet",280361637
"data/africa_full_predictor_data/africa_full_predictor_data_2025-02-14.parquet",280734865
"data/africa_full_predictor_data/africa_full_predictor_data_2025-02-15.parquet",280509562
"data/africa_full_predictor_data/africa_full_predictor_data_2025-02-16.parquet",280647430
"data/africa_full_predictor_data/africa_full_predictor_data_2025-02-17.parquet",280615624
"data/africa_full_predictor_data/africa_full_predictor_data_2025-02-18.parquet",280392924
"data/africa_full_predictor_data/africa_full_predictor_data_2025-02-19.parquet",280311021
"data/africa_full_predictor_data/africa_full_predictor_data_2025-02-20.parquet",280910116
"data/africa_full_predictor_data/africa_full_predictor_data_2025-02-21.parquet",280190324
"data/africa_full_predictor_data/africa_full_predictor_data_2025-02-22.parquet",280359880
"data/africa_full_predictor_data/africa_full_predictor_data_2025-02-23.parquet",280476774
"data/africa_full_predictor_data/africa_full_predictor_data_2025-02-24.parquet",281015450
"data/africa_full_predictor_data/africa_full_predictor_data_2025-02-25.parquet",280675994
"data/africa_full_predictor_data/africa_full_predictor_data_2025-02-26.parquet",279706165
"data/africa_full_predictor_data/africa_full_predictor_data_2025-02-27.parquet",279940115
"data/africa_full_predictor_data/africa_full_predictor_data_2025-02-28.parquet",280258926
"data/africa_full_predictor_data/africa_full_predictor_data_2025-03-01.parquet",280291980
"data/africa_full_predictor_data/africa_full_predictor_data_2025-03-02.parquet",280002617
"data/africa_full_predictor_data/africa_full_predictor_data_2025-03-03.parquet",280189265
"data/africa_full_predictor_data/africa_full_predictor_data_2025-03-04.parquet",280267891
"data/africa_full_predictor_data/africa_full_predictor_data_2025-03-05.parquet",280911075
"data/africa_full_predictor_data/africa_full_predictor_data_2025-03-06.parquet",280298202
"data/africa_full_predictor_data/africa_full_predictor_data_2025-03-07.parquet",280747843
"data/africa_full_predictor_data/africa_full_predictor_data_2025-03-08.parquet",280432443
"data/africa_full_predictor_data/africa_full_predictor_data_2025-03-09.parquet",280844646
"data/africa_full_predictor_data/africa_full_predictor_data_2025-03-10.parquet",281285741
"data/africa_full_predictor_data/africa_full_predictor_data_2025-03-11.parquet",280895036
"data/africa_full_predictor_data/africa_full_predictor_data_2025-03-12.parquet",280879240
"data/africa_full_predictor_data/africa_full_predictor_data_2025-03-13.parquet",280910041
"data/africa_full_predictor_data/africa_full_predictor_data_2025-03-14.parquet",280695256
"data/africa_full_predictor_data/africa_full_predictor_data_2025-03-15.parquet",280826220
"data/africa_full_predictor_data/africa_full_predictor_data_2025-03-16.parquet",280979509
"data/africa_full_predictor_data/africa_full_predictor_data_2025-03-17.parquet",280477571
"data/africa_full_predictor_data/africa_full_predictor_data_2025-03-18.parquet",280785273
"data/africa_full_predictor_data/africa_full_predictor_data_2025-03-19.parquet",281045171
"data/africa_full_predictor_data/africa_full_predictor_data_2025-03-20.parquet",281281799
"data/africa_full_predictor_data/africa_full_predictor_data_2025-03-21.parquet",281157206
"data/africa_full_predictor_data/africa_full_predictor_data_2025-03-22.parquet",281039850
"data/africa_full_predictor_data/africa_full_predictor_data_2025-03-23.parquet",281095039
"data/africa_full_predictor_data/africa_full_predictor_data_2025-03-24.parquet",281088791
"data/africa_full_predictor_data/africa_full_predictor_data_2025-03-25.parquet",281186227
"data/africa_full_predictor_data/africa_full_predictor_data_2025-03-26.parquet",281200035
"data/africa_full_predictor_data/africa_full_predictor_data_2025-03-27.parquet",281100551
"data/africa_full_predictor_data/africa_full_predictor_data_2025-03-28.parquet",281249038
"data/africa_full_predictor_data/africa_full_predictor_data_2025-03-29.parquet",281176029
"data/africa_full_predictor_data/africa_full_predictor_data_2025-03-30.parquet",281322880
"data/africa_full_predictor_data/africa_full_predictor_data_2025-03-31.parquet",281127610
"data/africa_full_predictor_data/africa_full_predictor_data_2025-04-01.parquet",280968613
"data/africa_full_predictor_data/africa_full_predictor_data_2025-04-02.parquet",280385459
"data/africa_full_predictor_data/africa_full_predictor_data_2025-04-03.parquet",280626825
"data/africa_full_predictor_data/africa_full_predictor_data_2025-04-04.parquet",280992972
"data/africa_full_predictor_data/africa_full_predictor_data_2025-04-05.parquet",280806624
"data/africa_full_predictor_data/africa_full_predictor_data_2025-04-06.parquet",281417988
"data/africa_full_predictor_data/africa_full_predictor_data_2025-04-07.parquet",280915581
"data/africa_full_predictor_data/africa_full_predictor_data_2025-04-08.parquet",281615567
"data/africa_full_predictor_data/africa_full_predictor_data_2025-04-09.parquet",281422185
"data/africa_full_predictor_data/africa_full_predictor_data_2025-04-10.parquet",281961531
"data/africa_full_predictor_data/africa_full_predictor_data_2025-04-11.parquet",280986474
"data/africa_full_predictor_data/africa_full_predictor_data_2025-04-12.parquet",281513525
"data/africa_full_predictor_data/africa_full_predictor_data_2025-04-13.parquet",281399122
"data/africa_full_predictor_data/africa_full_predictor_data_2025-04-14.parquet",281724073
"data/africa_full_predictor_data/africa_full_predictor_data_2025-04-15.parquet",281767375
"data/africa_full_predictor_data/africa_full_predictor_data_2025-04-16.parquet",281111564
"data/africa_full_predictor_data/africa_full_predictor_data_2025-04-17.parquet",281029241
"data/africa_full_predictor_data/africa_full_predictor_data_2025-04-18.parquet",281507847
"data/africa_full_predictor_data/africa_full_predictor_data_2025-04-19.parquet",281364771
"data/africa_full_predictor_data/africa_full_predictor_data_2025-04-20.parquet",281008461
"data/africa_full_predictor_data/africa_full_predictor_data_2025-04-21.parquet",281400068
"data/africa_full_predictor_data/africa_full_predictor_data_2025-04-22.parquet",281532430
"data/africa_full_predictor_data/africa_full_predictor_data_2025-04-23.parquet",281672184
"data/africa_full_predictor_data/africa_full_predictor_data_2025-04-24.parquet",281867393
"data/africa_full_predictor_data/africa_full_predictor_data_2025-04-25.parquet",282081240
"data/africa_full_predictor_data/africa_full_predictor_data_2025-04-26.parquet",281923222
"data/africa_full_predictor_data/africa_full_predictor_data_2025-04-27.parquet",281559376
"data/africa_full_predictor_data/africa_full_predictor_data_2025-04-28.parquet",281621219
"data/africa_full_predictor_data/africa_full_predictor_data_2025-04-29.parquet",281926505
"data/africa_full_predictor_data/africa_full_predictor_data_2025-04-30.parquet",282182044
"data/africa_full_predictor_data/africa_full_predictor_data_2025-05-01.parquet",282196822
"data/africa_full_predictor_data/africa_full_predictor_data_2025-05-02.parquet",281550251
"data/africa_full_predictor_data/africa_full_predictor_data_2025-05-03.parquet",281910856
"data/africa_full_predictor_data/africa_full_predictor_data_2025-05-04.parquet",281755661
"data/africa_full_predictor_data/africa_full_predictor_data_2025-05-05.parquet",281613025
"data/africa_full_predictor_data/africa_full_predictor_data_2025-05-06.parquet",281360527
"data/africa_full_predictor_data/africa_full_predictor_data_2025-05-07.parquet",281980546
"data/africa_full_predictor_data/africa_full_predictor_data_2025-05-08.parquet",282294696
"data/africa_full_predictor_data/africa_full_predictor_data_2025-05-09.parquet",281703936
"data/africa_full_predictor_data/africa_full_predictor_data_2025-05-10.parquet",281693768
"data/africa_full_predictor_data/africa_full_predictor_data_2025-05-11.parquet",281249303
"data/africa_full_predictor_data/africa_full_predictor_data_2025-05-12.parquet",281420200
"data/africa_full_predictor_data/africa_full_predictor_data_2025-05-13.parquet",281353328
"data/africa_full_predictor_data/africa_full_predictor_data_2025-05-14.parquet",281599816
"data/africa_full_predictor_data/africa_full_predictor_data_2025-05-15.parquet",281555740
"data/africa_full_predictor_data/africa_full_predictor_data_2025-05-16.parquet",281125267
"data/africa_full_predictor_data/africa_full_predictor_data_2025-05-17.parquet",281408731
"data/africa_full_predictor_data/africa_full_predictor_data_2025-05-18.parquet",281053851
"data/africa_full_predictor_data/africa_full_predictor_data_2025-05-19.parquet",280841934
"data/africa_full_predictor_data/africa_full_predictor_data_2025-05-20.parquet",280910651
"data/africa_full_predictor_data/africa_full_predictor_data_2025-05-21.parquet",280788021
"data/africa_full_predictor_data/africa_full_predictor_data_2025-05-22.parquet",281004277
"data/africa_full_predictor_data/africa_full_predictor_data_2025-05-23.parquet",280437219
"data/africa_full_predictor_data/africa_full_predictor_data_2025-05-24.parquet",280840352
"data/africa_full_predictor_data/africa_full_predictor_data_2025-05-25.parquet",280915706
"data/africa_full_predictor_data/africa_full_predictor_data_2025-05-26.parquet",280632691
"data/africa_full_predictor_data/africa_full_predictor_data_2025-05-27.parquet",281523646
"data/africa_full_predictor_data/africa_full_predictor_data_2025-05-28.parquet",281298500
"data/africa_full_predictor_data/africa_full_predictor_data_2025-05-29.parquet",280978269
"data/africa_full_predictor_data/africa_full_predictor_data_2025-05-30.parquet",281063480
"data/africa_full_predictor_data/africa_full_predictor_data_2025-05-31.parquet",280134581
"data/africa_full_predictor_data/africa_full_predictor_data_2025-06-01.parquet",279186421
"data/africa_full_predictor_data/africa_full_predictor_data_2025-06-02.parquet",279294008
"data/africa_full_predictor_data/africa_full_predictor_data_2025-06-03.parquet",279342810
"data/africa_full_predictor_data/africa_full_predictor_data_2025-06-04.parquet",279084221
"data/africa_full_predictor_data/africa_full_predictor_data_2025-06-05.parquet",279245424
"data/africa_full_predictor_data/africa_full_predictor_data_2025-06-06.parquet",279473306
"data/africa_full_predictor_data/africa_full_predictor_data_2025-06-07.parquet",279782342
"data/africa_full_predictor_data/africa_full_predictor_data_2025-06-08.parquet",279338664
"data/africa_full_predictor_data/africa_full_predictor_data_2025-06-09.parquet",279275994
"data/africa_full_predictor_data/africa_full_predictor_data_2025-06-10.parquet",278907837
"data/africa_full_predictor_data/africa_full_predictor_data_2025-06-11.parquet",279003549
"data/africa_full_predictor_data/africa_full_predictor_data_2025-06-12.parquet",278756005
"data/africa_full_predictor_data/africa_full_predictor_data_2025-06-13.parquet",278856719
"data/africa_full_predictor_data/africa_full_predictor_data_2025-06-14.parquet",279030411
"data/africa_full_predictor_data/africa_full_predictor_data_2025-06-15.parquet",278528661
"data/africa_full_predictor_data/africa_full_predictor_data_2025-06-16.parquet",277801430
"data/africa_full_predictor_data/africa_full_predictor_data_2025-06-17.parquet",278304799
"data/africa_full_predictor_data/africa_full_predictor_data_2025-06-18.parquet",278691436
"data/africa_full_predictor_data/africa_full_predictor_data_2025-06-19.parquet",278238825
"data/africa_full_predictor_data/africa_full_predictor_data_2025-06-20.parquet",278007242
"data/africa_full_predictor_data/africa_full_predictor_data_2025-06-21.parquet",278612977
"data/africa_full_predictor_data/africa_full_predictor_data_2025-06-22.parquet",277935672
"data/africa_full_predictor_data/africa_full_predictor_data_2025-06-23.parquet",278337229
"data/africa_full_predictor_data/africa_full_predictor_data_2025-06-24.parquet",278139183
"data/africa_full_predictor_data/africa_full_predictor_data_2025-06-25.parquet",278281317
"data/africa_full_predictor_data/africa_full_predictor_data_2025-06-26.parquet",278607567
"data/africa_full_predictor_data/africa_full_predictor_data_2025-06-27.parquet",277941159
"data/africa_full_predictor_data/africa_full_predictor_data_2025-06-28.parquet",278067103
"data/africa_full_predictor_data/africa_full_predictor_data_2025-06-29.parquet",278173209
"data/africa_full_predictor_data/africa_full_predictor_data_2025-06-30.parquet",278284236
"data/africa_full_predictor_data/africa_full_predictor_data_2025-07-01.parquet",277522804
"data/africa_full_predictor_data/africa_full_predictor_data_2025-07-02.parquet",277145575
"data/africa_full_predictor_data/africa_full_predictor_data_2025-07-03.parquet",276935259
"data/africa_full_predictor_data/africa_full_predictor_data_2025-07-04.parquet",276813455
"data/africa_full_predictor_data/africa_full_predictor_data_2025-07-05.parquet",277165773
"data/africa_full_predictor_data/africa_full_predictor_data_2025-07-06.parquet",277223116
"data/africa_full_predictor_data/africa_full_predictor_data_2025-07-07.parquet",277657627
"data/africa_full_predictor_data/africa_full_predictor_data_2025-07-08.parquet",277767593
"data/africa_full_predictor_data/africa_full_predictor_data_2025-07-09.parquet",277518171
"data/africa_full_predictor_data/africa_full_predictor_data_2025-07-10.parquet",277281273
"data/africa_full_predictor_data/africa_full_predictor_data_2025-07-11.parquet",277393603
"data/africa_full_predictor_data/africa_full_predictor_data_2025-07-12.parquet",1614
"data/africa_full_predictor_data/africa_full_predictor_data_2025-07-13.parquet",1614
"data/africa_full_predictor_data/africa_full_predictor_data_2025-07-14.parquet",1614
"data/africa_full_predictor_data/africa_full_predictor_data_2025-07-15.parquet",1614
"data/africa_full_predictor_data/africa_full_predictor_data_2025-07-16.parquet",1614
"data/africa_full_predictor_data/africa_full_predictor_data_2025-07-17.parquet",1614
"data/africa_full_predictor_data/africa_full_predictor_data_2025-07-18.parquet",1614
"data/africa_full_predictor_data/africa_full_predictor_data_2025-07-19.parquet",1614
"data/africa_full_predictor_data/africa_full_predictor_data_2025-07-20.parquet",1614
"data/africa_full_predictor_data/africa_full_predictor_data_2025-07-21.parquet",1614
"data/africa_full_predictor_data/africa_full_predictor_data_2025-07-22.parquet",1614
"data/africa_full_predictor_data/africa_full_predictor_data_2025-07-23.parquet",1614
"data/africa_full_predictor_data/africa_full_predictor_data_2025-07-24.parquet",1614
"data/africa_full_predictor_data/africa_full_predictor_data_2025-07-25.parquet",1614
"data/africa_full_predictor_data/africa_full_predictor_data_2025-07-26.parquet",1614
"data/africa_full_predictor_data/africa_full_predictor_data_2025-07-27.parquet",1614
"data/africa_full_predictor_data/africa_full_predictor_data_2025-07-28.parquet",1614
"data/africa_full_predictor_data/africa_full_predictor_data_2025-07-29.parquet",1614
"data/africa_full_predictor_data/africa_full_predictor_data_2025-07-30.parquet",1614
"data/africa_full_predictor_data/africa_full_predictor_data_2025-07-31.parquet",1614
"data/africa_full_predictor_data/africa_full_predictor_data_2025-08-01.parquet",1614
"data/africa_full_predictor_data/africa_full_predictor_data_2025-08-02.parquet",1614
"data/africa_full_predictor_data/africa_full_predictor_data_2025-08-03.parquet",1614
"data/africa_full_predictor_data/africa_full_predictor_data_2025-08-04.parquet",1614
"data/africa_full_predictor_data/africa_full_predictor_data_2025-08-05.parquet",1614
"data/africa_full_predictor_data/africa_full_predictor_data_2025-08-06.parquet",1614
"data/africa_full_predictor_data/africa_full_predictor_data_2025-08-07.parquet",1614
"data/africa_full_predictor_data/africa_full_predictor_data_2025-08-08.parquet",1614
"data/africa_full_predictor_data/africa_full_predictor_data_2025-08-09.parquet",1614
"data/africa_full_predictor_data/africa_full_predictor_data_2025-08-10.parquet",1614
"data/africa_full_predictor_data/africa_full_predictor_data_2025-08-11.parquet",1614
"data/africa_full_predictor_data/africa_full_predictor_data_2025-08-12.parquet",1614
"data/africa_full_predictor_data/africa_full_predictor_data_2025-08-13.parquet",1614
"data/africa_full_predictor_data/africa_full_predictor_data_2025-08-14.parquet",1614
"data/africa_full_predictor_data/africa_full_predictor_data_2025-08-15.parquet",1614
"data/africa_full_predictor_data/africa_full_predictor_data_2025-08-16.parquet",1614
"data/africa_full_predictor_data/africa_full_predictor_data_2025-08-17.parquet",1614
"data/africa_full_predictor_data/africa_full_predictor_data_2025-08-18.parquet",1614
"data/africa_full_predictor_data/africa_full_predictor_data_2025-08-19.parquet",1614
"data/africa_full_predictor_data/africa_full_predictor_data_2025-08-20.parquet",1614
"data/africa_full_predictor_data/africa_full_predictor_data_2025-08-21.parquet",1614
"data/africa_full_predictor_data/africa_full_predictor_data_2025-08-22.parquet",1614
"data/africa_full_predictor_data/africa_full_predictor_data_2025-08-23.parquet",1614
"data/africa_full_predictor_data/africa_full_predictor_data_2025-08-24.parquet",1614
"data/africa_full_predictor_data/africa_full_predictor_data_2025-08-25.parquet",1614
"data/africa_full_predictor_data/africa_full_predictor_data_2025-08-26.parquet",1614
"data/africa_full_predictor_data/africa_full_predictor_data_2025-08-27.parquet",1614
"data/africa_full_predictor_data/africa_full_predictor_data_2025-08-28.parquet",1614
"data/africa_full_predictor_data/africa_full_predictor_data_2025-08-29.parquet",1614
"data/africa_full_predictor_data/africa_full_predictor_data_2025-08-30.parquet",1614
"data/africa_full_predictor_data/africa_full_predictor_data_2025-08-31.parquet",1614
"data/africa_full_predictor_data/africa_full_predictor_data_2025-09-01.parquet",1614
"data/africa_full_predictor_data/africa_full_predictor_data_2025-09-02.parquet",1614
"data/africa_full_predictor_data/africa_full_predictor_data_2025-09-03.parquet",1614
"data/africa_full_predictor_data/africa_full_predictor_data_2025-09-04.parquet",1614
"data/africa_full_predictor_data/africa_full_predictor_data_2025-09-05.parquet",1614
"data/africa_full_predictor_data/africa_full_predictor_data_2025-09-06.parquet",1614
"data/africa_full_predictor_data/africa_full_predictor_data_2025-09-07.parquet",1614
"data/africa_full_predictor_data/africa_full_predictor_data_2025-09-08.parquet",1614
"data/africa_full_predictor_data/africa_full_predictor_data_2025-09-09.parquet",1614
"data/africa_full_predictor_data/africa_full_predictor_data_2025-09-10.parquet",1614
"data/africa_full_predictor_data/africa_full_predictor_data_2025-09-11.parquet",1614
"data/africa_full_predictor_data/africa_full_predictor_data_2025-09-12.parquet",1614
"data/africa_full_predictor_data/africa_full_predictor_data_2025-09-13.parquet",1614
"data/africa_full_predictor_data/africa_full_predictor_data_2025-09-14.parquet",1614
"data/africa_full_predictor_data/africa_full_predictor_data_2025-09-15.parquet",1614
"data/africa_full_predictor_data/africa_full_predictor_data_2025-09-16.parquet",1614
"data/africa_full_predictor_data/africa_full_predictor_data_2025-09-17.parquet",1614
"data/africa_full_predictor_data/africa_full_predictor_data_2025-09-18.parquet",1614
"data/africa_full_predictor_data/africa_full_predictor_data_2025-09-19.parquet",1614
"data/africa_full_predictor_data/africa_full_predictor_data_2025-09-20.parquet",1614
"data/africa_full_predictor_data/africa_full_predictor_data_2025-09-21.parquet",1614
"data/africa_full_predictor_data/africa_full_predictor_data_2025-09-22.parquet",1614
"data/africa_full_predictor_data/africa_full_predictor_data_2025-09-23.parquet",1614
